id,export_config_id:id,sequence,name,export_type,size,decimal_size,alignment,apply_sign,negative_sign,positive_sign,bool_no,bool_yes,expression,fixed_value,conditional_expression,repeat_expression,subconfig_id/id
aeat_mod369_2022_sub05_export_line_01,aeat_mod369_2022_sub05_export_config,1,Constante: <T,string,2,0,left,1,N,0, ,X,,"<T",,,
aeat_mod369_2022_sub05_export_line_02,aeat_mod369_2022_sub05_export_config,2,Modelo: 369,string,3,0,left,1,N,0, ,X,,"369",,,
aeat_mod369_2022_sub05_export_line_03,aeat_mod369_2022_sub05_export_config,3,Constante: 05,string,2,0,left,1,N,0, ,X,,"05",,,
aeat_mod369_2022_sub05_export_line_04,aeat_mod369_2022_sub05_export_config,4,Constante: >,string,1,0,left,1,N,0, ,X,,">",,,
aeat_mod369_2022_sub05_export_line_05,aeat_mod369_2022_sub05_export_config,5,Complementaria,string,1,0,left,1,N,0, ,X,,,,,
aeat_mod369_2022_sub05_export_line_06,aeat_mod369_2022_sub05_export_config,6,4. Entregas de bienes expedidos o transportados desde EMID España. Código País EM de consumo. 1,string,2,0,left,1,N,0, ,X,${object.spain_goods_line_ids.filtered(lambda l: l.base > 0)[0].country_code if len(object.spain_goods_line_ids.filtered(lambda l: l.base > 0)) >= 1 else False},,,,
aeat_mod369_2022_sub05_export_line_07,aeat_mod369_2022_sub05_export_config,7,4. Entregas de bienes expedidos o transportados desde EMID España. Tipo (%) de IVA. 1,string,5,2,right,1,N,0, ,X,${object.spain_goods_line_ids.filtered(lambda l: l.base > 0)[0].vat_type_str if len(object.spain_goods_line_ids.filtered(lambda l: l.base > 0)) >= 1 else False},,,,
aeat_mod369_2022_sub05_export_line_08,aeat_mod369_2022_sub05_export_config,8,4. Entregas de bienes expedidos o transportados desde EMID España. Tipo IVA.. 1,string,1,0,left,1,N,0, ,X,${object.spain_goods_line_ids.filtered(lambda l: l.base > 0)[0].tax_id.tax_reduction_type if len(object.spain_goods_line_ids.filtered(lambda l: l.base > 0)) >= 1 else False},,,,
aeat_mod369_2022_sub05_export_line_09,aeat_mod369_2022_sub05_export_config,9,4. Entregas de bienes expedidos o transportados desde EMID España. Base imponible (€). 1,string,17,2,right,1,N,0, ,X,${object.spain_goods_line_ids.filtered(lambda l: l.base > 0)[0].base_str if len(object.spain_goods_line_ids.filtered(lambda l: l.base > 0)) >= 1 else False},,,,
aeat_mod369_2022_sub05_export_line_10,aeat_mod369_2022_sub05_export_config,10,4. Entregas de bienes expedidos o transportados desde EMID España. Cuota IVA (€). 1,string,17,2,right,1,N,0, ,X,${object.spain_goods_line_ids.filtered(lambda l: l.base > 0)[0].amount_str if len(object.spain_goods_line_ids.filtered(lambda l: l.base > 0)) >= 1 else False},,,,
aeat_mod369_2022_sub05_export_line_11,aeat_mod369_2022_sub05_export_config,11,4. Entregas de bienes expedidos o transportados desde EMID España. Código País EM de consumo. 2,string,2,0,left,1,N,0, ,X,${object.spain_goods_line_ids.filtered(lambda l: l.base > 0)[1].country_code if len(object.spain_goods_line_ids.filtered(lambda l: l.base > 0)) >= 2 else False},,,,
aeat_mod369_2022_sub05_export_line_12,aeat_mod369_2022_sub05_export_config,12,4. Entregas de bienes expedidos o transportados desde EMID España. Tipo (%) de IVA. 2,string,5,2,right,1,N,0, ,X,${object.spain_goods_line_ids.filtered(lambda l: l.base > 0)[1].vat_type_str if len(object.spain_goods_line_ids.filtered(lambda l: l.base > 0)) >= 2 else False},,,,
aeat_mod369_2022_sub05_export_line_13,aeat_mod369_2022_sub05_export_config,13,4. Entregas de bienes expedidos o transportados desde EMID España. Tipo IVA.. 2,string,1,0,left,1,N,0, ,X,${object.spain_goods_line_ids.filtered(lambda l: l.base > 0)[1].tax_id.tax_reduction_type if len(object.spain_goods_line_ids.filtered(lambda l: l.base > 0)) >= 2 else False},,,,
aeat_mod369_2022_sub05_export_line_14,aeat_mod369_2022_sub05_export_config,14,4. Entregas de bienes expedidos o transportados desde EMID España. Base imponible (€). 2,string,17,2,right,1,N,0, ,X,${object.spain_goods_line_ids.filtered(lambda l: l.base > 0)[1].base_str if len(object.spain_goods_line_ids.filtered(lambda l: l.base > 0)) >= 2 else False},,,,
aeat_mod369_2022_sub05_export_line_15,aeat_mod369_2022_sub05_export_config,15,4. Entregas de bienes expedidos o transportados desde EMID España. Cuota IVA (€). 2,string,17,2,right,1,N,0, ,X,${object.spain_goods_line_ids.filtered(lambda l: l.base > 0)[1].amount_str if len(object.spain_goods_line_ids.filtered(lambda l: l.base > 0)) >= 2 else False},,,,
aeat_mod369_2022_sub05_export_line_16,aeat_mod369_2022_sub05_export_config,16,4. Entregas de bienes expedidos o transportados desde EMID España. Código País EM de consumo. 3,string,2,0,left,1,N,0, ,X,${object.spain_goods_line_ids.filtered(lambda l: l.base > 0)[2].country_code if len(object.spain_goods_line_ids.filtered(lambda l: l.base > 0)) >= 3 else False},,,,
aeat_mod369_2022_sub05_export_line_17,aeat_mod369_2022_sub05_export_config,17,4. Entregas de bienes expedidos o transportados desde EMID España. Tipo (%) de IVA. 3,string,5,2,right,1,N,0, ,X,${object.spain_goods_line_ids.filtered(lambda l: l.base > 0)[2].vat_type_str if len(object.spain_goods_line_ids.filtered(lambda l: l.base > 0)) >= 3 else False},,,,
aeat_mod369_2022_sub05_export_line_18,aeat_mod369_2022_sub05_export_config,18,4. Entregas de bienes expedidos o transportados desde EMID España. Tipo IVA.. 3,string,1,0,left,1,N,0, ,X,${object.spain_goods_line_ids.filtered(lambda l: l.base > 0)[2].tax_id.tax_reduction_type if len(object.spain_goods_line_ids.filtered(lambda l: l.base > 0)) >= 3 else False},,,,
aeat_mod369_2022_sub05_export_line_19,aeat_mod369_2022_sub05_export_config,19,4. Entregas de bienes expedidos o transportados desde EMID España. Base imponible (€). 3,string,17,2,right,1,N,0, ,X,${object.spain_goods_line_ids.filtered(lambda l: l.base > 0)[2].base_str if len(object.spain_goods_line_ids.filtered(lambda l: l.base > 0)) >= 3 else False},,,,
aeat_mod369_2022_sub05_export_line_20,aeat_mod369_2022_sub05_export_config,20,4. Entregas de bienes expedidos o transportados desde EMID España. Cuota IVA (€). 3,string,17,2,right,1,N,0, ,X,${object.spain_goods_line_ids.filtered(lambda l: l.base > 0)[2].amount_str if len(object.spain_goods_line_ids.filtered(lambda l: l.base > 0)) >= 3 else False},,,,
aeat_mod369_2022_sub05_export_line_21,aeat_mod369_2022_sub05_export_config,21,4. Entregas de bienes expedidos o transportados desde EMID España. Código País EM de consumo. 4,string,2,0,left,1,N,0, ,X,${object.spain_goods_line_ids.filtered(lambda l: l.base > 0)[3].country_code if len(object.spain_goods_line_ids.filtered(lambda l: l.base > 0)) >= 4 else False},,,,
aeat_mod369_2022_sub05_export_line_22,aeat_mod369_2022_sub05_export_config,22,4. Entregas de bienes expedidos o transportados desde EMID España. Tipo (%) de IVA. 4,string,5,2,right,1,N,0, ,X,${object.spain_goods_line_ids.filtered(lambda l: l.base > 0)[3].vat_type_str if len(object.spain_goods_line_ids.filtered(lambda l: l.base > 0)) >= 4 else False},,,,
aeat_mod369_2022_sub05_export_line_23,aeat_mod369_2022_sub05_export_config,23,4. Entregas de bienes expedidos o transportados desde EMID España. Tipo IVA.. 4,string,1,0,left,1,N,0, ,X,${object.spain_goods_line_ids.filtered(lambda l: l.base > 0)[3].tax_id.tax_reduction_type if len(object.spain_goods_line_ids.filtered(lambda l: l.base > 0)) >= 4 else False},,,,
aeat_mod369_2022_sub05_export_line_24,aeat_mod369_2022_sub05_export_config,24,4. Entregas de bienes expedidos o transportados desde EMID España. Base imponible (€). 4,string,17,2,right,1,N,0, ,X,${object.spain_goods_line_ids.filtered(lambda l: l.base > 0)[3].base_str if len(object.spain_goods_line_ids.filtered(lambda l: l.base > 0)) >= 4 else False},,,,
aeat_mod369_2022_sub05_export_line_25,aeat_mod369_2022_sub05_export_config,25,4. Entregas de bienes expedidos o transportados desde EMID España. Cuota IVA (€). 4,string,17,2,right,1,N,0, ,X,${object.spain_goods_line_ids.filtered(lambda l: l.base > 0)[3].amount_str if len(object.spain_goods_line_ids.filtered(lambda l: l.base > 0)) >= 4 else False},,,,
aeat_mod369_2022_sub05_export_line_26,aeat_mod369_2022_sub05_export_config,26,4. Entregas de bienes expedidos o transportados desde EMID España. Código País EM de consumo. 5,string,2,0,left,1,N,0, ,X,${object.spain_goods_line_ids.filtered(lambda l: l.base > 0)[4].country_code if len(object.spain_goods_line_ids.filtered(lambda l: l.base > 0)) >= 5 else False},,,,
aeat_mod369_2022_sub05_export_line_27,aeat_mod369_2022_sub05_export_config,27,4. Entregas de bienes expedidos o transportados desde EMID España. Tipo (%) de IVA. 5,string,5,2,right,1,N,0, ,X,${object.spain_goods_line_ids.filtered(lambda l: l.base > 0)[4].vat_type_str if len(object.spain_goods_line_ids.filtered(lambda l: l.base > 0)) >= 5 else False},,,,
aeat_mod369_2022_sub05_export_line_28,aeat_mod369_2022_sub05_export_config,28,4. Entregas de bienes expedidos o transportados desde EMID España. Tipo IVA.. 5,string,1,0,left,1,N,0, ,X,${object.spain_goods_line_ids.filtered(lambda l: l.base > 0)[4].tax_id.tax_reduction_type if len(object.spain_goods_line_ids.filtered(lambda l: l.base > 0)) >= 5 else False},,,,
aeat_mod369_2022_sub05_export_line_29,aeat_mod369_2022_sub05_export_config,29,4. Entregas de bienes expedidos o transportados desde EMID España. Base imponible (€). 5,string,17,2,right,1,N,0, ,X,${object.spain_goods_line_ids.filtered(lambda l: l.base > 0)[4].base_str if len(object.spain_goods_line_ids.filtered(lambda l: l.base > 0)) >= 5 else False},,,,
aeat_mod369_2022_sub05_export_line_30,aeat_mod369_2022_sub05_export_config,30,4. Entregas de bienes expedidos o transportados desde EMID España. Cuota IVA (€). 5,string,17,2,right,1,N,0, ,X,${object.spain_goods_line_ids.filtered(lambda l: l.base > 0)[4].amount_str if len(object.spain_goods_line_ids.filtered(lambda l: l.base > 0)) >= 5 else False},,,,
aeat_mod369_2022_sub05_export_line_31,aeat_mod369_2022_sub05_export_config,31,4. Entregas de bienes expedidos o transportados desde EMID España. Código País EM de consumo. 6,string,2,0,left,1,N,0, ,X,${object.spain_goods_line_ids.filtered(lambda l: l.base > 0)[5].country_code if len(object.spain_goods_line_ids.filtered(lambda l: l.base > 0)) >= 6 else False},,,,
aeat_mod369_2022_sub05_export_line_32,aeat_mod369_2022_sub05_export_config,32,4. Entregas de bienes expedidos o transportados desde EMID España. Tipo (%) de IVA. 6,string,5,2,right,1,N,0, ,X,${object.spain_goods_line_ids.filtered(lambda l: l.base > 0)[5].vat_type_str if len(object.spain_goods_line_ids.filtered(lambda l: l.base > 0)) >= 6 else False},,,,
aeat_mod369_2022_sub05_export_line_33,aeat_mod369_2022_sub05_export_config,33,4. Entregas de bienes expedidos o transportados desde EMID España. Tipo IVA.. 6,string,1,0,left,1,N,0, ,X,${object.spain_goods_line_ids.filtered(lambda l: l.base > 0)[5].tax_id.tax_reduction_type if len(object.spain_goods_line_ids.filtered(lambda l: l.base > 0)) >= 6 else False},,,,
aeat_mod369_2022_sub05_export_line_34,aeat_mod369_2022_sub05_export_config,34,4. Entregas de bienes expedidos o transportados desde EMID España. Base imponible (€). 6,string,17,2,right,1,N,0, ,X,${object.spain_goods_line_ids.filtered(lambda l: l.base > 0)[5].base_str if len(object.spain_goods_line_ids.filtered(lambda l: l.base > 0)) >= 6 else False},,,,
aeat_mod369_2022_sub05_export_line_35,aeat_mod369_2022_sub05_export_config,35,4. Entregas de bienes expedidos o transportados desde EMID España. Cuota IVA (€). 6,string,17,2,right,1,N,0, ,X,${object.spain_goods_line_ids.filtered(lambda l: l.base > 0)[5].amount_str if len(object.spain_goods_line_ids.filtered(lambda l: l.base > 0)) >= 6 else False},,,,
aeat_mod369_2022_sub05_export_line_36,aeat_mod369_2022_sub05_export_config,36,4. Entregas de bienes expedidos o transportados desde EMID España. Código País EM de consumo. 7,string,2,0,left,1,N,0, ,X,${object.spain_goods_line_ids.filtered(lambda l: l.base > 0)[6].country_code if len(object.spain_goods_line_ids.filtered(lambda l: l.base > 0)) >= 7 else False},,,,
aeat_mod369_2022_sub05_export_line_37,aeat_mod369_2022_sub05_export_config,37,4. Entregas de bienes expedidos o transportados desde EMID España. Tipo (%) de IVA. 7,string,5,2,right,1,N,0, ,X,${object.spain_goods_line_ids.filtered(lambda l: l.base > 0)[6].vat_type_str if len(object.spain_goods_line_ids.filtered(lambda l: l.base > 0)) >= 7 else False},,,,
aeat_mod369_2022_sub05_export_line_38,aeat_mod369_2022_sub05_export_config,38,4. Entregas de bienes expedidos o transportados desde EMID España. Tipo IVA.. 7,string,1,0,left,1,N,0, ,X,${object.spain_goods_line_ids.filtered(lambda l: l.base > 0)[6].tax_id.tax_reduction_type if len(object.spain_goods_line_ids.filtered(lambda l: l.base > 0)) >= 7 else False},,,,
aeat_mod369_2022_sub05_export_line_39,aeat_mod369_2022_sub05_export_config,39,4. Entregas de bienes expedidos o transportados desde EMID España. Base imponible (€). 7,string,17,2,right,1,N,0, ,X,${object.spain_goods_line_ids.filtered(lambda l: l.base > 0)[6].base_str if len(object.spain_goods_line_ids.filtered(lambda l: l.base > 0)) >= 7 else False},,,,
aeat_mod369_2022_sub05_export_line_40,aeat_mod369_2022_sub05_export_config,40,4. Entregas de bienes expedidos o transportados desde EMID España. Cuota IVA (€). 7,string,17,2,right,1,N,0, ,X,${object.spain_goods_line_ids.filtered(lambda l: l.base > 0)[6].amount_str if len(object.spain_goods_line_ids.filtered(lambda l: l.base > 0)) >= 7 else False},,,,
aeat_mod369_2022_sub05_export_line_41,aeat_mod369_2022_sub05_export_config,41,4. Entregas de bienes expedidos o transportados desde EMID España. Código País EM de consumo. 8,string,2,0,left,1,N,0, ,X,${object.spain_goods_line_ids.filtered(lambda l: l.base > 0)[7].country_code if len(object.spain_goods_line_ids.filtered(lambda l: l.base > 0)) >= 8 else False},,,,
aeat_mod369_2022_sub05_export_line_42,aeat_mod369_2022_sub05_export_config,42,4. Entregas de bienes expedidos o transportados desde EMID España. Tipo (%) de IVA. 8,string,5,2,right,1,N,0, ,X,${object.spain_goods_line_ids.filtered(lambda l: l.base > 0)[7].vat_type_str if len(object.spain_goods_line_ids.filtered(lambda l: l.base > 0)) >= 8 else False},,,,
aeat_mod369_2022_sub05_export_line_43,aeat_mod369_2022_sub05_export_config,43,4. Entregas de bienes expedidos o transportados desde EMID España. Tipo IVA.. 8,string,1,0,left,1,N,0, ,X,${object.spain_goods_line_ids.filtered(lambda l: l.base > 0)[7].tax_id.tax_reduction_type if len(object.spain_goods_line_ids.filtered(lambda l: l.base > 0)) >= 8 else False},,,,
aeat_mod369_2022_sub05_export_line_44,aeat_mod369_2022_sub05_export_config,44,4. Entregas de bienes expedidos o transportados desde EMID España. Base imponible (€). 8,string,17,2,right,1,N,0, ,X,${object.spain_goods_line_ids.filtered(lambda l: l.base > 0)[7].base_str if len(object.spain_goods_line_ids.filtered(lambda l: l.base > 0)) >= 8 else False},,,,
aeat_mod369_2022_sub05_export_line_45,aeat_mod369_2022_sub05_export_config,45,4. Entregas de bienes expedidos o transportados desde EMID España. Cuota IVA (€). 8,string,17,2,right,1,N,0, ,X,${object.spain_goods_line_ids.filtered(lambda l: l.base > 0)[7].amount_str if len(object.spain_goods_line_ids.filtered(lambda l: l.base > 0)) >= 8 else False},,,,
aeat_mod369_2022_sub05_export_line_46,aeat_mod369_2022_sub05_export_config,46,4. Entregas de bienes expedidos o transportados desde EMID España. Código País EM de consumo. 9,string,2,0,left,1,N,0, ,X,${object.spain_goods_line_ids.filtered(lambda l: l.base > 0)[8].country_code if len(object.spain_goods_line_ids.filtered(lambda l: l.base > 0)) >= 9 else False},,,,
aeat_mod369_2022_sub05_export_line_47,aeat_mod369_2022_sub05_export_config,47,4. Entregas de bienes expedidos o transportados desde EMID España. Tipo (%) de IVA. 9,string,5,2,right,1,N,0, ,X,${object.spain_goods_line_ids.filtered(lambda l: l.base > 0)[8].vat_type_str if len(object.spain_goods_line_ids.filtered(lambda l: l.base > 0)) >= 9 else False},,,,
aeat_mod369_2022_sub05_export_line_48,aeat_mod369_2022_sub05_export_config,48,4. Entregas de bienes expedidos o transportados desde EMID España. Tipo IVA.. 9,string,1,0,left,1,N,0, ,X,${object.spain_goods_line_ids.filtered(lambda l: l.base > 0)[8].tax_id.tax_reduction_type if len(object.spain_goods_line_ids.filtered(lambda l: l.base > 0)) >= 9 else False},,,,
aeat_mod369_2022_sub05_export_line_49,aeat_mod369_2022_sub05_export_config,49,4. Entregas de bienes expedidos o transportados desde EMID España. Base imponible (€). 9,string,17,2,right,1,N,0, ,X,${object.spain_goods_line_ids.filtered(lambda l: l.base > 0)[8].base_str if len(object.spain_goods_line_ids.filtered(lambda l: l.base > 0)) >= 9 else False},,,,
aeat_mod369_2022_sub05_export_line_50,aeat_mod369_2022_sub05_export_config,50,4. Entregas de bienes expedidos o transportados desde EMID España. Cuota IVA (€). 9,string,17,2,right,1,N,0, ,X,${object.spain_goods_line_ids.filtered(lambda l: l.base > 0)[8].amount_str if len(object.spain_goods_line_ids.filtered(lambda l: l.base > 0)) >= 9 else False},,,,
aeat_mod369_2022_sub05_export_line_51,aeat_mod369_2022_sub05_export_config,51,4. Entregas de bienes expedidos o transportados desde EMID España. Código País EM de consumo. 10,string,2,0,left,1,N,0, ,X,${object.spain_goods_line_ids.filtered(lambda l: l.base > 0)[9].country_code if len(object.spain_goods_line_ids.filtered(lambda l: l.base > 0)) >= 10 else False},,,,
aeat_mod369_2022_sub05_export_line_52,aeat_mod369_2022_sub05_export_config,52,4. Entregas de bienes expedidos o transportados desde EMID España. Tipo (%) de IVA. 10,string,5,2,right,1,N,0, ,X,${object.spain_goods_line_ids.filtered(lambda l: l.base > 0)[9].vat_type_str if len(object.spain_goods_line_ids.filtered(lambda l: l.base > 0)) >= 10 else False},,,,
aeat_mod369_2022_sub05_export_line_53,aeat_mod369_2022_sub05_export_config,53,4. Entregas de bienes expedidos o transportados desde EMID España. Tipo IVA.. 10,string,1,0,left,1,N,0, ,X,${object.spain_goods_line_ids.filtered(lambda l: l.base > 0)[9].tax_id.tax_reduction_type if len(object.spain_goods_line_ids.filtered(lambda l: l.base > 0)) >= 10 else False},,,,
aeat_mod369_2022_sub05_export_line_54,aeat_mod369_2022_sub05_export_config,54,4. Entregas de bienes expedidos o transportados desde EMID España. Base imponible (€). 10,string,17,2,right,1,N,0, ,X,${object.spain_goods_line_ids.filtered(lambda l: l.base > 0)[9].base_str if len(object.spain_goods_line_ids.filtered(lambda l: l.base > 0)) >= 10 else False},,,,
aeat_mod369_2022_sub05_export_line_55,aeat_mod369_2022_sub05_export_config,55,4. Entregas de bienes expedidos o transportados desde EMID España. Cuota IVA (€). 10,string,17,2,right,1,N,0, ,X,${object.spain_goods_line_ids.filtered(lambda l: l.base > 0)[9].amount_str if len(object.spain_goods_line_ids.filtered(lambda l: l.base > 0)) >= 10 else False},,,,
aeat_mod369_2022_sub05_export_line_56,aeat_mod369_2022_sub05_export_config,56,4. Entregas de bienes expedidos o transportados desde EMID España. Código País EM de consumo. 11,string,2,0,left,1,N,0, ,X,${object.spain_goods_line_ids.filtered(lambda l: l.base > 0)[10].country_code if len(object.spain_goods_line_ids.filtered(lambda l: l.base > 0)) >= 11 else False},,,,
aeat_mod369_2022_sub05_export_line_57,aeat_mod369_2022_sub05_export_config,57,4. Entregas de bienes expedidos o transportados desde EMID España. Tipo (%) de IVA. 11,string,5,2,right,1,N,0, ,X,${object.spain_goods_line_ids.filtered(lambda l: l.base > 0)[10].vat_type_str if len(object.spain_goods_line_ids.filtered(lambda l: l.base > 0)) >= 11 else False},,,,
aeat_mod369_2022_sub05_export_line_58,aeat_mod369_2022_sub05_export_config,58,4. Entregas de bienes expedidos o transportados desde EMID España. Tipo IVA.. 11,string,1,0,left,1,N,0, ,X,${object.spain_goods_line_ids.filtered(lambda l: l.base > 0)[10].tax_id.tax_reduction_type if len(object.spain_goods_line_ids.filtered(lambda l: l.base > 0)) >= 11 else False},,,,
aeat_mod369_2022_sub05_export_line_59,aeat_mod369_2022_sub05_export_config,59,4. Entregas de bienes expedidos o transportados desde EMID España. Base imponible (€). 11,string,17,2,right,1,N,0, ,X,${object.spain_goods_line_ids.filtered(lambda l: l.base > 0)[10].base_str if len(object.spain_goods_line_ids.filtered(lambda l: l.base > 0)) >= 11 else False},,,,
aeat_mod369_2022_sub05_export_line_60,aeat_mod369_2022_sub05_export_config,60,4. Entregas de bienes expedidos o transportados desde EMID España. Cuota IVA (€). 11,string,17,2,right,1,N,0, ,X,${object.spain_goods_line_ids.filtered(lambda l: l.base > 0)[10].amount_str if len(object.spain_goods_line_ids.filtered(lambda l: l.base > 0)) >= 11 else False},,,,
aeat_mod369_2022_sub05_export_line_61,aeat_mod369_2022_sub05_export_config,61,4. Entregas de bienes expedidos o transportados desde EMID España. Código País EM de consumo. 12,string,2,0,left,1,N,0, ,X,${object.spain_goods_line_ids.filtered(lambda l: l.base > 0)[11].country_code if len(object.spain_goods_line_ids.filtered(lambda l: l.base > 0)) >= 12 else False},,,,
aeat_mod369_2022_sub05_export_line_62,aeat_mod369_2022_sub05_export_config,62,4. Entregas de bienes expedidos o transportados desde EMID España. Tipo (%) de IVA. 12,string,5,2,right,1,N,0, ,X,${object.spain_goods_line_ids.filtered(lambda l: l.base > 0)[11].vat_type_str if len(object.spain_goods_line_ids.filtered(lambda l: l.base > 0)) >= 12 else False},,,,
aeat_mod369_2022_sub05_export_line_63,aeat_mod369_2022_sub05_export_config,63,4. Entregas de bienes expedidos o transportados desde EMID España. Tipo IVA.. 12,string,1,0,left,1,N,0, ,X,${object.spain_goods_line_ids.filtered(lambda l: l.base > 0)[11].tax_id.tax_reduction_type if len(object.spain_goods_line_ids.filtered(lambda l: l.base > 0)) >= 12 else False},,,,
aeat_mod369_2022_sub05_export_line_64,aeat_mod369_2022_sub05_export_config,64,4. Entregas de bienes expedidos o transportados desde EMID España. Base imponible (€). 12,string,17,2,right,1,N,0, ,X,${object.spain_goods_line_ids.filtered(lambda l: l.base > 0)[11].base_str if len(object.spain_goods_line_ids.filtered(lambda l: l.base > 0)) >= 12 else False},,,,
aeat_mod369_2022_sub05_export_line_65,aeat_mod369_2022_sub05_export_config,65,4. Entregas de bienes expedidos o transportados desde EMID España. Cuota IVA (€). 12,string,17,2,right,1,N,0, ,X,${object.spain_goods_line_ids.filtered(lambda l: l.base > 0)[11].amount_str if len(object.spain_goods_line_ids.filtered(lambda l: l.base > 0)) >= 12 else False},,,,
aeat_mod369_2022_sub05_export_line_66,aeat_mod369_2022_sub05_export_config,66,4. Entregas de bienes expedidos o transportados desde EMID España. Código País EM de consumo. 13,string,2,0,left,1,N,0, ,X,${object.spain_goods_line_ids.filtered(lambda l: l.base > 0)[12].country_code if len(object.spain_goods_line_ids.filtered(lambda l: l.base > 0)) >= 13 else False},,,,
aeat_mod369_2022_sub05_export_line_67,aeat_mod369_2022_sub05_export_config,67,4. Entregas de bienes expedidos o transportados desde EMID España. Tipo (%) de IVA. 13,string,5,2,right,1,N,0, ,X,${object.spain_goods_line_ids.filtered(lambda l: l.base > 0)[12].vat_type_str if len(object.spain_goods_line_ids.filtered(lambda l: l.base > 0)) >= 13 else False},,,,
aeat_mod369_2022_sub05_export_line_68,aeat_mod369_2022_sub05_export_config,68,4. Entregas de bienes expedidos o transportados desde EMID España. Tipo IVA.. 13,string,1,0,left,1,N,0, ,X,${object.spain_goods_line_ids.filtered(lambda l: l.base > 0)[12].tax_id.tax_reduction_type if len(object.spain_goods_line_ids.filtered(lambda l: l.base > 0)) >= 13 else False},,,,
aeat_mod369_2022_sub05_export_line_69,aeat_mod369_2022_sub05_export_config,69,4. Entregas de bienes expedidos o transportados desde EMID España. Base imponible (€). 13,string,17,2,right,1,N,0, ,X,${object.spain_goods_line_ids.filtered(lambda l: l.base > 0)[12].base_str if len(object.spain_goods_line_ids.filtered(lambda l: l.base > 0)) >= 13 else False},,,,
aeat_mod369_2022_sub05_export_line_70,aeat_mod369_2022_sub05_export_config,70,4. Entregas de bienes expedidos o transportados desde EMID España. Cuota IVA (€). 13,string,17,2,right,1,N,0, ,X,${object.spain_goods_line_ids.filtered(lambda l: l.base > 0)[12].amount_str if len(object.spain_goods_line_ids.filtered(lambda l: l.base > 0)) >= 13 else False},,,,
aeat_mod369_2022_sub05_export_line_71,aeat_mod369_2022_sub05_export_config,71,4. Entregas de bienes expedidos o transportados desde EMID España. Código País EM de consumo. 14,string,2,0,left,1,N,0, ,X,${object.spain_goods_line_ids.filtered(lambda l: l.base > 0)[13].country_code if len(object.spain_goods_line_ids.filtered(lambda l: l.base > 0)) >= 14 else False},,,,
aeat_mod369_2022_sub05_export_line_72,aeat_mod369_2022_sub05_export_config,72,4. Entregas de bienes expedidos o transportados desde EMID España. Tipo (%) de IVA. 14,string,5,2,right,1,N,0, ,X,${object.spain_goods_line_ids.filtered(lambda l: l.base > 0)[13].vat_type_str if len(object.spain_goods_line_ids.filtered(lambda l: l.base > 0)) >= 14 else False},,,,
aeat_mod369_2022_sub05_export_line_73,aeat_mod369_2022_sub05_export_config,73,4. Entregas de bienes expedidos o transportados desde EMID España. Tipo IVA.. 14,string,1,0,left,1,N,0, ,X,${object.spain_goods_line_ids.filtered(lambda l: l.base > 0)[13].tax_id.tax_reduction_type if len(object.spain_goods_line_ids.filtered(lambda l: l.base > 0)) >= 14 else False},,,,
aeat_mod369_2022_sub05_export_line_74,aeat_mod369_2022_sub05_export_config,74,4. Entregas de bienes expedidos o transportados desde EMID España. Base imponible (€). 14,string,17,2,right,1,N,0, ,X,${object.spain_goods_line_ids.filtered(lambda l: l.base > 0)[13].base_str if len(object.spain_goods_line_ids.filtered(lambda l: l.base > 0)) >= 14 else False},,,,
aeat_mod369_2022_sub05_export_line_75,aeat_mod369_2022_sub05_export_config,75,4. Entregas de bienes expedidos o transportados desde EMID España. Cuota IVA (€). 14,string,17,2,right,1,N,0, ,X,${object.spain_goods_line_ids.filtered(lambda l: l.base > 0)[13].amount_str if len(object.spain_goods_line_ids.filtered(lambda l: l.base > 0)) >= 14 else False},,,,
aeat_mod369_2022_sub05_export_line_76,aeat_mod369_2022_sub05_export_config,76,4. Entregas de bienes expedidos o transportados desde EMID España. Código País EM de consumo. 15,string,2,0,left,1,N,0, ,X,${object.spain_goods_line_ids.filtered(lambda l: l.base > 0)[14].country_code if len(object.spain_goods_line_ids.filtered(lambda l: l.base > 0)) >= 15 else False},,,,
aeat_mod369_2022_sub05_export_line_77,aeat_mod369_2022_sub05_export_config,77,4. Entregas de bienes expedidos o transportados desde EMID España. Tipo (%) de IVA. 15,string,5,2,right,1,N,0, ,X,${object.spain_goods_line_ids.filtered(lambda l: l.base > 0)[14].vat_type_str if len(object.spain_goods_line_ids.filtered(lambda l: l.base > 0)) >= 15 else False},,,,
aeat_mod369_2022_sub05_export_line_78,aeat_mod369_2022_sub05_export_config,78,4. Entregas de bienes expedidos o transportados desde EMID España. Tipo IVA.. 15,string,1,0,left,1,N,0, ,X,${object.spain_goods_line_ids.filtered(lambda l: l.base > 0)[14].tax_id.tax_reduction_type if len(object.spain_goods_line_ids.filtered(lambda l: l.base > 0)) >= 15 else False},,,,
aeat_mod369_2022_sub05_export_line_79,aeat_mod369_2022_sub05_export_config,79,4. Entregas de bienes expedidos o transportados desde EMID España. Base imponible (€). 15,string,17,2,right,1,N,0, ,X,${object.spain_goods_line_ids.filtered(lambda l: l.base > 0)[14].base_str if len(object.spain_goods_line_ids.filtered(lambda l: l.base > 0)) >= 15 else False},,,,
aeat_mod369_2022_sub05_export_line_80,aeat_mod369_2022_sub05_export_config,80,4. Entregas de bienes expedidos o transportados desde EMID España. Cuota IVA (€). 15,string,17,2,right,1,N,0, ,X,${object.spain_goods_line_ids.filtered(lambda l: l.base > 0)[14].amount_str if len(object.spain_goods_line_ids.filtered(lambda l: l.base > 0)) >= 15 else False},,,,
aeat_mod369_2022_sub05_export_line_81,aeat_mod369_2022_sub05_export_config,81,4. Entregas de bienes expedidos o transportados desde EMID España. Código País EM de consumo. 16,string,2,0,left,1,N,0, ,X,${object.spain_goods_line_ids.filtered(lambda l: l.base > 0)[15].country_code if len(object.spain_goods_line_ids.filtered(lambda l: l.base > 0)) >= 16 else False},,,,
aeat_mod369_2022_sub05_export_line_82,aeat_mod369_2022_sub05_export_config,82,4. Entregas de bienes expedidos o transportados desde EMID España. Tipo (%) de IVA. 16,string,5,2,right,1,N,0, ,X,${object.spain_goods_line_ids.filtered(lambda l: l.base > 0)[15].vat_type_str if len(object.spain_goods_line_ids.filtered(lambda l: l.base > 0)) >= 16 else False},,,,
aeat_mod369_2022_sub05_export_line_83,aeat_mod369_2022_sub05_export_config,83,4. Entregas de bienes expedidos o transportados desde EMID España. Tipo IVA.. 16,string,1,0,left,1,N,0, ,X,${object.spain_goods_line_ids.filtered(lambda l: l.base > 0)[15].tax_id.tax_reduction_type if len(object.spain_goods_line_ids.filtered(lambda l: l.base > 0)) >= 16 else False},,,,
aeat_mod369_2022_sub05_export_line_84,aeat_mod369_2022_sub05_export_config,84,4. Entregas de bienes expedidos o transportados desde EMID España. Base imponible (€). 16,string,17,2,right,1,N,0, ,X,${object.spain_goods_line_ids.filtered(lambda l: l.base > 0)[15].base_str if len(object.spain_goods_line_ids.filtered(lambda l: l.base > 0)) >= 16 else False},,,,
aeat_mod369_2022_sub05_export_line_85,aeat_mod369_2022_sub05_export_config,85,4. Entregas de bienes expedidos o transportados desde EMID España. Cuota IVA (€). 16,string,17,2,right,1,N,0, ,X,${object.spain_goods_line_ids.filtered(lambda l: l.base > 0)[15].amount_str if len(object.spain_goods_line_ids.filtered(lambda l: l.base > 0)) >= 16 else False},,,,
aeat_mod369_2022_sub05_export_line_86,aeat_mod369_2022_sub05_export_config,86,4. Entregas de bienes expedidos o transportados desde EMID España. Código País EM de consumo. 17,string,2,0,left,1,N,0, ,X,${object.spain_goods_line_ids.filtered(lambda l: l.base > 0)[16].country_code if len(object.spain_goods_line_ids.filtered(lambda l: l.base > 0)) >= 17 else False},,,,
aeat_mod369_2022_sub05_export_line_87,aeat_mod369_2022_sub05_export_config,87,4. Entregas de bienes expedidos o transportados desde EMID España. Tipo (%) de IVA. 17,string,5,2,right,1,N,0, ,X,${object.spain_goods_line_ids.filtered(lambda l: l.base > 0)[16].vat_type_str if len(object.spain_goods_line_ids.filtered(lambda l: l.base > 0)) >= 17 else False},,,,
aeat_mod369_2022_sub05_export_line_88,aeat_mod369_2022_sub05_export_config,88,4. Entregas de bienes expedidos o transportados desde EMID España. Tipo IVA.. 17,string,1,0,left,1,N,0, ,X,${object.spain_goods_line_ids.filtered(lambda l: l.base > 0)[16].tax_id.tax_reduction_type if len(object.spain_goods_line_ids.filtered(lambda l: l.base > 0)) >= 17 else False},,,,
aeat_mod369_2022_sub05_export_line_89,aeat_mod369_2022_sub05_export_config,89,4. Entregas de bienes expedidos o transportados desde EMID España. Base imponible (€). 17,string,17,2,right,1,N,0, ,X,${object.spain_goods_line_ids.filtered(lambda l: l.base > 0)[16].base_str if len(object.spain_goods_line_ids.filtered(lambda l: l.base > 0)) >= 17 else False},,,,
aeat_mod369_2022_sub05_export_line_90,aeat_mod369_2022_sub05_export_config,90,4. Entregas de bienes expedidos o transportados desde EMID España. Cuota IVA (€). 17,string,17,2,right,1,N,0, ,X,${object.spain_goods_line_ids.filtered(lambda l: l.base > 0)[16].amount_str if len(object.spain_goods_line_ids.filtered(lambda l: l.base > 0)) >= 17 else False},,,,
aeat_mod369_2022_sub05_export_line_91,aeat_mod369_2022_sub05_export_config,91,4. Entregas de bienes expedidos o transportados desde EMID España. Código País EM de consumo. 18,string,2,0,left,1,N,0, ,X,${object.spain_goods_line_ids.filtered(lambda l: l.base > 0)[17].country_code if len(object.spain_goods_line_ids.filtered(lambda l: l.base > 0)) >= 18 else False},,,,
aeat_mod369_2022_sub05_export_line_92,aeat_mod369_2022_sub05_export_config,92,4. Entregas de bienes expedidos o transportados desde EMID España. Tipo (%) de IVA. 18,string,5,2,right,1,N,0, ,X,${object.spain_goods_line_ids.filtered(lambda l: l.base > 0)[17].vat_type_str if len(object.spain_goods_line_ids.filtered(lambda l: l.base > 0)) >= 18 else False},,,,
aeat_mod369_2022_sub05_export_line_93,aeat_mod369_2022_sub05_export_config,93,4. Entregas de bienes expedidos o transportados desde EMID España. Tipo IVA.. 18,string,1,0,left,1,N,0, ,X,${object.spain_goods_line_ids.filtered(lambda l: l.base > 0)[17].tax_id.tax_reduction_type if len(object.spain_goods_line_ids.filtered(lambda l: l.base > 0)) >= 18 else False},,,,
aeat_mod369_2022_sub05_export_line_94,aeat_mod369_2022_sub05_export_config,94,4. Entregas de bienes expedidos o transportados desde EMID España. Base imponible (€). 18,string,17,2,right,1,N,0, ,X,${object.spain_goods_line_ids.filtered(lambda l: l.base > 0)[17].base_str if len(object.spain_goods_line_ids.filtered(lambda l: l.base > 0)) >= 18 else False},,,,
aeat_mod369_2022_sub05_export_line_95,aeat_mod369_2022_sub05_export_config,95,4. Entregas de bienes expedidos o transportados desde EMID España. Cuota IVA (€). 18,string,17,2,right,1,N,0, ,X,${object.spain_goods_line_ids.filtered(lambda l: l.base > 0)[17].amount_str if len(object.spain_goods_line_ids.filtered(lambda l: l.base > 0)) >= 18 else False},,,,
aeat_mod369_2022_sub05_export_line_96,aeat_mod369_2022_sub05_export_config,96,4. Entregas de bienes expedidos o transportados desde EMID España. Código País EM de consumo. 19,string,2,0,left,1,N,0, ,X,${object.spain_goods_line_ids.filtered(lambda l: l.base > 0)[18].country_code if len(object.spain_goods_line_ids.filtered(lambda l: l.base > 0)) >= 19 else False},,,,
aeat_mod369_2022_sub05_export_line_97,aeat_mod369_2022_sub05_export_config,97,4. Entregas de bienes expedidos o transportados desde EMID España. Tipo (%) de IVA. 19,string,5,2,right,1,N,0, ,X,${object.spain_goods_line_ids.filtered(lambda l: l.base > 0)[18].vat_type_str if len(object.spain_goods_line_ids.filtered(lambda l: l.base > 0)) >= 19 else False},,,,
aeat_mod369_2022_sub05_export_line_98,aeat_mod369_2022_sub05_export_config,98,4. Entregas de bienes expedidos o transportados desde EMID España. Tipo IVA.. 19,string,1,0,left,1,N,0, ,X,${object.spain_goods_line_ids.filtered(lambda l: l.base > 0)[18].tax_id.tax_reduction_type if len(object.spain_goods_line_ids.filtered(lambda l: l.base > 0)) >= 19 else False},,,,
aeat_mod369_2022_sub05_export_line_99,aeat_mod369_2022_sub05_export_config,99,4. Entregas de bienes expedidos o transportados desde EMID España. Base imponible (€). 19,string,17,2,right,1,N,0, ,X,${object.spain_goods_line_ids.filtered(lambda l: l.base > 0)[18].base_str if len(object.spain_goods_line_ids.filtered(lambda l: l.base > 0)) >= 19 else False},,,,
aeat_mod369_2022_sub05_export_line_100,aeat_mod369_2022_sub05_export_config,100,4. Entregas de bienes expedidos o transportados desde EMID España. Cuota IVA (€). 19,string,17,2,right,1,N,0, ,X,${object.spain_goods_line_ids.filtered(lambda l: l.base > 0)[18].amount_str if len(object.spain_goods_line_ids.filtered(lambda l: l.base > 0)) >= 19 else False},,,,
aeat_mod369_2022_sub05_export_line_101,aeat_mod369_2022_sub05_export_config,101,4. Entregas de bienes expedidos o transportados desde EMID España. Código País EM de consumo. 20,string,2,0,left,1,N,0, ,X,${object.spain_goods_line_ids.filtered(lambda l: l.base > 0)[19].country_code if len(object.spain_goods_line_ids.filtered(lambda l: l.base > 0)) >= 20 else False},,,,
aeat_mod369_2022_sub05_export_line_102,aeat_mod369_2022_sub05_export_config,102,4. Entregas de bienes expedidos o transportados desde EMID España. Tipo (%) de IVA. 20,string,5,2,right,1,N,0, ,X,${object.spain_goods_line_ids.filtered(lambda l: l.base > 0)[19].vat_type_str if len(object.spain_goods_line_ids.filtered(lambda l: l.base > 0)) >= 20 else False},,,,
aeat_mod369_2022_sub05_export_line_103,aeat_mod369_2022_sub05_export_config,103,4. Entregas de bienes expedidos o transportados desde EMID España. Tipo IVA.. 20,string,1,0,left,1,N,0, ,X,${object.spain_goods_line_ids.filtered(lambda l: l.base > 0)[19].tax_id.tax_reduction_type if len(object.spain_goods_line_ids.filtered(lambda l: l.base > 0)) >= 20 else False},,,,
aeat_mod369_2022_sub05_export_line_104,aeat_mod369_2022_sub05_export_config,104,4. Entregas de bienes expedidos o transportados desde EMID España. Base imponible (€). 20,string,17,2,right,1,N,0, ,X,${object.spain_goods_line_ids.filtered(lambda l: l.base > 0)[19].base_str if len(object.spain_goods_line_ids.filtered(lambda l: l.base > 0)) >= 20 else False},,,,
aeat_mod369_2022_sub05_export_line_105,aeat_mod369_2022_sub05_export_config,105,4. Entregas de bienes expedidos o transportados desde EMID España. Cuota IVA (€). 20,string,17,2,right,1,N,0, ,X,${object.spain_goods_line_ids.filtered(lambda l: l.base > 0)[19].amount_str if len(object.spain_goods_line_ids.filtered(lambda l: l.base > 0)) >= 20 else False},,,,
aeat_mod369_2022_sub05_export_line_106,aeat_mod369_2022_sub05_export_config,106,4. Entregas de bienes expedidos o transportados desde EMID España. Código País EM de consumo. 21,string,2,0,left,1,N,0, ,X,${object.spain_goods_line_ids.filtered(lambda l: l.base > 0)[20].country_code if len(object.spain_goods_line_ids.filtered(lambda l: l.base > 0)) >= 21 else False},,,,
aeat_mod369_2022_sub05_export_line_107,aeat_mod369_2022_sub05_export_config,107,4. Entregas de bienes expedidos o transportados desde EMID España. Tipo (%) de IVA. 21,string,5,2,right,1,N,0, ,X,${object.spain_goods_line_ids.filtered(lambda l: l.base > 0)[20].vat_type_str if len(object.spain_goods_line_ids.filtered(lambda l: l.base > 0)) >= 21 else False},,,,
aeat_mod369_2022_sub05_export_line_108,aeat_mod369_2022_sub05_export_config,108,4. Entregas de bienes expedidos o transportados desde EMID España. Tipo IVA.. 21,string,1,0,left,1,N,0, ,X,${object.spain_goods_line_ids.filtered(lambda l: l.base > 0)[20].tax_id.tax_reduction_type if len(object.spain_goods_line_ids.filtered(lambda l: l.base > 0)) >= 21 else False},,,,
aeat_mod369_2022_sub05_export_line_109,aeat_mod369_2022_sub05_export_config,109,4. Entregas de bienes expedidos o transportados desde EMID España. Base imponible (€). 21,string,17,2,right,1,N,0, ,X,${object.spain_goods_line_ids.filtered(lambda l: l.base > 0)[20].base_str if len(object.spain_goods_line_ids.filtered(lambda l: l.base > 0)) >= 21 else False},,,,
aeat_mod369_2022_sub05_export_line_110,aeat_mod369_2022_sub05_export_config,110,4. Entregas de bienes expedidos o transportados desde EMID España. Cuota IVA (€). 21,string,17,2,right,1,N,0, ,X,${object.spain_goods_line_ids.filtered(lambda l: l.base > 0)[20].amount_str if len(object.spain_goods_line_ids.filtered(lambda l: l.base > 0)) >= 21 else False},,,,
aeat_mod369_2022_sub05_export_line_111,aeat_mod369_2022_sub05_export_config,111,4. Entregas de bienes expedidos o transportados desde EMID España. Código País EM de consumo. 22,string,2,0,left,1,N,0, ,X,${object.spain_goods_line_ids.filtered(lambda l: l.base > 0)[21].country_code if len(object.spain_goods_line_ids.filtered(lambda l: l.base > 0)) >= 22 else False},,,,
aeat_mod369_2022_sub05_export_line_112,aeat_mod369_2022_sub05_export_config,112,4. Entregas de bienes expedidos o transportados desde EMID España. Tipo (%) de IVA. 22,string,5,2,right,1,N,0, ,X,${object.spain_goods_line_ids.filtered(lambda l: l.base > 0)[21].vat_type_str if len(object.spain_goods_line_ids.filtered(lambda l: l.base > 0)) >= 22 else False},,,,
aeat_mod369_2022_sub05_export_line_113,aeat_mod369_2022_sub05_export_config,113,4. Entregas de bienes expedidos o transportados desde EMID España. Tipo IVA.. 22,string,1,0,left,1,N,0, ,X,${object.spain_goods_line_ids.filtered(lambda l: l.base > 0)[21].tax_id.tax_reduction_type if len(object.spain_goods_line_ids.filtered(lambda l: l.base > 0)) >= 22 else False},,,,
aeat_mod369_2022_sub05_export_line_114,aeat_mod369_2022_sub05_export_config,114,4. Entregas de bienes expedidos o transportados desde EMID España. Base imponible (€). 22,string,17,2,right,1,N,0, ,X,${object.spain_goods_line_ids.filtered(lambda l: l.base > 0)[21].base_str if len(object.spain_goods_line_ids.filtered(lambda l: l.base > 0)) >= 22 else False},,,,
aeat_mod369_2022_sub05_export_line_115,aeat_mod369_2022_sub05_export_config,115,4. Entregas de bienes expedidos o transportados desde EMID España. Cuota IVA (€). 22,string,17,2,right,1,N,0, ,X,${object.spain_goods_line_ids.filtered(lambda l: l.base > 0)[21].amount_str if len(object.spain_goods_line_ids.filtered(lambda l: l.base > 0)) >= 22 else False},,,,
aeat_mod369_2022_sub05_export_line_116,aeat_mod369_2022_sub05_export_config,116,4. Entregas de bienes expedidos o transportados desde EMID España. Código País EM de consumo. 23,string,2,0,left,1,N,0, ,X,${object.spain_goods_line_ids.filtered(lambda l: l.base > 0)[22].country_code if len(object.spain_goods_line_ids.filtered(lambda l: l.base > 0)) >= 23 else False},,,,
aeat_mod369_2022_sub05_export_line_117,aeat_mod369_2022_sub05_export_config,117,4. Entregas de bienes expedidos o transportados desde EMID España. Tipo (%) de IVA. 23,string,5,2,right,1,N,0, ,X,${object.spain_goods_line_ids.filtered(lambda l: l.base > 0)[22].vat_type_str if len(object.spain_goods_line_ids.filtered(lambda l: l.base > 0)) >= 23 else False},,,,
aeat_mod369_2022_sub05_export_line_118,aeat_mod369_2022_sub05_export_config,118,4. Entregas de bienes expedidos o transportados desde EMID España. Tipo IVA.. 23,string,1,0,left,1,N,0, ,X,${object.spain_goods_line_ids.filtered(lambda l: l.base > 0)[22].tax_id.tax_reduction_type if len(object.spain_goods_line_ids.filtered(lambda l: l.base > 0)) >= 23 else False},,,,
aeat_mod369_2022_sub05_export_line_119,aeat_mod369_2022_sub05_export_config,119,4. Entregas de bienes expedidos o transportados desde EMID España. Base imponible (€). 23,string,17,2,right,1,N,0, ,X,${object.spain_goods_line_ids.filtered(lambda l: l.base > 0)[22].base_str if len(object.spain_goods_line_ids.filtered(lambda l: l.base > 0)) >= 23 else False},,,,
aeat_mod369_2022_sub05_export_line_120,aeat_mod369_2022_sub05_export_config,120,4. Entregas de bienes expedidos o transportados desde EMID España. Cuota IVA (€). 23,string,17,2,right,1,N,0, ,X,${object.spain_goods_line_ids.filtered(lambda l: l.base > 0)[22].amount_str if len(object.spain_goods_line_ids.filtered(lambda l: l.base > 0)) >= 23 else False},,,,
aeat_mod369_2022_sub05_export_line_121,aeat_mod369_2022_sub05_export_config,121,4. Entregas de bienes expedidos o transportados desde EMID España. Código País EM de consumo. 24,string,2,0,left,1,N,0, ,X,${object.spain_goods_line_ids.filtered(lambda l: l.base > 0)[23].country_code if len(object.spain_goods_line_ids.filtered(lambda l: l.base > 0)) >= 24 else False},,,,
aeat_mod369_2022_sub05_export_line_122,aeat_mod369_2022_sub05_export_config,122,4. Entregas de bienes expedidos o transportados desde EMID España. Tipo (%) de IVA. 24,string,5,2,right,1,N,0, ,X,${object.spain_goods_line_ids.filtered(lambda l: l.base > 0)[23].vat_type_str if len(object.spain_goods_line_ids.filtered(lambda l: l.base > 0)) >= 24 else False},,,,
aeat_mod369_2022_sub05_export_line_123,aeat_mod369_2022_sub05_export_config,123,4. Entregas de bienes expedidos o transportados desde EMID España. Tipo IVA.. 24,string,1,0,left,1,N,0, ,X,${object.spain_goods_line_ids.filtered(lambda l: l.base > 0)[23].tax_id.tax_reduction_type if len(object.spain_goods_line_ids.filtered(lambda l: l.base > 0)) >= 24 else False},,,,
aeat_mod369_2022_sub05_export_line_124,aeat_mod369_2022_sub05_export_config,124,4. Entregas de bienes expedidos o transportados desde EMID España. Base imponible (€). 24,string,17,2,right,1,N,0, ,X,${object.spain_goods_line_ids.filtered(lambda l: l.base > 0)[23].base_str if len(object.spain_goods_line_ids.filtered(lambda l: l.base > 0)) >= 24 else False},,,,
aeat_mod369_2022_sub05_export_line_125,aeat_mod369_2022_sub05_export_config,125,4. Entregas de bienes expedidos o transportados desde EMID España. Cuota IVA (€). 24,string,17,2,right,1,N,0, ,X,${object.spain_goods_line_ids.filtered(lambda l: l.base > 0)[23].amount_str if len(object.spain_goods_line_ids.filtered(lambda l: l.base > 0)) >= 24 else False},,,,
aeat_mod369_2022_sub05_export_line_126,aeat_mod369_2022_sub05_export_config,126,4. Entregas de bienes expedidos o transportados desde EMID España. Código País EM de consumo. 25,string,2,0,left,1,N,0, ,X,${object.spain_goods_line_ids.filtered(lambda l: l.base > 0)[24].country_code if len(object.spain_goods_line_ids.filtered(lambda l: l.base > 0)) >= 25 else False},,,,
aeat_mod369_2022_sub05_export_line_127,aeat_mod369_2022_sub05_export_config,127,4. Entregas de bienes expedidos o transportados desde EMID España. Tipo (%) de IVA. 25,string,5,2,right,1,N,0, ,X,${object.spain_goods_line_ids.filtered(lambda l: l.base > 0)[24].vat_type_str if len(object.spain_goods_line_ids.filtered(lambda l: l.base > 0)) >= 25 else False},,,,
aeat_mod369_2022_sub05_export_line_128,aeat_mod369_2022_sub05_export_config,128,4. Entregas de bienes expedidos o transportados desde EMID España. Tipo IVA.. 25,string,1,0,left,1,N,0, ,X,${object.spain_goods_line_ids.filtered(lambda l: l.base > 0)[24].tax_id.tax_reduction_type if len(object.spain_goods_line_ids.filtered(lambda l: l.base > 0)) >= 25 else False},,,,
aeat_mod369_2022_sub05_export_line_129,aeat_mod369_2022_sub05_export_config,129,4. Entregas de bienes expedidos o transportados desde EMID España. Base imponible (€). 25,string,17,2,right,1,N,0, ,X,${object.spain_goods_line_ids.filtered(lambda l: l.base > 0)[24].base_str if len(object.spain_goods_line_ids.filtered(lambda l: l.base > 0)) >= 25 else False},,,,
aeat_mod369_2022_sub05_export_line_130,aeat_mod369_2022_sub05_export_config,130,4. Entregas de bienes expedidos o transportados desde EMID España. Cuota IVA (€). 25,string,17,2,right,1,N,0, ,X,${object.spain_goods_line_ids.filtered(lambda l: l.base > 0)[24].amount_str if len(object.spain_goods_line_ids.filtered(lambda l: l.base > 0)) >= 25 else False},,,,
aeat_mod369_2022_sub05_export_line_131,aeat_mod369_2022_sub05_export_config,131,4. Entregas de bienes expedidos o transportados desde EMID España. Código País EM de consumo. 26,string,2,0,left,1,N,0, ,X,${object.spain_goods_line_ids.filtered(lambda l: l.base > 0)[25].country_code if len(object.spain_goods_line_ids.filtered(lambda l: l.base > 0)) >= 26 else False},,,,
aeat_mod369_2022_sub05_export_line_132,aeat_mod369_2022_sub05_export_config,132,4. Entregas de bienes expedidos o transportados desde EMID España. Tipo (%) de IVA. 26,string,5,2,right,1,N,0, ,X,${object.spain_goods_line_ids.filtered(lambda l: l.base > 0)[25].vat_type_str if len(object.spain_goods_line_ids.filtered(lambda l: l.base > 0)) >= 26 else False},,,,
aeat_mod369_2022_sub05_export_line_133,aeat_mod369_2022_sub05_export_config,133,4. Entregas de bienes expedidos o transportados desde EMID España. Tipo IVA.. 26,string,1,0,left,1,N,0, ,X,${object.spain_goods_line_ids.filtered(lambda l: l.base > 0)[25].tax_id.tax_reduction_type if len(object.spain_goods_line_ids.filtered(lambda l: l.base > 0)) >= 26 else False},,,,
aeat_mod369_2022_sub05_export_line_134,aeat_mod369_2022_sub05_export_config,134,4. Entregas de bienes expedidos o transportados desde EMID España. Base imponible (€). 26,string,17,2,right,1,N,0, ,X,${object.spain_goods_line_ids.filtered(lambda l: l.base > 0)[25].base_str if len(object.spain_goods_line_ids.filtered(lambda l: l.base > 0)) >= 26 else False},,,,
aeat_mod369_2022_sub05_export_line_135,aeat_mod369_2022_sub05_export_config,135,4. Entregas de bienes expedidos o transportados desde EMID España. Cuota IVA (€). 26,string,17,2,right,1,N,0, ,X,${object.spain_goods_line_ids.filtered(lambda l: l.base > 0)[25].amount_str if len(object.spain_goods_line_ids.filtered(lambda l: l.base > 0)) >= 26 else False},,,,
aeat_mod369_2022_sub05_export_line_136,aeat_mod369_2022_sub05_export_config,136,4. Entregas de bienes expedidos o transportados desde EMID España. Código País EM de consumo. 27,string,2,0,left,1,N,0, ,X,${object.spain_goods_line_ids.filtered(lambda l: l.base > 0)[26].country_code if len(object.spain_goods_line_ids.filtered(lambda l: l.base > 0)) >= 27 else False},,,,
aeat_mod369_2022_sub05_export_line_137,aeat_mod369_2022_sub05_export_config,137,4. Entregas de bienes expedidos o transportados desde EMID España. Tipo (%) de IVA. 27,string,5,2,right,1,N,0, ,X,${object.spain_goods_line_ids.filtered(lambda l: l.base > 0)[26].vat_type_str if len(object.spain_goods_line_ids.filtered(lambda l: l.base > 0)) >= 27 else False},,,,
aeat_mod369_2022_sub05_export_line_138,aeat_mod369_2022_sub05_export_config,138,4. Entregas de bienes expedidos o transportados desde EMID España. Tipo IVA.. 27,string,1,0,left,1,N,0, ,X,${object.spain_goods_line_ids.filtered(lambda l: l.base > 0)[26].tax_id.tax_reduction_type if len(object.spain_goods_line_ids.filtered(lambda l: l.base > 0)) >= 27 else False},,,,
aeat_mod369_2022_sub05_export_line_139,aeat_mod369_2022_sub05_export_config,139,4. Entregas de bienes expedidos o transportados desde EMID España. Base imponible (€). 27,string,17,2,right,1,N,0, ,X,${object.spain_goods_line_ids.filtered(lambda l: l.base > 0)[26].base_str if len(object.spain_goods_line_ids.filtered(lambda l: l.base > 0)) >= 27 else False},,,,
aeat_mod369_2022_sub05_export_line_140,aeat_mod369_2022_sub05_export_config,140,4. Entregas de bienes expedidos o transportados desde EMID España. Cuota IVA (€). 27,string,17,2,right,1,N,0, ,X,${object.spain_goods_line_ids.filtered(lambda l: l.base > 0)[26].amount_str if len(object.spain_goods_line_ids.filtered(lambda l: l.base > 0)) >= 27 else False},,,,
aeat_mod369_2022_sub05_export_line_141,aeat_mod369_2022_sub05_export_config,141,4. Entregas de bienes expedidos o transportados desde EMID España. Código País EM de consumo. 28,string,2,0,left,1,N,0, ,X,${object.spain_goods_line_ids.filtered(lambda l: l.base > 0)[27].country_code if len(object.spain_goods_line_ids.filtered(lambda l: l.base > 0)) >= 28 else False},,,,
aeat_mod369_2022_sub05_export_line_142,aeat_mod369_2022_sub05_export_config,142,4. Entregas de bienes expedidos o transportados desde EMID España. Tipo (%) de IVA. 28,string,5,2,right,1,N,0, ,X,${object.spain_goods_line_ids.filtered(lambda l: l.base > 0)[27].vat_type_str if len(object.spain_goods_line_ids.filtered(lambda l: l.base > 0)) >= 28 else False},,,,
aeat_mod369_2022_sub05_export_line_143,aeat_mod369_2022_sub05_export_config,143,4. Entregas de bienes expedidos o transportados desde EMID España. Tipo IVA.. 28,string,1,0,left,1,N,0, ,X,${object.spain_goods_line_ids.filtered(lambda l: l.base > 0)[27].tax_id.tax_reduction_type if len(object.spain_goods_line_ids.filtered(lambda l: l.base > 0)) >= 28 else False},,,,
aeat_mod369_2022_sub05_export_line_144,aeat_mod369_2022_sub05_export_config,144,4. Entregas de bienes expedidos o transportados desde EMID España. Base imponible (€). 28,string,17,2,right,1,N,0, ,X,${object.spain_goods_line_ids.filtered(lambda l: l.base > 0)[27].base_str if len(object.spain_goods_line_ids.filtered(lambda l: l.base > 0)) >= 28 else False},,,,
aeat_mod369_2022_sub05_export_line_145,aeat_mod369_2022_sub05_export_config,145,4. Entregas de bienes expedidos o transportados desde EMID España. Cuota IVA (€). 28,string,17,2,right,1,N,0, ,X,${object.spain_goods_line_ids.filtered(lambda l: l.base > 0)[27].amount_str if len(object.spain_goods_line_ids.filtered(lambda l: l.base > 0)) >= 28 else False},,,,
aeat_mod369_2022_sub05_export_line_146,aeat_mod369_2022_sub05_export_config,146,Reservado,string,17,0,left,1,N,0, ,X,,,,,
aeat_mod369_2022_sub05_export_line_147,aeat_mod369_2022_sub05_export_config,147,Constante: </T36905>,string,9,0,left,1,N,0, ,X,,"</T36905>",,,
