id,export_config_id:id,sequence,name,export_type,size,decimal_size,alignment,apply_sign,negative_sign,positive_sign,bool_no,bool_yes,expression,fixed_value,conditional_expression,repeat_expression,subconfig_id/id
aeat_mod369_2022_sub09_export_line_01,aeat_mod369_2022_sub09_export_config,1,Constante: <T,string,2,0,left,1,N,0, ,X,,"<T",,,
aeat_mod369_2022_sub09_export_line_02,aeat_mod369_2022_sub09_export_config,2,Modelo: 369,string,3,0,left,1,N,0, ,X,,"369",,,
aeat_mod369_2022_sub09_export_line_03,aeat_mod369_2022_sub09_export_config,3,Constante: 09,string,2,0,left,1,N,0, ,X,,"09",,,
aeat_mod369_2022_sub09_export_line_04,aeat_mod369_2022_sub09_export_config,4,Constante: >,string,1,0,left,1,N,0, ,X,,">",,,
aeat_mod369_2022_sub09_export_line_05,aeat_mod369_2022_sub09_export_config,5,Complementaria,string,1,0,left,1,N,0, ,X,,,,,
aeat_mod369_2022_sub09_export_line_06,aeat_mod369_2022_sub09_export_config,6,Reservado,string,5785,0,left,1,N,0, ,X,,,,,
aeat_mod369_2022_sub09_export_line_07,aeat_mod369_2022_sub09_export_config,7,Constante: </T36909>,string,9,0,left,1,N,0, ,X,,"</T36909>",,,
