"id","name","model_id:id","group_id:id","perm_read","perm_write","perm_create","perm_unlink"
"access_l10n_es_aeat_mod347_manager","l10n_es_aeat_mod347 manager","model_l10n_es_aeat_mod347_report","l10n_es_aeat.group_account_aeat",1,1,1,1
"access_l10n_es_aeat_mod347_partner_manager","l10n_es_aeat_mod347_partner manager","model_l10n_es_aeat_mod347_partner_record","l10n_es_aeat.group_account_aeat",1,1,1,1
"access_l10n_es_aeat_mod347_real_estate_manager","l10n_es_aeat_mod347_real_estate manager","model_l10n_es_aeat_mod347_real_estate_record","l10n_es_aeat.group_account_aeat",1,1,1,1
"access_l10n_es_aeat_mod347_move_manager","l10n_es_aeat_mod347_move manager","model_l10n_es_aeat_mod347_move_record","l10n_es_aeat.group_account_aeat",1,1,1,1
