<?xml version="1.0" encoding="utf-8" ?>
<!-- Copyright 2017-2019 Tecnativa - Pedro M. Baeza
     License AGPL-3.0 or later (http://www.gnu.org/licenses/agpl). -->
<odoo>
    <record id="aeat_mod390_2019_sub03_export_config" model="aeat.model.export.config">
        <field name="name">Mod.390 2019/2021 - Página 3</field>
        <field name="model_number">390</field>
        <field name="active" eval="False" />
    </record>
    <record
        id="aeat_mod390_2019_sub03_export_line_01"
        model="aeat.model.export.config.line"
    >
        <field name="sequence">1</field>
        <field name="export_config_id" ref="aeat_mod390_2019_sub03_export_config" />
        <field name="name">Constante: &lt;T</field>
        <field name="fixed_value">&lt;T</field>
        <field name="export_type">string</field>
        <field name="size">2</field>
        <field name="alignment">left</field>
    </record>
    <record
        id="aeat_mod390_2019_sub03_export_line_02"
        model="aeat.model.export.config.line"
    >
        <field name="sequence">2</field>
        <field name="export_config_id" ref="aeat_mod390_2019_sub03_export_config" />
        <field name="name">Constante: 390</field>
        <field name="fixed_value">390</field>
        <field name="export_type">string</field>
        <field name="size">3</field>
        <field name="alignment">left</field>
    </record>
    <record
        id="aeat_mod390_2019_sub03_export_line_03"
        model="aeat.model.export.config.line"
    >
        <field name="sequence">3</field>
        <field name="export_config_id" ref="aeat_mod390_2019_sub03_export_config" />
        <field name="name">Página</field>
        <field name="fixed_value">03</field>
        <field name="export_type">string</field>
        <field name="size">2</field>
        <field name="alignment">left</field>
    </record>
    <record
        id="aeat_mod390_2019_sub03_export_line_04"
        model="aeat.model.export.config.line"
    >
        <field name="sequence">4</field>
        <field name="export_config_id" ref="aeat_mod390_2019_sub03_export_config" />
        <field name="name">Constante: 000&gt;</field>
        <field name="fixed_value">000&gt;</field>
        <field name="export_type">string</field>
        <field name="size">4</field>
        <field name="alignment">left</field>
    </record>
    <record
        id="aeat_mod390_2019_sub03_export_line_05"
        model="aeat.model.export.config.line"
    >
        <field name="sequence">5</field>
        <field name="export_config_id" ref="aeat_mod390_2019_sub03_export_config" />
        <field name="name">Indicador de página complementaria: En blanco</field>
        <field name="fixed_value" />
        <field name="export_type">string</field>
        <field name="size">1</field>
        <field name="alignment">left</field>
    </record>
    <record
        id="aeat_mod390_2019_sub03_export_line_06"
        model="aeat.model.export.config.line"
    >
        <field name="sequence">6</field>
        <field name="export_config_id" ref="aeat_mod390_2019_sub03_export_config" />
        <field
            name="name"
        >5. Operaciones Reg. Gral. - IVA deducible - Oper. inter. corrientes bienes y servic. - Base imponible [190]</field>
        <field
            name="expression"
        >${object.tax_line_ids.filtered(lambda r: r.field_number == 190).amount}</field>
        <field name="export_type">float</field>
        <field name="apply_sign" eval="True" />
        <field name="size">17</field>
        <field name="decimal_size">2</field>
        <field name="alignment">right</field>
    </record>
    <record
        id="aeat_mod390_2019_sub03_export_line_07"
        model="aeat.model.export.config.line"
    >
        <field name="sequence">7</field>
        <field name="export_config_id" ref="aeat_mod390_2019_sub03_export_config" />
        <field
            name="name"
        >5. Operaciones Reg. Gral. - IVA deducible - Oper. inter. corrientes bienes y servic. - Cuota [191]</field>
        <field
            name="expression"
        >${object.tax_line_ids.filtered(lambda r: r.field_number == 191).amount}</field>
        <field name="export_type">float</field>
        <field name="apply_sign" eval="True" />
        <field name="size">17</field>
        <field name="decimal_size">2</field>
        <field name="alignment">right</field>
    </record>
    <record
        id="aeat_mod390_2019_sub03_export_line_08"
        model="aeat.model.export.config.line"
    >
        <field name="sequence">8</field>
        <field name="export_config_id" ref="aeat_mod390_2019_sub03_export_config" />
        <field
            name="name"
        >5. Operaciones Reg. Gral. - IVA deducible - Oper. inter. corrientes bienes y servic. - Base imponible [603]</field>
        <field
            name="expression"
        >${object.tax_line_ids.filtered(lambda r: r.field_number == 603).amount}</field>
        <field name="export_type">float</field>
        <field name="apply_sign" eval="True" />
        <field name="size">17</field>
        <field name="decimal_size">2</field>
        <field name="alignment">right</field>
    </record>
    <record
        id="aeat_mod390_2019_sub03_export_line_09"
        model="aeat.model.export.config.line"
    >
        <field name="sequence">9</field>
        <field name="export_config_id" ref="aeat_mod390_2019_sub03_export_config" />
        <field
            name="name"
        >5. Operaciones Reg. Gral. - IVA deducible - Oper. inter. corrientes bienes y servic. - Cuota [604]</field>
        <field
            name="expression"
        >${object.tax_line_ids.filtered(lambda r: r.field_number == 604).amount}</field>
        <field name="export_type">float</field>
        <field name="apply_sign" eval="True" />
        <field name="size">17</field>
        <field name="decimal_size">2</field>
        <field name="alignment">right</field>
    </record>
    <record
        id="aeat_mod390_2019_sub03_export_line_10"
        model="aeat.model.export.config.line"
    >
        <field name="sequence">10</field>
        <field name="export_config_id" ref="aeat_mod390_2019_sub03_export_config" />
        <field
            name="name"
        >5. Operaciones Reg. Gral. - IVA deducible - Oper. inter. corrientes bienes y servic. - Base imponible [605]</field>
        <field
            name="expression"
        >${object.tax_line_ids.filtered(lambda r: r.field_number == 605).amount}</field>
        <field name="export_type">float</field>
        <field name="apply_sign" eval="True" />
        <field name="size">17</field>
        <field name="decimal_size">2</field>
        <field name="alignment">right</field>
    </record>
    <record
        id="aeat_mod390_2019_sub03_export_line_11"
        model="aeat.model.export.config.line"
    >
        <field name="sequence">11</field>
        <field name="export_config_id" ref="aeat_mod390_2019_sub03_export_config" />
        <field
            name="name"
        >5. Operaciones Reg. Gral. - IVA deducible - Oper. inter. corrientes bienes y servic. - Cuota [606]</field>
        <field
            name="expression"
        >${object.tax_line_ids.filtered(lambda r: r.field_number == 606).amount}</field>
        <field name="export_type">float</field>
        <field name="apply_sign" eval="True" />
        <field name="size">17</field>
        <field name="decimal_size">2</field>
        <field name="alignment">right</field>
    </record>
    <record
        id="aeat_mod390_2019_sub03_export_line_12"
        model="aeat.model.export.config.line"
    >
        <field name="sequence">12</field>
        <field name="export_config_id" ref="aeat_mod390_2019_sub03_export_config" />
        <field
            name="name"
        >5. Operaciones Reg. Gral. - IVA deducible - Total oper. inter. corrientes bienes y servic. - Base imponible [48]</field>
        <field name="expression">${object.casilla_48}</field>
        <field name="export_type">float</field>
        <field name="apply_sign" eval="True" />
        <field name="size">17</field>
        <field name="decimal_size">2</field>
        <field name="alignment">right</field>
    </record>
    <record
        id="aeat_mod390_2019_sub03_export_line_13"
        model="aeat.model.export.config.line"
    >
        <field name="sequence">13</field>
        <field name="export_config_id" ref="aeat_mod390_2019_sub03_export_config" />
        <field
            name="name"
        >5. Operaciones Reg. Gral. - IVA deducible - Total oper. inter. corrientes bienes y servic. - Cuota [49]</field>
        <field name="expression">${object.casilla_49}</field>
        <field name="export_type">float</field>
        <field name="apply_sign" eval="True" />
        <field name="size">17</field>
        <field name="decimal_size">2</field>
        <field name="alignment">right</field>
    </record>
    <record
        id="aeat_mod390_2019_sub03_export_line_14"
        model="aeat.model.export.config.line"
    >
        <field name="sequence">14</field>
        <field name="export_config_id" ref="aeat_mod390_2019_sub03_export_config" />
        <field
            name="name"
        >5. Operaciones Reg. Gral. - IVA deducible - Oper. intragrupo corrientes - Base imponible [506]</field>
        <field name="fixed_value">0</field>
        <field name="export_type">float</field>
        <field name="apply_sign" eval="True" />
        <field name="size">17</field>
        <field name="decimal_size">2</field>
        <field name="alignment">right</field>
    </record>
    <record
        id="aeat_mod390_2019_sub03_export_line_15"
        model="aeat.model.export.config.line"
    >
        <field name="sequence">15</field>
        <field name="export_config_id" ref="aeat_mod390_2019_sub03_export_config" />
        <field
            name="name"
        >5. Operaciones Reg. Gral. - IVA deducible - Oper. intragrupo corrientes - Cuota [507]</field>
        <field name="fixed_value">0</field>
        <field name="export_type">float</field>
        <field name="apply_sign" eval="True" />
        <field name="size">17</field>
        <field name="decimal_size">2</field>
        <field name="alignment">right</field>
    </record>
    <record
        id="aeat_mod390_2019_sub03_export_line_16"
        model="aeat.model.export.config.line"
    >
        <field name="sequence">16</field>
        <field name="export_config_id" ref="aeat_mod390_2019_sub03_export_config" />
        <field
            name="name"
        >5. Operaciones Reg. Gral. - IVA deducible - Oper. intragrupo corrientes - Base imponible [607]</field>
        <field name="fixed_value">0</field>
        <field name="export_type">float</field>
        <field name="apply_sign" eval="True" />
        <field name="size">17</field>
        <field name="decimal_size">2</field>
        <field name="alignment">right</field>
    </record>
    <record
        id="aeat_mod390_2019_sub03_export_line_17"
        model="aeat.model.export.config.line"
    >
        <field name="sequence">17</field>
        <field name="export_config_id" ref="aeat_mod390_2019_sub03_export_config" />
        <field
            name="name"
        >5. Operaciones Reg. Gral. - IVA deducible - Oper. intragrupo corrientes - Cuota [608]</field>
        <field name="fixed_value">0</field>
        <field name="export_type">float</field>
        <field name="apply_sign" eval="True" />
        <field name="size">17</field>
        <field name="decimal_size">2</field>
        <field name="alignment">right</field>
    </record>
    <record
        id="aeat_mod390_2019_sub03_export_line_18"
        model="aeat.model.export.config.line"
    >
        <field name="sequence">18</field>
        <field name="export_config_id" ref="aeat_mod390_2019_sub03_export_config" />
        <field
            name="name"
        >5. Operaciones Reg. Gral. - IVA deducible - Oper. intragrupo corrientes - Base imponible [609]</field>
        <field name="fixed_value">0</field>
        <field name="export_type">float</field>
        <field name="apply_sign" eval="True" />
        <field name="size">17</field>
        <field name="decimal_size">2</field>
        <field name="alignment">right</field>
    </record>
    <record
        id="aeat_mod390_2019_sub03_export_line_19"
        model="aeat.model.export.config.line"
    >
        <field name="sequence">19</field>
        <field name="export_config_id" ref="aeat_mod390_2019_sub03_export_config" />
        <field
            name="name"
        >5. Operaciones Reg. Gral. - IVA deducible - Oper. intragrupo corrientes - Cuota [610]</field>
        <field name="fixed_value">0</field>
        <field name="export_type">float</field>
        <field name="apply_sign" eval="True" />
        <field name="size">17</field>
        <field name="decimal_size">2</field>
        <field name="alignment">right</field>
    </record>
    <record
        id="aeat_mod390_2019_sub03_export_line_20"
        model="aeat.model.export.config.line"
    >
        <field name="sequence">20</field>
        <field name="export_config_id" ref="aeat_mod390_2019_sub03_export_config" />
        <field
            name="name"
        >5. Operaciones Reg. Gral. - IVA deducible - Total oper. intragrupo corrientes - Base imponible [512]</field>
        <field name="fixed_value">0</field>
        <field name="export_type">float</field>
        <field name="apply_sign" eval="True" />
        <field name="size">17</field>
        <field name="decimal_size">2</field>
        <field name="alignment">right</field>
    </record>
    <record
        id="aeat_mod390_2019_sub03_export_line_21"
        model="aeat.model.export.config.line"
    >
        <field name="sequence">21</field>
        <field name="export_config_id" ref="aeat_mod390_2019_sub03_export_config" />
        <field
            name="name"
        >5. Operaciones Reg. Gral. - IVA deducible - Total oper. intragrupo corrientes - Cuota [513]</field>
        <field name="fixed_value">0</field>
        <field name="export_type">float</field>
        <field name="apply_sign" eval="True" />
        <field name="size">17</field>
        <field name="decimal_size">2</field>
        <field name="alignment">right</field>
    </record>
    <record
        id="aeat_mod390_2019_sub03_export_line_22"
        model="aeat.model.export.config.line"
    >
        <field name="sequence">22</field>
        <field name="export_config_id" ref="aeat_mod390_2019_sub03_export_config" />
        <field
            name="name"
        >5. Operaciones Reg. Gral. - IVA deducible - Oper. inter. bienes de inversion - Base imponible [196]</field>
        <field
            name="expression"
        >${object.tax_line_ids.filtered(lambda r: r.field_number == 196).amount}</field>
        <field name="export_type">float</field>
        <field name="apply_sign" eval="True" />
        <field name="size">17</field>
        <field name="decimal_size">2</field>
        <field name="alignment">right</field>
    </record>
    <record
        id="aeat_mod390_2019_sub03_export_line_23"
        model="aeat.model.export.config.line"
    >
        <field name="sequence">23</field>
        <field name="export_config_id" ref="aeat_mod390_2019_sub03_export_config" />
        <field
            name="name"
        >5. Operaciones Reg. Gral. - IVA deducible - Oper. inter. bienes de inversion - Cuota [197]</field>
        <field
            name="expression"
        >${object.tax_line_ids.filtered(lambda r: r.field_number == 197).amount}</field>
        <field name="export_type">float</field>
        <field name="apply_sign" eval="True" />
        <field name="size">17</field>
        <field name="decimal_size">2</field>
        <field name="alignment">right</field>
    </record>
    <record
        id="aeat_mod390_2019_sub03_export_line_24"
        model="aeat.model.export.config.line"
    >
        <field name="sequence">24</field>
        <field name="export_config_id" ref="aeat_mod390_2019_sub03_export_config" />
        <field
            name="name"
        >5. Operaciones Reg. Gral. - IVA deducible - Oper. inter. bienes de inversion - Base imponible [611]</field>
        <field
            name="expression"
        >${object.tax_line_ids.filtered(lambda r: r.field_number == 611).amount}</field>
        <field name="export_type">float</field>
        <field name="apply_sign" eval="True" />
        <field name="size">17</field>
        <field name="decimal_size">2</field>
        <field name="alignment">right</field>
    </record>
    <record
        id="aeat_mod390_2019_sub03_export_line_25"
        model="aeat.model.export.config.line"
    >
        <field name="sequence">25</field>
        <field name="export_config_id" ref="aeat_mod390_2019_sub03_export_config" />
        <field
            name="name"
        >5. Operaciones Reg. Gral. - IVA deducible - Oper. inter. bienes de inversion - Cuota [612]</field>
        <field
            name="expression"
        >${object.tax_line_ids.filtered(lambda r: r.field_number == 612).amount}</field>
        <field name="export_type">float</field>
        <field name="apply_sign" eval="True" />
        <field name="size">17</field>
        <field name="decimal_size">2</field>
        <field name="alignment">right</field>
    </record>
    <record
        id="aeat_mod390_2019_sub03_export_line_26"
        model="aeat.model.export.config.line"
    >
        <field name="sequence">26</field>
        <field name="export_config_id" ref="aeat_mod390_2019_sub03_export_config" />
        <field
            name="name"
        >5. Operaciones Reg. Gral. - IVA deducible - Oper. inter. bienes de inversion - Base imponible [613]</field>
        <field
            name="expression"
        >${object.tax_line_ids.filtered(lambda r: r.field_number == 613).amount}</field>
        <field name="export_type">float</field>
        <field name="apply_sign" eval="True" />
        <field name="size">17</field>
        <field name="decimal_size">2</field>
        <field name="alignment">right</field>
    </record>
    <record
        id="aeat_mod390_2019_sub03_export_line_27"
        model="aeat.model.export.config.line"
    >
        <field name="sequence">27</field>
        <field name="export_config_id" ref="aeat_mod390_2019_sub03_export_config" />
        <field
            name="name"
        >5. Operaciones Reg. Gral. - IVA deducible - Oper. inter. bienes de inversion - Cuota [614]</field>
        <field
            name="expression"
        >${object.tax_line_ids.filtered(lambda r: r.field_number == 614).amount}</field>
        <field name="export_type">float</field>
        <field name="apply_sign" eval="True" />
        <field name="size">17</field>
        <field name="decimal_size">2</field>
        <field name="alignment">right</field>
    </record>
    <record
        id="aeat_mod390_2019_sub03_export_line_28"
        model="aeat.model.export.config.line"
    >
        <field name="sequence">28</field>
        <field name="export_config_id" ref="aeat_mod390_2019_sub03_export_config" />
        <field
            name="name"
        >5. Operaciones Reg. Gral. - IVA deducible - Total oper. inter. bienes de inversion - Base imponible [50]</field>
        <field name="expression">${object.casilla_50}</field>
        <field name="export_type">float</field>
        <field name="apply_sign" eval="True" />
        <field name="size">17</field>
        <field name="decimal_size">2</field>
        <field name="alignment">right</field>
    </record>
    <record
        id="aeat_mod390_2019_sub03_export_line_29"
        model="aeat.model.export.config.line"
    >
        <field name="sequence">29</field>
        <field name="export_config_id" ref="aeat_mod390_2019_sub03_export_config" />
        <field
            name="name"
        >5. Operaciones Reg. Gral. - IVA deducible - Total oper. inter. bienes de inversion - Cuota [51]</field>
        <field name="expression">${object.casilla_51}</field>
        <field name="export_type">float</field>
        <field name="apply_sign" eval="True" />
        <field name="size">17</field>
        <field name="decimal_size">2</field>
        <field name="alignment">right</field>
    </record>
    <record
        id="aeat_mod390_2019_sub03_export_line_30"
        model="aeat.model.export.config.line"
    >
        <field name="sequence">30</field>
        <field name="export_config_id" ref="aeat_mod390_2019_sub03_export_config" />
        <field
            name="name"
        >5. Operaciones Reg. Gral. - IVA deducible - Oper. intra. bienes de inversion - Base imponible [514]</field>
        <field name="fixed_value">0</field>
        <field name="export_type">float</field>
        <field name="apply_sign" eval="True" />
        <field name="size">17</field>
        <field name="decimal_size">2</field>
        <field name="alignment">right</field>
    </record>
    <record
        id="aeat_mod390_2019_sub03_export_line_31"
        model="aeat.model.export.config.line"
    >
        <field name="sequence">31</field>
        <field name="export_config_id" ref="aeat_mod390_2019_sub03_export_config" />
        <field
            name="name"
        >5. Operaciones Reg. Gral. - IVA deducible - Oper. intra. bienes de inversion - Cuota [515]</field>
        <field name="fixed_value">0</field>
        <field name="export_type">float</field>
        <field name="apply_sign" eval="True" />
        <field name="size">17</field>
        <field name="decimal_size">2</field>
        <field name="alignment">right</field>
    </record>
    <record
        id="aeat_mod390_2019_sub03_export_line_32"
        model="aeat.model.export.config.line"
    >
        <field name="sequence">32</field>
        <field name="export_config_id" ref="aeat_mod390_2019_sub03_export_config" />
        <field
            name="name"
        >5. Operaciones Reg. Gral. - IVA deducible - Oper. intra. bienes de inversion - Base imponible [615]</field>
        <field name="fixed_value">0</field>
        <field name="export_type">float</field>
        <field name="apply_sign" eval="True" />
        <field name="size">17</field>
        <field name="decimal_size">2</field>
        <field name="alignment">right</field>
    </record>
    <record
        id="aeat_mod390_2019_sub03_export_line_33"
        model="aeat.model.export.config.line"
    >
        <field name="sequence">33</field>
        <field name="export_config_id" ref="aeat_mod390_2019_sub03_export_config" />
        <field
            name="name"
        >5. Operaciones Reg. Gral. - IVA deducible - Oper. intra. bienes de inversion - Cuota [616]</field>
        <field name="fixed_value">0</field>
        <field name="export_type">float</field>
        <field name="apply_sign" eval="True" />
        <field name="size">17</field>
        <field name="decimal_size">2</field>
        <field name="alignment">right</field>
    </record>
    <record
        id="aeat_mod390_2019_sub03_export_line_34"
        model="aeat.model.export.config.line"
    >
        <field name="sequence">34</field>
        <field name="export_config_id" ref="aeat_mod390_2019_sub03_export_config" />
        <field
            name="name"
        >5. Operaciones Reg. Gral. - IVA deducible - Oper. intra. bienes de inversion - Base imponible [617]</field>
        <field name="fixed_value">0</field>
        <field name="export_type">float</field>
        <field name="apply_sign" eval="True" />
        <field name="size">17</field>
        <field name="decimal_size">2</field>
        <field name="alignment">right</field>
    </record>
    <record
        id="aeat_mod390_2019_sub03_export_line_35"
        model="aeat.model.export.config.line"
    >
        <field name="sequence">35</field>
        <field name="export_config_id" ref="aeat_mod390_2019_sub03_export_config" />
        <field
            name="name"
        >5. Operaciones Reg. Gral. - IVA deducible - Oper. intra. bienes de inversion - Cuota [618]</field>
        <field name="fixed_value">0</field>
        <field name="export_type">float</field>
        <field name="apply_sign" eval="True" />
        <field name="size">17</field>
        <field name="decimal_size">2</field>
        <field name="alignment">right</field>
    </record>
    <record
        id="aeat_mod390_2019_sub03_export_line_36"
        model="aeat.model.export.config.line"
    >
        <field name="sequence">36</field>
        <field name="export_config_id" ref="aeat_mod390_2019_sub03_export_config" />
        <field
            name="name"
        >5. Operaciones Reg. Gral. - IVA deducible - Total oper. intra. bienes de inversion - Base imponible [520]</field>
        <field name="fixed_value">0</field>
        <field name="export_type">float</field>
        <field name="apply_sign" eval="True" />
        <field name="size">17</field>
        <field name="decimal_size">2</field>
        <field name="alignment">right</field>
    </record>
    <record
        id="aeat_mod390_2019_sub03_export_line_37"
        model="aeat.model.export.config.line"
    >
        <field name="sequence">37</field>
        <field name="export_config_id" ref="aeat_mod390_2019_sub03_export_config" />
        <field
            name="name"
        >5. Operaciones Reg. Gral. - IVA deducible - Total oper. intra. bienes de inversion - Cuota [521]</field>
        <field name="fixed_value">0</field>
        <field name="export_type">float</field>
        <field name="apply_sign" eval="True" />
        <field name="size">17</field>
        <field name="decimal_size">2</field>
        <field name="alignment">right</field>
    </record>
    <record
        id="aeat_mod390_2019_sub03_export_line_38"
        model="aeat.model.export.config.line"
    >
        <field name="sequence">38</field>
        <field name="export_config_id" ref="aeat_mod390_2019_sub03_export_config" />
        <field
            name="name"
        >5. Operaciones Reg. Gral. - IVA deducible - Import. bienes corrientes - Base imponible [202]</field>
        <field
            name="expression"
        >${object.tax_line_ids.filtered(lambda r: r.field_number == 202).amount}</field>
        <field name="export_type">float</field>
        <field name="apply_sign" eval="True" />
        <field name="size">17</field>
        <field name="decimal_size">2</field>
        <field name="alignment">right</field>
    </record>
    <record
        id="aeat_mod390_2019_sub03_export_line_39"
        model="aeat.model.export.config.line"
    >
        <field name="sequence">39</field>
        <field name="export_config_id" ref="aeat_mod390_2019_sub03_export_config" />
        <field
            name="name"
        >5. Operaciones Reg. Gral. - IVA deducible - Import. bienes corrientes - Cuota [203]</field>
        <field
            name="expression"
        >${object.tax_line_ids.filtered(lambda r: r.field_number == 203).amount}</field>
        <field name="export_type">float</field>
        <field name="apply_sign" eval="True" />
        <field name="size">17</field>
        <field name="decimal_size">2</field>
        <field name="alignment">right</field>
    </record>
    <record
        id="aeat_mod390_2019_sub03_export_line_40"
        model="aeat.model.export.config.line"
    >
        <field name="sequence">40</field>
        <field name="export_config_id" ref="aeat_mod390_2019_sub03_export_config" />
        <field
            name="name"
        >5. Operaciones Reg. Gral. - IVA deducible - Import. bienes corrientes - Base imponible [619]</field>
        <field
            name="expression"
        >${object.tax_line_ids.filtered(lambda r: r.field_number == 619).amount}</field>
        <field name="export_type">float</field>
        <field name="apply_sign" eval="True" />
        <field name="size">17</field>
        <field name="decimal_size">2</field>
        <field name="alignment">right</field>
    </record>
    <record
        id="aeat_mod390_2019_sub03_export_line_41"
        model="aeat.model.export.config.line"
    >
        <field name="sequence">41</field>
        <field name="export_config_id" ref="aeat_mod390_2019_sub03_export_config" />
        <field
            name="name"
        >5. Operaciones Reg. Gral. - IVA deducible - Import. bienes corrientes - Cuota [620]</field>
        <field
            name="expression"
        >${object.tax_line_ids.filtered(lambda r: r.field_number == 620).amount}</field>
        <field name="export_type">float</field>
        <field name="apply_sign" eval="True" />
        <field name="size">17</field>
        <field name="decimal_size">2</field>
        <field name="alignment">right</field>
    </record>
    <record
        id="aeat_mod390_2019_sub03_export_line_42"
        model="aeat.model.export.config.line"
    >
        <field name="sequence">42</field>
        <field name="export_config_id" ref="aeat_mod390_2019_sub03_export_config" />
        <field
            name="name"
        >5. Operaciones Reg. Gral. - IVA deducible - Import. bienes corrientes - Base imponible [621]</field>
        <field
            name="expression"
        >${object.tax_line_ids.filtered(lambda r: r.field_number == 621).amount}</field>
        <field name="export_type">float</field>
        <field name="apply_sign" eval="True" />
        <field name="size">17</field>
        <field name="decimal_size">2</field>
        <field name="alignment">right</field>
    </record>
    <record
        id="aeat_mod390_2019_sub03_export_line_43"
        model="aeat.model.export.config.line"
    >
        <field name="sequence">43</field>
        <field name="export_config_id" ref="aeat_mod390_2019_sub03_export_config" />
        <field
            name="name"
        >5. Operaciones Reg. Gral. - IVA deducible - Import. bienes corrientes - Cuota [622]</field>
        <field
            name="expression"
        >${object.tax_line_ids.filtered(lambda r: r.field_number == 622).amount}</field>
        <field name="export_type">float</field>
        <field name="apply_sign" eval="True" />
        <field name="size">17</field>
        <field name="decimal_size">2</field>
        <field name="alignment">right</field>
    </record>
    <record
        id="aeat_mod390_2019_sub03_export_line_44"
        model="aeat.model.export.config.line"
    >
        <field name="sequence">44</field>
        <field name="export_config_id" ref="aeat_mod390_2019_sub03_export_config" />
        <field
            name="name"
        >5. Operaciones Reg. Gral. - IVA deducible - Total import. bienes corrientes - Base imponible [52]</field>
        <field name="expression">${object.casilla_52}</field>
        <field name="export_type">float</field>
        <field name="apply_sign" eval="True" />
        <field name="size">17</field>
        <field name="decimal_size">2</field>
        <field name="alignment">right</field>
    </record>
    <record
        id="aeat_mod390_2019_sub03_export_line_45"
        model="aeat.model.export.config.line"
    >
        <field name="sequence">45</field>
        <field name="export_config_id" ref="aeat_mod390_2019_sub03_export_config" />
        <field
            name="name"
        >5. Operaciones Reg. Gral. - IVA deducible - Total import. bienes corrientes - Cuota [53]</field>
        <field name="expression">${object.casilla_53}</field>
        <field name="export_type">float</field>
        <field name="apply_sign" eval="True" />
        <field name="size">17</field>
        <field name="decimal_size">2</field>
        <field name="alignment">right</field>
    </record>
    <record
        id="aeat_mod390_2019_sub03_export_line_46"
        model="aeat.model.export.config.line"
    >
        <field name="sequence">46</field>
        <field name="export_config_id" ref="aeat_mod390_2019_sub03_export_config" />
        <field
            name="name"
        >5. Operaciones Reg. Gral. - IVA deducible - Importacion bienes inversion - Base imponible [208]</field>
        <field
            name="expression"
        >${object.tax_line_ids.filtered(lambda r: r.field_number == 208).amount}</field>
        <field name="export_type">float</field>
        <field name="apply_sign" eval="True" />
        <field name="size">17</field>
        <field name="decimal_size">2</field>
        <field name="alignment">right</field>
    </record>
    <record
        id="aeat_mod390_2019_sub03_export_line_47"
        model="aeat.model.export.config.line"
    >
        <field name="sequence">47</field>
        <field name="export_config_id" ref="aeat_mod390_2019_sub03_export_config" />
        <field
            name="name"
        >5. Operaciones Reg. Gral. - IVA deducible - Importacion bienes inversion - Cuota [209]</field>
        <field
            name="expression"
        >${object.tax_line_ids.filtered(lambda r: r.field_number == 209).amount}</field>
        <field name="export_type">float</field>
        <field name="apply_sign" eval="True" />
        <field name="size">17</field>
        <field name="decimal_size">2</field>
        <field name="alignment">right</field>
    </record>
    <record
        id="aeat_mod390_2019_sub03_export_line_48"
        model="aeat.model.export.config.line"
    >
        <field name="sequence">48</field>
        <field name="export_config_id" ref="aeat_mod390_2019_sub03_export_config" />
        <field
            name="name"
        >5. Operaciones Reg. Gral. - IVA deducible - Importacion bienes inversion - Base imponible [623]</field>
        <field
            name="expression"
        >${object.tax_line_ids.filtered(lambda r: r.field_number == 623).amount}</field>
        <field name="export_type">float</field>
        <field name="apply_sign" eval="True" />
        <field name="size">17</field>
        <field name="decimal_size">2</field>
        <field name="alignment">right</field>
    </record>
    <record
        id="aeat_mod390_2019_sub03_export_line_49"
        model="aeat.model.export.config.line"
    >
        <field name="sequence">49</field>
        <field name="export_config_id" ref="aeat_mod390_2019_sub03_export_config" />
        <field
            name="name"
        >5. Operaciones Reg. Gral. - IVA deducible - Importacion bienes inversion - Cuota [624]</field>
        <field
            name="expression"
        >${object.tax_line_ids.filtered(lambda r: r.field_number == 624).amount}</field>
        <field name="export_type">float</field>
        <field name="apply_sign" eval="True" />
        <field name="size">17</field>
        <field name="decimal_size">2</field>
        <field name="alignment">right</field>
    </record>
    <record
        id="aeat_mod390_2019_sub03_export_line_50"
        model="aeat.model.export.config.line"
    >
        <field name="sequence">50</field>
        <field name="export_config_id" ref="aeat_mod390_2019_sub03_export_config" />
        <field
            name="name"
        >5. Operaciones Reg. Gral. - IVA deducible - Importacion bienes inversion - Base imponible [625]</field>
        <field
            name="expression"
        >${object.tax_line_ids.filtered(lambda r: r.field_number == 625).amount}</field>
        <field name="export_type">float</field>
        <field name="apply_sign" eval="True" />
        <field name="size">17</field>
        <field name="decimal_size">2</field>
        <field name="alignment">right</field>
    </record>
    <record
        id="aeat_mod390_2019_sub03_export_line_51"
        model="aeat.model.export.config.line"
    >
        <field name="sequence">51</field>
        <field name="export_config_id" ref="aeat_mod390_2019_sub03_export_config" />
        <field
            name="name"
        >5. Operaciones Reg. Gral. - IVA deducible - Importacion bienes inversion - Cuota [626]</field>
        <field
            name="expression"
        >${object.tax_line_ids.filtered(lambda r: r.field_number == 626).amount}</field>
        <field name="export_type">float</field>
        <field name="apply_sign" eval="True" />
        <field name="size">17</field>
        <field name="decimal_size">2</field>
        <field name="alignment">right</field>
    </record>
    <record
        id="aeat_mod390_2019_sub03_export_line_52"
        model="aeat.model.export.config.line"
    >
        <field name="sequence">52</field>
        <field name="export_config_id" ref="aeat_mod390_2019_sub03_export_config" />
        <field
            name="name"
        >5. Operaciones Reg. Gral. - IVA deducible - Total importacion bienes inversion - Base imponible [54]</field>
        <field name="expression">${object.casilla_54}</field>
        <field name="export_type">float</field>
        <field name="apply_sign" eval="True" />
        <field name="size">17</field>
        <field name="decimal_size">2</field>
        <field name="alignment">right</field>
    </record>
    <record
        id="aeat_mod390_2019_sub03_export_line_53"
        model="aeat.model.export.config.line"
    >
        <field name="sequence">53</field>
        <field name="export_config_id" ref="aeat_mod390_2019_sub03_export_config" />
        <field
            name="name"
        >5. Operaciones Reg. Gral. - IVA deducible - Total importacion bienes inversion - Cuota [55]</field>
        <field name="expression">${object.casilla_55}</field>
        <field name="export_type">float</field>
        <field name="apply_sign" eval="True" />
        <field name="size">17</field>
        <field name="decimal_size">2</field>
        <field name="alignment">right</field>
    </record>
    <record
        id="aeat_mod390_2019_sub03_export_line_54"
        model="aeat.model.export.config.line"
    >
        <field name="sequence">54</field>
        <field name="export_config_id" ref="aeat_mod390_2019_sub03_export_config" />
        <field
            name="name"
        >5. Operaciones Reg. Gral. - IVA deducible - Adqui. intra. bienes corrientes - Base imponible [214]</field>
        <field
            name="expression"
        >${object.tax_line_ids.filtered(lambda r: r.field_number == 214).amount}</field>
        <field name="export_type">float</field>
        <field name="apply_sign" eval="True" />
        <field name="size">17</field>
        <field name="decimal_size">2</field>
        <field name="alignment">right</field>
    </record>
    <record
        id="aeat_mod390_2019_sub03_export_line_55"
        model="aeat.model.export.config.line"
    >
        <field name="sequence">55</field>
        <field name="export_config_id" ref="aeat_mod390_2019_sub03_export_config" />
        <field
            name="name"
        >5. Operaciones Reg. Gral. - IVA deducible - Adqui. intra. bienes corrientes - Cuota [215]</field>
        <field
            name="expression"
        >${object.tax_line_ids.filtered(lambda r: r.field_number == 215).amount}</field>
        <field name="export_type">float</field>
        <field name="apply_sign" eval="True" />
        <field name="size">17</field>
        <field name="decimal_size">2</field>
        <field name="alignment">right</field>
    </record>
    <record
        id="aeat_mod390_2019_sub03_export_line_56"
        model="aeat.model.export.config.line"
    >
        <field name="sequence">56</field>
        <field name="export_config_id" ref="aeat_mod390_2019_sub03_export_config" />
        <field
            name="name"
        >5. Operaciones Reg. Gral. - IVA deducible - Adqui. intra. bienes corrientes - Base imponible [627]</field>
        <field
            name="expression"
        >${object.tax_line_ids.filtered(lambda r: r.field_number == 627).amount}</field>
        <field name="export_type">float</field>
        <field name="apply_sign" eval="True" />
        <field name="size">17</field>
        <field name="decimal_size">2</field>
        <field name="alignment">right</field>
    </record>
    <record
        id="aeat_mod390_2019_sub03_export_line_57"
        model="aeat.model.export.config.line"
    >
        <field name="sequence">57</field>
        <field name="export_config_id" ref="aeat_mod390_2019_sub03_export_config" />
        <field
            name="name"
        >5. Operaciones Reg. Gral. - IVA deducible - Adqui. intra. bienes corrientes - Cuota [628]</field>
        <field
            name="expression"
        >${object.tax_line_ids.filtered(lambda r: r.field_number == 628).amount}</field>
        <field name="export_type">float</field>
        <field name="apply_sign" eval="True" />
        <field name="size">17</field>
        <field name="decimal_size">2</field>
        <field name="alignment">right</field>
    </record>
    <record
        id="aeat_mod390_2019_sub03_export_line_58"
        model="aeat.model.export.config.line"
    >
        <field name="sequence">58</field>
        <field name="export_config_id" ref="aeat_mod390_2019_sub03_export_config" />
        <field
            name="name"
        >5. Operaciones Reg. Gral. - IVA deducible - Adqui. intra. bienes corrientes - Base imponible [629]</field>
        <field
            name="expression"
        >${object.tax_line_ids.filtered(lambda r: r.field_number == 629).amount}</field>
        <field name="export_type">float</field>
        <field name="apply_sign" eval="True" />
        <field name="size">17</field>
        <field name="decimal_size">2</field>
        <field name="alignment">right</field>
    </record>
    <record
        id="aeat_mod390_2019_sub03_export_line_59"
        model="aeat.model.export.config.line"
    >
        <field name="sequence">59</field>
        <field name="export_config_id" ref="aeat_mod390_2019_sub03_export_config" />
        <field
            name="name"
        >5. Operaciones Reg. Gral. - IVA deducible - Adqui. intra. bienes corrientes - Cuota [630]</field>
        <field
            name="expression"
        >${object.tax_line_ids.filtered(lambda r: r.field_number == 630).amount}</field>
        <field name="export_type">float</field>
        <field name="apply_sign" eval="True" />
        <field name="size">17</field>
        <field name="decimal_size">2</field>
        <field name="alignment">right</field>
    </record>
    <record
        id="aeat_mod390_2019_sub03_export_line_60"
        model="aeat.model.export.config.line"
    >
        <field name="sequence">60</field>
        <field name="export_config_id" ref="aeat_mod390_2019_sub03_export_config" />
        <field
            name="name"
        >5. Operaciones Reg. Gral. - IVA deducible - Total adqui. intra. bienes corrientes - Base imponible [56]</field>
        <field name="expression">${object.casilla_56}</field>
        <field name="export_type">float</field>
        <field name="apply_sign" eval="True" />
        <field name="size">17</field>
        <field name="decimal_size">2</field>
        <field name="alignment">right</field>
    </record>
    <record
        id="aeat_mod390_2019_sub03_export_line_61"
        model="aeat.model.export.config.line"
    >
        <field name="sequence">61</field>
        <field name="export_config_id" ref="aeat_mod390_2019_sub03_export_config" />
        <field
            name="name"
        >5. Operaciones Reg. Gral. - IVA deducible - Total adqui. intra. bienes corrientes - Cuota [57]</field>
        <field name="expression">${object.casilla_57}</field>
        <field name="export_type">float</field>
        <field name="apply_sign" eval="True" />
        <field name="size">17</field>
        <field name="decimal_size">2</field>
        <field name="alignment">right</field>
    </record>
    <record
        id="aeat_mod390_2019_sub03_export_line_62"
        model="aeat.model.export.config.line"
    >
        <field name="sequence">62</field>
        <field name="export_config_id" ref="aeat_mod390_2019_sub03_export_config" />
        <field
            name="name"
        >5. Operaciones Reg. Gral. - IVA deducible - Adqui. intra. bienes inversion - Base imponible [220]</field>
        <field
            name="expression"
        >${object.tax_line_ids.filtered(lambda r: r.field_number == 220).amount}</field>
        <field name="export_type">float</field>
        <field name="apply_sign" eval="True" />
        <field name="size">17</field>
        <field name="decimal_size">2</field>
        <field name="alignment">right</field>
    </record>
    <record
        id="aeat_mod390_2019_sub03_export_line_63"
        model="aeat.model.export.config.line"
    >
        <field name="sequence">63</field>
        <field name="export_config_id" ref="aeat_mod390_2019_sub03_export_config" />
        <field
            name="name"
        >5. Operaciones Reg. Gral. - IVA deducible - Adqui. intra. bienes inversion - Cuota [221]</field>
        <field
            name="expression"
        >${object.tax_line_ids.filtered(lambda r: r.field_number == 221).amount}</field>
        <field name="export_type">float</field>
        <field name="apply_sign" eval="True" />
        <field name="size">17</field>
        <field name="decimal_size">2</field>
        <field name="alignment">right</field>
    </record>
    <record
        id="aeat_mod390_2019_sub03_export_line_64"
        model="aeat.model.export.config.line"
    >
        <field name="sequence">64</field>
        <field name="export_config_id" ref="aeat_mod390_2019_sub03_export_config" />
        <field
            name="name"
        >5. Operaciones Reg. Gral. - IVA deducible - Adqui. intra. bienes inversion - Base imponible [631]</field>
        <field
            name="expression"
        >${object.tax_line_ids.filtered(lambda r: r.field_number == 631).amount}</field>
        <field name="export_type">float</field>
        <field name="apply_sign" eval="True" />
        <field name="size">17</field>
        <field name="decimal_size">2</field>
        <field name="alignment">right</field>
    </record>
    <record
        id="aeat_mod390_2019_sub03_export_line_65"
        model="aeat.model.export.config.line"
    >
        <field name="sequence">65</field>
        <field name="export_config_id" ref="aeat_mod390_2019_sub03_export_config" />
        <field
            name="name"
        >5. Operaciones Reg. Gral. - IVA deducible - Adqui. intra. bienes inversion - Cuota [632]</field>
        <field
            name="expression"
        >${object.tax_line_ids.filtered(lambda r: r.field_number == 632).amount}</field>
        <field name="export_type">float</field>
        <field name="apply_sign" eval="True" />
        <field name="size">17</field>
        <field name="decimal_size">2</field>
        <field name="alignment">right</field>
    </record>
    <record
        id="aeat_mod390_2019_sub03_export_line_66"
        model="aeat.model.export.config.line"
    >
        <field name="sequence">66</field>
        <field name="export_config_id" ref="aeat_mod390_2019_sub03_export_config" />
        <field
            name="name"
        >5. Operaciones Reg. Gral. - IVA deducible - Adqui. intra. bienes inversion - Base imponible [633]</field>
        <field
            name="expression"
        >${object.tax_line_ids.filtered(lambda r: r.field_number == 633).amount}</field>
        <field name="export_type">float</field>
        <field name="apply_sign" eval="True" />
        <field name="size">17</field>
        <field name="decimal_size">2</field>
        <field name="alignment">right</field>
    </record>
    <record
        id="aeat_mod390_2019_sub03_export_line_67"
        model="aeat.model.export.config.line"
    >
        <field name="sequence">67</field>
        <field name="export_config_id" ref="aeat_mod390_2019_sub03_export_config" />
        <field
            name="name"
        >5. Operaciones Reg. Gral. - IVA deducible - Adqui. intra. bienes inversion - Cuota [634]</field>
        <field
            name="expression"
        >${object.tax_line_ids.filtered(lambda r: r.field_number == 634).amount}</field>
        <field name="export_type">float</field>
        <field name="apply_sign" eval="True" />
        <field name="size">17</field>
        <field name="decimal_size">2</field>
        <field name="alignment">right</field>
    </record>
    <record
        id="aeat_mod390_2019_sub03_export_line_68"
        model="aeat.model.export.config.line"
    >
        <field name="sequence">68</field>
        <field name="export_config_id" ref="aeat_mod390_2019_sub03_export_config" />
        <field
            name="name"
        >5. Operaciones Reg. Gral. - IVA deducible - Total adqui. intra. bienes inversion - Base imponible [58]</field>
        <field name="expression">${object.casilla_58}</field>
        <field name="export_type">float</field>
        <field name="apply_sign" eval="True" />
        <field name="size">17</field>
        <field name="decimal_size">2</field>
        <field name="alignment">right</field>
    </record>
    <record
        id="aeat_mod390_2019_sub03_export_line_69"
        model="aeat.model.export.config.line"
    >
        <field name="sequence">69</field>
        <field name="export_config_id" ref="aeat_mod390_2019_sub03_export_config" />
        <field
            name="name"
        >5. Operaciones Reg. Gral. - IVA deducible - Total adqui. intra. bienes inversion - Cuota [59]</field>
        <field name="expression">${object.casilla_59}</field>
        <field name="export_type">float</field>
        <field name="apply_sign" eval="True" />
        <field name="size">17</field>
        <field name="decimal_size">2</field>
        <field name="alignment">right</field>
    </record>
    <record
        id="aeat_mod390_2019_sub03_export_line_70"
        model="aeat.model.export.config.line"
    >
        <field name="sequence">70</field>
        <field name="export_config_id" ref="aeat_mod390_2019_sub03_export_config" />
        <field
            name="name"
        >5. Operaciones Reg. Gral. - IVA deducible - Adqui. intra. servicios - Base imponible [587]</field>
        <field
            name="expression"
        >${object.tax_line_ids.filtered(lambda r: r.field_number == 587).amount}</field>
        <field name="export_type">float</field>
        <field name="apply_sign" eval="True" />
        <field name="size">17</field>
        <field name="decimal_size">2</field>
        <field name="alignment">right</field>
    </record>
    <record
        id="aeat_mod390_2019_sub03_export_line_71"
        model="aeat.model.export.config.line"
    >
        <field name="sequence">71</field>
        <field name="export_config_id" ref="aeat_mod390_2019_sub03_export_config" />
        <field
            name="name"
        >5. Operaciones Reg. Gral. - IVA deducible - Adqui. intra. servicios - Cuota [588]</field>
        <field
            name="expression"
        >${object.tax_line_ids.filtered(lambda r: r.field_number == 588).amount}</field>
        <field name="export_type">float</field>
        <field name="apply_sign" eval="True" />
        <field name="size">17</field>
        <field name="decimal_size">2</field>
        <field name="alignment">right</field>
    </record>
    <record
        id="aeat_mod390_2019_sub03_export_line_72"
        model="aeat.model.export.config.line"
    >
        <field name="sequence">72</field>
        <field name="export_config_id" ref="aeat_mod390_2019_sub03_export_config" />
        <field
            name="name"
        >5. Operaciones Reg. Gral. - IVA deducible - Adqui. intra. servicios - Base imponible [635]</field>
        <field
            name="expression"
        >${object.tax_line_ids.filtered(lambda r: r.field_number == 635).amount}</field>
        <field name="export_type">float</field>
        <field name="apply_sign" eval="True" />
        <field name="size">17</field>
        <field name="decimal_size">2</field>
        <field name="alignment">right</field>
    </record>
    <record
        id="aeat_mod390_2019_sub03_export_line_73"
        model="aeat.model.export.config.line"
    >
        <field name="sequence">73</field>
        <field name="export_config_id" ref="aeat_mod390_2019_sub03_export_config" />
        <field
            name="name"
        >5. Operaciones Reg. Gral. - IVA deducible - Adqui. intra. servicios - Cuota [636]</field>
        <field
            name="expression"
        >${object.tax_line_ids.filtered(lambda r: r.field_number == 636).amount}</field>
        <field name="export_type">float</field>
        <field name="apply_sign" eval="True" />
        <field name="size">17</field>
        <field name="decimal_size">2</field>
        <field name="alignment">right</field>
    </record>
    <record
        id="aeat_mod390_2019_sub03_export_line_74"
        model="aeat.model.export.config.line"
    >
        <field name="sequence">74</field>
        <field name="export_config_id" ref="aeat_mod390_2019_sub03_export_config" />
        <field
            name="name"
        >5. Operaciones Reg. Gral. - IVA deducible - Adqui. intra. servicios - Base imponible [637]</field>
        <field
            name="expression"
        >${object.tax_line_ids.filtered(lambda r: r.field_number == 637).amount}</field>
        <field name="export_type">float</field>
        <field name="apply_sign" eval="True" />
        <field name="size">17</field>
        <field name="decimal_size">2</field>
        <field name="alignment">right</field>
    </record>
    <record
        id="aeat_mod390_2019_sub03_export_line_75"
        model="aeat.model.export.config.line"
    >
        <field name="sequence">75</field>
        <field name="export_config_id" ref="aeat_mod390_2019_sub03_export_config" />
        <field
            name="name"
        >5. Operaciones Reg. Gral. - IVA deducible - Adqui. intra. servicios - Cuota [638]</field>
        <field
            name="expression"
        >${object.tax_line_ids.filtered(lambda r: r.field_number == 638).amount}</field>
        <field name="export_type">float</field>
        <field name="apply_sign" eval="True" />
        <field name="size">17</field>
        <field name="decimal_size">2</field>
        <field name="alignment">right</field>
    </record>
    <record
        id="aeat_mod390_2019_sub03_export_line_76"
        model="aeat.model.export.config.line"
    >
        <field name="sequence">76</field>
        <field name="export_config_id" ref="aeat_mod390_2019_sub03_export_config" />
        <field
            name="name"
        >5. Operaciones Reg. Gral. - IVA deducible - Total adqui. intra. servicios - Base imponible [597]</field>
        <field name="expression">${object.casilla_597}</field>
        <field name="export_type">float</field>
        <field name="apply_sign" eval="True" />
        <field name="size">17</field>
        <field name="decimal_size">2</field>
        <field name="alignment">right</field>
    </record>
    <record
        id="aeat_mod390_2019_sub03_export_line_77"
        model="aeat.model.export.config.line"
    >
        <field name="sequence">77</field>
        <field name="export_config_id" ref="aeat_mod390_2019_sub03_export_config" />
        <field
            name="name"
        >5. Operaciones Reg. Gral. - IVA deducible - Total adqui. intra. servicios - Cuota [598]</field>
        <field name="expression">${object.casilla_598}</field>
        <field name="export_type">float</field>
        <field name="apply_sign" eval="True" />
        <field name="size">17</field>
        <field name="decimal_size">2</field>
        <field name="alignment">right</field>
    </record>
    <record
        id="aeat_mod390_2019_sub03_export_line_78"
        model="aeat.model.export.config.line"
    >
        <field name="sequence">78</field>
        <field name="export_config_id" ref="aeat_mod390_2019_sub03_export_config" />
        <field name="name">Reservado para la A.E.A.T. (Dejar en blanco)</field>
        <field name="fixed_value" />
        <field name="export_type">string</field>
        <field name="size">150</field>
        <field name="alignment">left</field>
    </record>
    <record
        id="aeat_mod390_2019_sub03_export_line_79"
        model="aeat.model.export.config.line"
    >
        <field name="sequence">79</field>
        <field name="export_config_id" ref="aeat_mod390_2019_sub03_export_config" />
        <field name="name">Indicador de fin de registro: &lt;/T39003000&gt;</field>
        <field name="fixed_value">&lt;/T39003000&gt;</field>
        <field name="export_type">string</field>
        <field name="size">12</field>
        <field name="alignment">left</field>
    </record>
</odoo>
