<?xml version="1.0" encoding="utf-8" ?>
<!-- Copyright 2019 Tecnativa - Pedro M. Baeza
     License AGPL-3.0 or later (http://www.gnu.org/licenses/agpl). -->
<odoo>
    <record id="aeat_mod390_2019_sub01_export_config" model="aeat.model.export.config">
        <field name="name">Mod.390 2019/2021 - Página 1</field>
        <field name="model_number">390</field>
        <field name="active" eval="False" />
    </record>
    <record
        id="aeat_mod390_2019_sub01_export_line_01"
        model="aeat.model.export.config.line"
    >
        <field name="sequence">1</field>
        <field name="export_config_id" ref="aeat_mod390_2019_sub01_export_config" />
        <field name="name">Constante: &lt;T</field>
        <field name="fixed_value">&lt;T</field>
        <field name="export_type">string</field>
        <field name="size">2</field>
        <field name="alignment">left</field>
    </record>
    <record
        id="aeat_mod390_2019_sub01_export_line_02"
        model="aeat.model.export.config.line"
    >
        <field name="sequence">2</field>
        <field name="export_config_id" ref="aeat_mod390_2019_sub01_export_config" />
        <field name="name">Constante: 390</field>
        <field name="fixed_value">390</field>
        <field name="export_type">string</field>
        <field name="size">3</field>
        <field name="alignment">left</field>
    </record>
    <record
        id="aeat_mod390_2019_sub01_export_line_03"
        model="aeat.model.export.config.line"
    >
        <field name="sequence">3</field>
        <field name="export_config_id" ref="aeat_mod390_2019_sub01_export_config" />
        <field name="name">Página</field>
        <field name="fixed_value">01</field>
        <field name="export_type">string</field>
        <field name="size">2</field>
        <field name="alignment">left</field>
    </record>
    <record
        id="aeat_mod390_2019_sub01_export_line_04"
        model="aeat.model.export.config.line"
    >
        <field name="sequence">4</field>
        <field name="export_config_id" ref="aeat_mod390_2019_sub01_export_config" />
        <field name="name">Constante: 000&gt;</field>
        <field name="fixed_value">000&gt;</field>
        <field name="export_type">string</field>
        <field name="size">4</field>
        <field name="alignment">left</field>
    </record>
    <record
        id="aeat_mod390_2019_sub01_export_line_05"
        model="aeat.model.export.config.line"
    >
        <field name="sequence">5</field>
        <field name="export_config_id" ref="aeat_mod390_2019_sub01_export_config" />
        <field name="name">Indicador de página complementaria: En blanco</field>
        <field name="fixed_value" />
        <field name="export_type">string</field>
        <field name="size">1</field>
        <field name="alignment">left</field>
    </record>
    <record
        id="aeat_mod390_2019_sub01_export_line_06"
        model="aeat.model.export.config.line"
    >
        <field name="sequence">6</field>
        <field name="export_config_id" ref="aeat_mod390_2019_sub01_export_config" />
        <field name="name">Reservado para la A.E.A.T. (Dejar en blanco)</field>
        <field name="fixed_value" />
        <field name="export_type">string</field>
        <field name="size">1</field>
        <field name="alignment">left</field>
    </record>
    <record
        id="aeat_mod390_2019_sub01_export_line_07"
        model="aeat.model.export.config.line"
    >
        <field name="sequence">7</field>
        <field name="export_config_id" ref="aeat_mod390_2019_sub01_export_config" />
        <field name="name">Identificación: NIF</field>
        <field name="expression">${object.company_vat}</field>
        <field name="export_type">string</field>
        <field name="size">9</field>
        <field name="alignment">left</field>
    </record>
    <record
        id="aeat_mod390_2019_sub01_export_line_08"
        model="aeat.model.export.config.line"
    >
        <field name="sequence">8</field>
        <field name="export_config_id" ref="aeat_mod390_2019_sub01_export_config" />
        <field name="name">Identificación: Denominación o Apellidos</field>
        <field name="expression">${object.company_id.name}</field>
        <field name="export_type">string</field>
        <field name="size">60</field>
        <field name="alignment">left</field>
    </record>
    <record
        id="aeat_mod390_2019_sub01_export_line_09"
        model="aeat.model.export.config.line"
    >
        <field name="sequence">9</field>
        <field name="export_config_id" ref="aeat_mod390_2019_sub01_export_config" />
        <field name="name">Identificación: Nombre</field>
        <field name="fixed_value" />
        <field name="export_type">string</field>
        <field name="size">20</field>
        <field name="alignment">left</field>
    </record>
    <record
        id="aeat_mod390_2019_sub01_export_line_10"
        model="aeat.model.export.config.line"
    >
        <field name="sequence">10</field>
        <field name="export_config_id" ref="aeat_mod390_2019_sub01_export_config" />
        <field name="name">Identificación: Ejercicio</field>
        <field name="expression">${object.year}</field>
        <field name="export_type">string</field>
        <field name="size">4</field>
        <field name="alignment">left</field>
    </record>
    <record
        id="aeat_mod390_2019_sub01_export_line_11"
        model="aeat.model.export.config.line"
    >
        <field name="sequence">11</field>
        <field name="export_config_id" ref="aeat_mod390_2019_sub01_export_config" />
        <field name="name">Reservado para la A.E.A.T. (Dejar en blanco)</field>
        <field name="fixed_value" />
        <field name="export_type">string</field>
        <field name="size">2</field>
        <field name="alignment">left</field>
    </record>
    <record
        id="aeat_mod390_2019_sub01_export_line_12"
        model="aeat.model.export.config.line"
    >
        <field name="sequence">12</field>
        <field name="export_config_id" ref="aeat_mod390_2019_sub01_export_config" />
        <field name="name">1. Sujeto pasivo - Registro de devolución mensual.</field>
        <field name="fixed_value">0</field>
        <field name="export_type">string</field>
        <field name="size">1</field>
        <field name="alignment">left</field>
    </record>
    <record
        id="aeat_mod390_2019_sub01_export_line_13"
        model="aeat.model.export.config.line"
    >
        <field name="sequence">13</field>
        <field name="export_config_id" ref="aeat_mod390_2019_sub01_export_config" />
        <field
            name="name"
        >1. Sujeto pasivo - Regimen especial del grupo de entidades</field>
        <field name="fixed_value">0</field>
        <field name="export_type">string</field>
        <field name="size">1</field>
        <field name="alignment">left</field>
    </record>
    <record
        id="aeat_mod390_2019_sub01_export_line_14"
        model="aeat.model.export.config.line"
    >
        <field name="sequence">14</field>
        <field name="export_config_id" ref="aeat_mod390_2019_sub01_export_config" />
        <field name="name">1. Sujeto pasivo - Número de grupo</field>
        <field name="fixed_value" />
        <field name="export_type">string</field>
        <field name="size">7</field>
        <field name="alignment">left</field>
    </record>
    <record
        id="aeat_mod390_2019_sub01_export_line_15"
        model="aeat.model.export.config.line"
    >
        <field name="sequence">15</field>
        <field name="export_config_id" ref="aeat_mod390_2019_sub01_export_config" />
        <field name="name">1. Sujeto pasivo - dominante?</field>
        <field name="fixed_value">0</field>
        <field name="export_type">string</field>
        <field name="size">1</field>
        <field name="alignment">left</field>
    </record>
    <record
        id="aeat_mod390_2019_sub01_export_line_16"
        model="aeat.model.export.config.line"
    >
        <field name="sequence">16</field>
        <field name="export_config_id" ref="aeat_mod390_2019_sub01_export_config" />
        <field name="name">1. Sujeto pasivo - dependiente?</field>
        <field name="fixed_value">0</field>
        <field name="export_type">string</field>
        <field name="size">1</field>
        <field name="alignment">left</field>
    </record>
    <record
        id="aeat_mod390_2019_sub01_export_line_17"
        model="aeat.model.export.config.line"
    >
        <field name="sequence">17</field>
        <field name="export_config_id" ref="aeat_mod390_2019_sub01_export_config" />
        <field
            name="name"
        >1. Sujeto pasivo - Tipo régimen especial aplicable. Art 163 sexies.cinco. Si o No</field>
        <field name="fixed_value">0</field>
        <field name="export_type">string</field>
        <field name="size">1</field>
        <field name="alignment">left</field>
    </record>
    <record
        id="aeat_mod390_2019_sub01_export_line_18"
        model="aeat.model.export.config.line"
    >
        <field name="sequence">18</field>
        <field name="export_config_id" ref="aeat_mod390_2019_sub01_export_config" />
        <field name="name">1. Sujeto pasivo - NIF entidad dominante</field>
        <field name="fixed_value" />
        <field name="export_type">string</field>
        <field name="size">9</field>
        <field name="alignment">left</field>
    </record>
    <record
        id="aeat_mod390_2019_sub01_export_line_19"
        model="aeat.model.export.config.line"
    >
        <field name="sequence">19</field>
        <field name="export_config_id" ref="aeat_mod390_2019_sub01_export_config" />
        <field
            name="name"
        >1. Sujeto pasivo - Concurso acreedores en este ejercicio</field>
        <field name="fixed_value">2</field>
        <field name="export_type">string</field>
        <field name="size">1</field>
        <field name="alignment">left</field>
    </record>
    <record
        id="aeat_mod390_2019_sub01_export_line_20"
        model="aeat.model.export.config.line"
    >
        <field name="sequence">20</field>
        <field name="export_config_id" ref="aeat_mod390_2019_sub01_export_config" />
        <field
            name="name"
        >1. Sujeto pasivo - Regimen especial del criterio de caja</field>
        <field name="fixed_value">2</field>
        <field name="export_type">string</field>
        <field name="size">1</field>
        <field name="alignment">left</field>
    </record>
    <record
        id="aeat_mod390_2019_sub01_export_line_21"
        model="aeat.model.export.config.line"
    >
        <field name="sequence">21</field>
        <field name="export_config_id" ref="aeat_mod390_2019_sub01_export_config" />
        <field
            name="name"
        >1. Sujeto pasivo - Ha sido destinatario del régimen especial del criterio de caja</field>
        <field name="fixed_value">2</field>
        <field name="export_type">string</field>
        <field name="size">1</field>
        <field name="alignment">left</field>
    </record>
    <record
        id="aeat_mod390_2019_sub01_export_line_22"
        model="aeat.model.export.config.line"
    >
        <field name="sequence">22</field>
        <field name="export_config_id" ref="aeat_mod390_2019_sub01_export_config" />
        <field name="name">2. Devengo - Sustitutiva?</field>
        <field name="expression">${object.statement_type == 'S'}</field>
        <field name="export_type">boolean</field>
        <field name="size">1</field>
        <field name="bool_yes">1</field>
        <field name="bool_no">0</field>
        <field name="alignment">left</field>
    </record>
    <record
        id="aeat_mod390_2019_sub01_export_line_23"
        model="aeat.model.export.config.line"
    >
        <field name="sequence">23</field>
        <field name="export_config_id" ref="aeat_mod390_2019_sub01_export_config" />
        <field name="name">2. Devengo - Sustitutiva por rectificación de cuotas?</field>
        <field name="fixed_value">0</field>
        <field name="export_type">string</field>
        <field name="size">1</field>
        <field name="alignment">left</field>
    </record>
    <record
        id="aeat_mod390_2019_sub01_export_line_24"
        model="aeat.model.export.config.line"
    >
        <field name="sequence">24</field>
        <field name="export_config_id" ref="aeat_mod390_2019_sub01_export_config" />
        <field name="name">2. Devengo - Nº justificante declaración anterior</field>
        <field
            name="expression"
        >${object.previous_number if object.statement_type in ('S', 'SF') else ''}</field>
        <field name="export_type">string</field>
        <field name="size">13</field>
        <field name="alignment">left</field>
    </record>
    <record
        id="aeat_mod390_2019_sub01_export_line_25"
        model="aeat.model.export.config.line"
    >
        <field name="sequence">25</field>
        <field name="export_config_id" ref="aeat_mod390_2019_sub01_export_config" />
        <field name="name">3. Datos estadísticos - A - Actividades - Principal</field>
        <field name="expression">${object.main_activity}</field>
        <field name="export_type">string</field>
        <field name="size">40</field>
        <field name="alignment">left</field>
    </record>
    <record
        id="aeat_mod390_2019_sub01_export_line_26"
        model="aeat.model.export.config.line"
    >
        <field name="sequence">26</field>
        <field name="export_config_id" ref="aeat_mod390_2019_sub01_export_config" />
        <field name="name">3. Datos estadísticos - B - Clave - Principal</field>
        <field name="expression">${object.main_activity_code}</field>
        <field name="export_type">string</field>
        <field name="size">1</field>
        <field name="alignment">left</field>
    </record>
    <record
        id="aeat_mod390_2019_sub01_export_line_27"
        model="aeat.model.export.config.line"
    >
        <field name="sequence">27</field>
        <field name="export_config_id" ref="aeat_mod390_2019_sub01_export_config" />
        <field
            name="name"
        >3. Datos estadísticos - C -Epígrafe I.A.E. - Principal</field>
        <field name="expression">${object.main_activity_iae}</field>
        <field name="export_type">string</field>
        <field name="size">4</field>
        <field name="alignment">left</field>
    </record>
    <record
        id="aeat_mod390_2019_sub01_export_line_28"
        model="aeat.model.export.config.line"
    >
        <field name="sequence">28</field>
        <field name="export_config_id" ref="aeat_mod390_2019_sub01_export_config" />
        <field name="name">3. Datos estadísticos - A - Actividades - Otras - 1ª</field>
        <field name="expression">${object.other_first_activity}</field>
        <field name="export_type">string</field>
        <field name="size">40</field>
        <field name="alignment">left</field>
    </record>
    <record
        id="aeat_mod390_2019_sub01_export_line_29"
        model="aeat.model.export.config.line"
    >
        <field name="sequence">29</field>
        <field name="export_config_id" ref="aeat_mod390_2019_sub01_export_config" />
        <field name="name">3. Datos estadísticos - B - Clave - Otras 1ª</field>
        <field name="expression">${object.other_first_activity_code or '0'}</field>
        <field name="export_type">string</field>
        <field name="size">1</field>
        <field name="alignment">left</field>
    </record>
    <record
        id="aeat_mod390_2019_sub01_export_line_30"
        model="aeat.model.export.config.line"
    >
        <field name="sequence">30</field>
        <field name="export_config_id" ref="aeat_mod390_2019_sub01_export_config" />
        <field name="name">3. Datos estadísticos - C -Epígrafe I.A.E. - Otras 1º</field>
        <field name="expression">${object.other_first_activity_iae}</field>
        <field name="export_type">string</field>
        <field name="size">4</field>
        <field name="alignment">left</field>
    </record>
    <record
        id="aeat_mod390_2019_sub01_export_line_31"
        model="aeat.model.export.config.line"
    >
        <field name="sequence">31</field>
        <field name="export_config_id" ref="aeat_mod390_2019_sub01_export_config" />
        <field name="name">3. Datos estadísticos - A - Actividades - Otras - 2ª</field>
        <field name="expression">${object.other_second_activity}</field>
        <field name="export_type">string</field>
        <field name="size">40</field>
        <field name="alignment">left</field>
    </record>
    <record
        id="aeat_mod390_2019_sub01_export_line_32"
        model="aeat.model.export.config.line"
    >
        <field name="sequence">32</field>
        <field name="export_config_id" ref="aeat_mod390_2019_sub01_export_config" />
        <field name="name">3. Datos estadísticos - B - Clave - Otras 2ª</field>
        <field name="expression">${object.other_second_activity_code or '0'}</field>
        <field name="export_type">string</field>
        <field name="size">1</field>
        <field name="alignment">left</field>
    </record>
    <record
        id="aeat_mod390_2019_sub01_export_line_33"
        model="aeat.model.export.config.line"
    >
        <field name="sequence">33</field>
        <field name="export_config_id" ref="aeat_mod390_2019_sub01_export_config" />
        <field name="name">3. Datos estadísticos - C -Epígrafe I.A.E. - Otras 2º</field>
        <field name="expression">${object.other_second_activity_iae}</field>
        <field name="export_type">string</field>
        <field name="size">4</field>
        <field name="alignment">left</field>
    </record>
    <record
        id="aeat_mod390_2019_sub01_export_line_34"
        model="aeat.model.export.config.line"
    >
        <field name="sequence">34</field>
        <field name="export_config_id" ref="aeat_mod390_2019_sub01_export_config" />
        <field name="name">3. Datos estadísticos - A - Actividades - Otras - 3ª</field>
        <field name="expression">${object.other_third_activity}</field>
        <field name="export_type">string</field>
        <field name="size">40</field>
        <field name="alignment">left</field>
    </record>
    <record
        id="aeat_mod390_2019_sub01_export_line_35"
        model="aeat.model.export.config.line"
    >
        <field name="sequence">35</field>
        <field name="export_config_id" ref="aeat_mod390_2019_sub01_export_config" />
        <field name="name">3. Datos estadísticos - B - Clave - Otras 3ª</field>
        <field name="expression">${object.other_third_activity_code or '0'}</field>
        <field name="export_type">string</field>
        <field name="size">1</field>
        <field name="alignment">left</field>
    </record>
    <record
        id="aeat_mod390_2019_sub01_export_line_36"
        model="aeat.model.export.config.line"
    >
        <field name="sequence">36</field>
        <field name="export_config_id" ref="aeat_mod390_2019_sub01_export_config" />
        <field name="name">3. Datos estadísticos - C -Epígrafe I.A.E. - Otras 3º</field>
        <field name="expression">${object.other_third_activity_iae}</field>
        <field name="export_type">string</field>
        <field name="size">4</field>
        <field name="alignment">left</field>
    </record>
    <record
        id="aeat_mod390_2019_sub01_export_line_37"
        model="aeat.model.export.config.line"
    >
        <field name="sequence">37</field>
        <field name="export_config_id" ref="aeat_mod390_2019_sub01_export_config" />
        <field name="name">3. Datos estadísticos - A - Actividades - Otras - 4ª</field>
        <field name="expression">${object.other_fourth_activity}</field>
        <field name="export_type">string</field>
        <field name="size">40</field>
        <field name="alignment">left</field>
    </record>
    <record
        id="aeat_mod390_2019_sub01_export_line_38"
        model="aeat.model.export.config.line"
    >
        <field name="sequence">38</field>
        <field name="export_config_id" ref="aeat_mod390_2019_sub01_export_config" />
        <field name="name">3. Datos estadísticos - B - Clave - Otras 4ª</field>
        <field name="expression">${object.other_fourth_activity_code or '0'}</field>
        <field name="export_type">string</field>
        <field name="size">1</field>
        <field name="alignment">left</field>
    </record>
    <record
        id="aeat_mod390_2019_sub01_export_line_39"
        model="aeat.model.export.config.line"
    >
        <field name="sequence">39</field>
        <field name="export_config_id" ref="aeat_mod390_2019_sub01_export_config" />
        <field name="name">3. Datos estadísticos - C -Epígrafe I.A.E. - Otras 4º</field>
        <field name="expression">${object.other_fourth_activity_iae}</field>
        <field name="export_type">string</field>
        <field name="size">4</field>
        <field name="alignment">left</field>
    </record>
    <record
        id="aeat_mod390_2019_sub01_export_line_40"
        model="aeat.model.export.config.line"
    >
        <field name="sequence">40</field>
        <field name="export_config_id" ref="aeat_mod390_2019_sub01_export_config" />
        <field name="name">3. Datos estadísticos - A - Actividades - Otras - 5ª</field>
        <field name="expression">${object.other_fifth_activity}</field>
        <field name="export_type">string</field>
        <field name="size">40</field>
        <field name="alignment">left</field>
    </record>
    <record
        id="aeat_mod390_2019_sub01_export_line_41"
        model="aeat.model.export.config.line"
    >
        <field name="sequence">41</field>
        <field name="export_config_id" ref="aeat_mod390_2019_sub01_export_config" />
        <field name="name">3. Datos estadísticos - B - Clave - Otras 5ª</field>
        <field name="expression">${object.other_fifth_activity_code or '0'}</field>
        <field name="export_type">string</field>
        <field name="size">1</field>
        <field name="alignment">left</field>
    </record>
    <record
        id="aeat_mod390_2019_sub01_export_line_42"
        model="aeat.model.export.config.line"
    >
        <field name="sequence">42</field>
        <field name="export_config_id" ref="aeat_mod390_2019_sub01_export_config" />
        <field name="name">3. Datos estadísticos - C -Epígrafe I.A.E. - Otras 5º</field>
        <field name="expression">${object.other_fifth_activity_iae}</field>
        <field name="export_type">string</field>
        <field name="size">4</field>
        <field name="alignment">left</field>
    </record>
    <record
        id="aeat_mod390_2019_sub01_export_line_43"
        model="aeat.model.export.config.line"
    >
        <field name="sequence">43</field>
        <field name="export_config_id" ref="aeat_mod390_2019_sub01_export_config" />
        <field
            name="name"
        >3. Datos estadísticos - D - Declaración anual operac. con terceras personas.</field>
        <field name="expression">${object.has_347}</field>
        <field name="export_type">boolean</field>
        <field name="size">1</field>
        <field name="bool_yes">1</field>
        <field name="bool_no">0</field>
        <field name="alignment">left</field>
    </record>
    <record
        id="aeat_mod390_2019_sub01_export_line_44"
        model="aeat.model.export.config.line"
    >
        <field name="sequence">44</field>
        <field name="export_config_id" ref="aeat_mod390_2019_sub01_export_config" />
        <field name="name">3. Datos estadísticos - Declaración conjunta - NIF.</field>
        <field name="fixed_value" />
        <field name="export_type">string</field>
        <field name="size">9</field>
        <field name="alignment">left</field>
    </record>
    <record
        id="aeat_mod390_2019_sub01_export_line_45"
        model="aeat.model.export.config.line"
    >
        <field name="sequence">45</field>
        <field name="export_config_id" ref="aeat_mod390_2019_sub01_export_config" />
        <field
            name="name"
        >3. Datos estadísticos - Declaración conjunta - Razón social</field>
        <field name="fixed_value" />
        <field name="export_type">string</field>
        <field name="size">37</field>
        <field name="alignment">left</field>
    </record>
    <record
        id="aeat_mod390_2019_sub01_export_line_46"
        model="aeat.model.export.config.line"
    >
        <field name="sequence">46</field>
        <field name="export_config_id" ref="aeat_mod390_2019_sub01_export_config" />
        <field
            name="name"
        >4. Representante - Personas Físicas/Comunid. Bienes - Represent. - NIF.</field>
        <field name="fixed_value" />
        <field name="export_type">string</field>
        <field name="size">9</field>
        <field name="alignment">left</field>
    </record>
    <record
        id="aeat_mod390_2019_sub01_export_line_47"
        model="aeat.model.export.config.line"
    >
        <field name="sequence">47</field>
        <field name="export_config_id" ref="aeat_mod390_2019_sub01_export_config" />
        <field
            name="name"
        >4. Representante - Personas Físicas/Comunid. Bienes - Represent. - Apellidos y Nombre/Razón social</field>
        <field name="fixed_value" />
        <field name="export_type">string</field>
        <field name="size">80</field>
        <field name="alignment">left</field>
    </record>
    <record
        id="aeat_mod390_2019_sub01_export_line_48"
        model="aeat.model.export.config.line"
    >
        <field name="sequence">48</field>
        <field name="export_config_id" ref="aeat_mod390_2019_sub01_export_config" />
        <field
            name="name"
        >4. Representante - Personas Físicas/Comunid. Bienes - Represent. - Calle/Pza./Avda.</field>
        <field name="fixed_value" />
        <field name="export_type">string</field>
        <field name="size">2</field>
        <field name="alignment">left</field>
    </record>
    <record
        id="aeat_mod390_2019_sub01_export_line_49"
        model="aeat.model.export.config.line"
    >
        <field name="sequence">49</field>
        <field name="export_config_id" ref="aeat_mod390_2019_sub01_export_config" />
        <field
            name="name"
        >4. Representante - Personas Físicas/Comunid. Bienes - Represent. - Nombre de la vía pública</field>
        <field name="fixed_value" />
        <field name="export_type">string</field>
        <field name="size">17</field>
        <field name="alignment">left</field>
    </record>
    <record
        id="aeat_mod390_2019_sub01_export_line_50"
        model="aeat.model.export.config.line"
    >
        <field name="sequence">50</field>
        <field name="export_config_id" ref="aeat_mod390_2019_sub01_export_config" />
        <field
            name="name"
        >4. Representante - Personas Físicas/Comunid. Bienes - Represent. - Número</field>
        <field name="fixed_value" />
        <field name="export_type">string</field>
        <field name="size">5</field>
        <field name="alignment">left</field>
    </record>
    <record
        id="aeat_mod390_2019_sub01_export_line_51"
        model="aeat.model.export.config.line"
    >
        <field name="sequence">51</field>
        <field name="export_config_id" ref="aeat_mod390_2019_sub01_export_config" />
        <field
            name="name"
        >4. Representante - Personas Físicas/Comunid. Bienes - Represent. - Esc.</field>
        <field name="fixed_value" />
        <field name="export_type">string</field>
        <field name="size">2</field>
        <field name="alignment">left</field>
    </record>
    <record
        id="aeat_mod390_2019_sub01_export_line_52"
        model="aeat.model.export.config.line"
    >
        <field name="sequence">52</field>
        <field name="export_config_id" ref="aeat_mod390_2019_sub01_export_config" />
        <field
            name="name"
        >4. Representante - Personas Físicas/Comunid. Bienes - Represent. - Piso</field>
        <field name="fixed_value" />
        <field name="export_type">string</field>
        <field name="size">2</field>
        <field name="alignment">left</field>
    </record>
    <record
        id="aeat_mod390_2019_sub01_export_line_53"
        model="aeat.model.export.config.line"
    >
        <field name="sequence">53</field>
        <field name="export_config_id" ref="aeat_mod390_2019_sub01_export_config" />
        <field
            name="name"
        >4. Representante - Personas Físicas/Comunid. Bienes - Represent. - Prta.</field>
        <field name="fixed_value" />
        <field name="export_type">string</field>
        <field name="size">2</field>
        <field name="alignment">left</field>
    </record>
    <record
        id="aeat_mod390_2019_sub01_export_line_54"
        model="aeat.model.export.config.line"
    >
        <field name="sequence">54</field>
        <field name="export_config_id" ref="aeat_mod390_2019_sub01_export_config" />
        <field
            name="name"
        >4. Representante - Personas Físicas/Comunid. Bienes - Represent. - Teléfono</field>
        <field name="fixed_value" />
        <field name="export_type">string</field>
        <field name="size">9</field>
        <field name="alignment">left</field>
    </record>
    <record
        id="aeat_mod390_2019_sub01_export_line_55"
        model="aeat.model.export.config.line"
    >
        <field name="sequence">55</field>
        <field name="export_config_id" ref="aeat_mod390_2019_sub01_export_config" />
        <field
            name="name"
        >4. Representante - Personas Físicas/Comunid. Bienes - Represent. - Municipio</field>
        <field name="fixed_value" />
        <field name="export_type">string</field>
        <field name="size">20</field>
        <field name="alignment">left</field>
    </record>
    <record
        id="aeat_mod390_2019_sub01_export_line_56"
        model="aeat.model.export.config.line"
    >
        <field name="sequence">56</field>
        <field name="export_config_id" ref="aeat_mod390_2019_sub01_export_config" />
        <field
            name="name"
        >4. Representante - Personas Físicas/Comunid. Bienes - Represent. - Provincia</field>
        <field name="fixed_value" />
        <field name="export_type">string</field>
        <field name="size">15</field>
        <field name="alignment">left</field>
    </record>
    <record
        id="aeat_mod390_2019_sub01_export_line_57"
        model="aeat.model.export.config.line"
    >
        <field name="sequence">57</field>
        <field name="export_config_id" ref="aeat_mod390_2019_sub01_export_config" />
        <field
            name="name"
        >4. Representante - Personas Físicas/Comunid. Bienes - Represent. - Código Postal</field>
        <field name="fixed_value" />
        <field name="export_type">string</field>
        <field name="size">5</field>
        <field name="alignment">left</field>
    </record>
    <record
        id="aeat_mod390_2019_sub01_export_line_58"
        model="aeat.model.export.config.line"
    >
        <field name="sequence">58</field>
        <field name="export_config_id" ref="aeat_mod390_2019_sub01_export_config" />
        <field
            name="name"
        >4. Representante - Personas Jurídicas - Represent. 1 - Nombre y Apellidos</field>
        <field name="expression">${object.first_representative_name}</field>
        <field name="export_type">string</field>
        <field name="size">80</field>
        <field name="alignment">left</field>
    </record>
    <record
        id="aeat_mod390_2019_sub01_export_line_59"
        model="aeat.model.export.config.line"
    >
        <field name="sequence">59</field>
        <field name="export_config_id" ref="aeat_mod390_2019_sub01_export_config" />
        <field
            name="name"
        >4. Representante - Personas Jurídicas - Represent. 1 - NIF</field>
        <field name="expression">${object.first_representative_vat}</field>
        <field name="export_type">string</field>
        <field name="size">9</field>
        <field name="alignment">left</field>
    </record>
    <record
        id="aeat_mod390_2019_sub01_export_line_60"
        model="aeat.model.export.config.line"
    >
        <field name="sequence">60</field>
        <field name="export_config_id" ref="aeat_mod390_2019_sub01_export_config" />
        <field
            name="name"
        >4. Representante - Personas Jurídicas - Represent. 1 - Fecha Poder (DDMMAAAA)</field>
        <field
            name="expression"
        >${object._get_formatted_date(object.first_representative_date) or '00000000'}</field>
        <field name="export_type">string</field>
        <field name="size">8</field>
        <field name="alignment">left</field>
    </record>
    <record
        id="aeat_mod390_2019_sub01_export_line_61"
        model="aeat.model.export.config.line"
    >
        <field name="sequence">61</field>
        <field name="export_config_id" ref="aeat_mod390_2019_sub01_export_config" />
        <field
            name="name"
        >4. Representante - Personas Jurídicas - Represent. 1 - Notaría</field>
        <field name="expression">${object.first_representative_notary}</field>
        <field name="export_type">string</field>
        <field name="size">12</field>
        <field name="alignment">left</field>
    </record>
    <record
        id="aeat_mod390_2019_sub01_export_line_62"
        model="aeat.model.export.config.line"
    >
        <field name="sequence">62</field>
        <field name="export_config_id" ref="aeat_mod390_2019_sub01_export_config" />
        <field
            name="name"
        >4. Representante - Personas Jurídicas - Represent. 2 - Nombre y Apellidos</field>
        <field name="expression">${object.second_representative_name}</field>
        <field name="export_type">string</field>
        <field name="size">80</field>
        <field name="alignment">left</field>
    </record>
    <record
        id="aeat_mod390_2019_sub01_export_line_63"
        model="aeat.model.export.config.line"
    >
        <field name="sequence">63</field>
        <field name="export_config_id" ref="aeat_mod390_2019_sub01_export_config" />
        <field
            name="name"
        >4. Representante - Personas Jurídicas - Represent. 2 - NIF</field>
        <field name="expression">${object.second_representative_vat}</field>
        <field name="export_type">string</field>
        <field name="size">9</field>
        <field name="alignment">left</field>
    </record>
    <record
        id="aeat_mod390_2019_sub01_export_line_64"
        model="aeat.model.export.config.line"
    >
        <field name="sequence">64</field>
        <field name="export_config_id" ref="aeat_mod390_2019_sub01_export_config" />
        <field
            name="name"
        >4. Representante - Personas Jurídicas - Represent. 2 - Fecha Poder (DDMMAAAA)</field>
        <field
            name="expression"
        >${object._get_formatted_date(object.second_representative_date) or '00000000'}</field>
        <field name="export_type">string</field>
        <field name="size">8</field>
        <field name="alignment">left</field>
    </record>
    <record
        id="aeat_mod390_2019_sub01_export_line_65"
        model="aeat.model.export.config.line"
    >
        <field name="sequence">65</field>
        <field name="export_config_id" ref="aeat_mod390_2019_sub01_export_config" />
        <field
            name="name"
        >4. Representante - Personas Jurídicas - Represent. 2 - Notaría</field>
        <field name="expression">${object.second_representative_notary}</field>
        <field name="export_type">string</field>
        <field name="size">12</field>
        <field name="alignment">left</field>
    </record>
    <record
        id="aeat_mod390_2019_sub01_export_line_66"
        model="aeat.model.export.config.line"
    >
        <field name="sequence">66</field>
        <field name="export_config_id" ref="aeat_mod390_2019_sub01_export_config" />
        <field
            name="name"
        >4. Representante - Personas Jurídicas - Represent. 3 - Nombre y Apellidos</field>
        <field name="expression">${object.third_representative_name}</field>
        <field name="export_type">string</field>
        <field name="size">80</field>
        <field name="alignment">left</field>
    </record>
    <record
        id="aeat_mod390_2019_sub01_export_line_67"
        model="aeat.model.export.config.line"
    >
        <field name="sequence">67</field>
        <field name="export_config_id" ref="aeat_mod390_2019_sub01_export_config" />
        <field
            name="name"
        >4. Representante - Personas Jurídicas - Represent. 3 - NIF</field>
        <field name="expression">${object.third_representative_vat}</field>
        <field name="export_type">string</field>
        <field name="size">9</field>
        <field name="alignment">left</field>
    </record>
    <record
        id="aeat_mod390_2019_sub01_export_line_68"
        model="aeat.model.export.config.line"
    >
        <field name="sequence">68</field>
        <field name="export_config_id" ref="aeat_mod390_2019_sub01_export_config" />
        <field
            name="name"
        >4. Representante - Personas Jurídicas - Represent. 3 - Fecha Poder (DDMMAAAA)</field>
        <field
            name="expression"
        >${object._get_formatted_date(object.third_representative_date) or '00000000'}</field>
        <field name="export_type">string</field>
        <field name="size">8</field>
        <field name="alignment">left</field>
    </record>
    <record
        id="aeat_mod390_2019_sub01_export_line_69"
        model="aeat.model.export.config.line"
    >
        <field name="sequence">69</field>
        <field name="export_config_id" ref="aeat_mod390_2019_sub01_export_config" />
        <field
            name="name"
        >4. Representante - Personas Jurídicas - Represent. 3 - Notaría</field>
        <field name="expression">${object.third_representative_notary}</field>
        <field name="export_type">string</field>
        <field name="size">12</field>
        <field name="alignment">left</field>
    </record>
    <record
        id="aeat_mod390_2019_sub01_export_line_70"
        model="aeat.model.export.config.line"
    >
        <field name="sequence">70</field>
        <field name="export_config_id" ref="aeat_mod390_2019_sub01_export_config" />
        <field
            name="name"
        >Reservado para la A.E.A.T. (Dejar en blanco) Incluye Nº Referencia PADRE's</field>
        <field name="fixed_value" />
        <field name="export_type">string</field>
        <field name="size">21</field>
        <field name="alignment">left</field>
    </record>
    <record
        id="aeat_mod390_2019_sub01_export_line_71"
        model="aeat.model.export.config.line"
    >
        <field name="sequence">71</field>
        <field name="export_config_id" ref="aeat_mod390_2019_sub01_export_config" />
        <field
            name="name"
        >Reservado para la A.E.A.T. (Dejar en blanco) Sello electrónico</field>
        <field name="fixed_value" />
        <field name="export_type">string</field>
        <field name="size">13</field>
        <field name="alignment">left</field>
    </record>
    <record
        id="aeat_mod390_2019_sub01_export_line_72"
        model="aeat.model.export.config.line"
    >
        <field name="sequence">72</field>
        <field name="export_config_id" ref="aeat_mod390_2019_sub01_export_config" />
        <field name="name">Identificador cliente EEDD. Reservado para las EEDD.</field>
        <field name="fixed_value" />
        <field name="export_type">string</field>
        <field name="size">20</field>
        <field name="alignment">left</field>
    </record>
    <record
        id="aeat_mod390_2019_sub01_export_line_73"
        model="aeat.model.export.config.line"
    >
        <field name="sequence">73</field>
        <field name="export_config_id" ref="aeat_mod390_2019_sub01_export_config" />
        <field name="name">Reservado para la A.E.A.T. (Dejar en blanco)</field>
        <field name="fixed_value" />
        <field name="export_type">string</field>
        <field name="size">150</field>
        <field name="alignment">left</field>
    </record>
    <record
        id="aeat_mod390_2019_sub01_export_line_74"
        model="aeat.model.export.config.line"
    >
        <field name="sequence">74</field>
        <field name="export_config_id" ref="aeat_mod390_2019_sub01_export_config" />
        <field name="name">Indicador de fin de registro: &lt;/T39001000&gt;</field>
        <field name="fixed_value">&lt;/T39001000&gt;</field>
        <field name="export_type">string</field>
        <field name="size">12</field>
        <field name="alignment">left</field>
    </record>
</odoo>
