id,export_config_id:id,sequence,name,export_type,size,decimal_size,alignment,apply_sign,negative_sign,positive_sign,bool_no,bool_yes,expression,fixed_value,conditional_expression,repeat_expression,subconfig_id/id
aeat_mod369_2022_sub08_export_line_01,aeat_mod369_2022_sub08_export_config,1,Constante: <T,string,2,0,left,1,N,0, ,X,,"<T",,,
aeat_mod369_2022_sub08_export_line_02,aeat_mod369_2022_sub08_export_config,2,Modelo: 369,string,3,0,left,1,N,0, ,X,,"369",,,
aeat_mod369_2022_sub08_export_line_03,aeat_mod369_2022_sub08_export_config,3,Constante: 08,string,2,0,left,1,N,0, ,X,,"08",,,
aeat_mod369_2022_sub08_export_line_04,aeat_mod369_2022_sub08_export_config,4,Constante: >,string,1,0,left,1,N,0, ,X,,">",,,
aeat_mod369_2022_sub08_export_line_05,aeat_mod369_2022_sub08_export_config,5,Complementaria,string,1,0,left,1,N,0, ,X,,,,,
aeat_mod369_2022_sub08_export_line_06,aeat_mod369_2022_sub08_export_config,6,7. Correcciones de declaraciones de períodos anteriores (máx. 3 años). Código País EM de consumo. 1,string,2,0,left,1,N,0, ,X,${object.refund_line_ids[0].country_code if len(object.refund_line_ids) >= 1 else False},,,,
aeat_mod369_2022_sub08_export_line_07,aeat_mod369_2022_sub08_export_config,7,7. Correcciones de declaraciones de períodos anteriores (máx. 3 años). Ejercicio. 1,string,4,0,right,0,N,0, ,X,${object.refund_line_ids[0].refund_fiscal_year if len(object.refund_line_ids) >= 1 else False},,,,
aeat_mod369_2022_sub08_export_line_08,aeat_mod369_2022_sub08_export_config,8,7. Correcciones de declaraciones de períodos anteriores (máx. 3 años). Tipo de periodo. 1,string,1,0,left,1,N,0, ,X,${object.refund_line_ids[0].refund_period[0] if len(object.refund_line_ids) >= 1 else False},,,,
aeat_mod369_2022_sub08_export_line_09,aeat_mod369_2022_sub08_export_config,9,7. Correcciones de declaraciones de períodos anteriores (máx. 3 años). Período 1,string,2,0,right,1,N,0, ,X,${object.refund_line_ids[0].refund_period[1:].zfill(2) if len(object.refund_line_ids) >= 1 else False},,,,
aeat_mod369_2022_sub08_export_line_10,aeat_mod369_2022_sub08_export_config,10,7. Correcciones de declaraciones de períodos anteriores (máx. 3 años). Cuota IVA corregida (€). 1,string,17,2,right,0,N,0, ,X,${object.refund_line_ids[0].tax_correction_str if len(object.refund_line_ids) >= 1 else False},,,,
aeat_mod369_2022_sub08_export_line_11,aeat_mod369_2022_sub08_export_config,11,7. Correcciones de declaraciones de períodos anteriores (máx. 3 años). Código País EM de consumo. 2,string,2,0,left,1,N,0, ,X,${object.refund_line_ids[1].country_code if len(object.refund_line_ids) >= 2 else False},,,,,,,,
aeat_mod369_2022_sub08_export_line_12,aeat_mod369_2022_sub08_export_config,12,7. Correcciones de declaraciones de períodos anteriores (máx. 3 años). Ejercicio. 2,string,4,0,right,0,N,0, ,X,${object.refund_line_ids[1].refund_fiscal_year if len(object.refund_line_ids) >= 2 else False},,,,
aeat_mod369_2022_sub08_export_line_13,aeat_mod369_2022_sub08_export_config,13,7. Correcciones de declaraciones de períodos anteriores (máx. 3 años). Tipo de periodo. 2,string,1,0,left,1,N,0, ,X,${object.refund_line_ids[1].refund_period[0] if len(object.refund_line_ids) >= 2 else False},,,,
aeat_mod369_2022_sub08_export_line_14,aeat_mod369_2022_sub08_export_config,14,7. Correcciones de declaraciones de períodos anteriores (máx. 3 años). Período. 2,string,2,0,right,1,N,0, ,X,${object.refund_line_ids[1].refund_period[1:].zfill(2) if len(object.refund_line_ids) >= 2 else False},,,,
aeat_mod369_2022_sub08_export_line_15,aeat_mod369_2022_sub08_export_config,15,7. Correcciones de declaraciones de períodos anteriores (máx. 3 años). Cuota IVA corregida (€). 2,string,17,2,right,0,N,0, ,X,${object.refund_line_ids[1].tax_correction_str if len(object.refund_line_ids) >= 2 else False},,,,
aeat_mod369_2022_sub08_export_line_16,aeat_mod369_2022_sub08_export_config,16,7. Correcciones de declaraciones de períodos anteriores (máx. 3 años). Código País EM de consumo. 3,string,2,0,left,1,N,0, ,X,${object.refund_line_ids[2].country_code if len(object.refund_line_ids) >= 3 else False},,,,,,,,
aeat_mod369_2022_sub08_export_line_17,aeat_mod369_2022_sub08_export_config,17,7. Correcciones de declaraciones de períodos anteriores (máx. 3 años). Ejercicio. 3,string,4,0,right,0,N,0, ,X,${object.refund_line_ids[2].refund_fiscal_year if len(object.refund_line_ids) >= 3 else False},,,,
aeat_mod369_2022_sub08_export_line_18,aeat_mod369_2022_sub08_export_config,18,7. Correcciones de declaraciones de períodos anteriores (máx. 3 años). Tipo de periodo. 3,string,1,0,left,1,N,0, ,X,${object.refund_line_ids[2].refund_period[0] if len(object.refund_line_ids) >= 3 else False},,,,
aeat_mod369_2022_sub08_export_line_19,aeat_mod369_2022_sub08_export_config,19,7. Correcciones de declaraciones de períodos anteriores (máx. 3 años). Período. 3,string,2,0,right,1,N,0, ,X,${object.refund_line_ids[2].refund_period[1:].zfill(2) if len(object.refund_line_ids) >= 3 else False},,,,
aeat_mod369_2022_sub08_export_line_20,aeat_mod369_2022_sub08_export_config,20,7. Correcciones de declaraciones de períodos anteriores (máx. 3 años). Cuota IVA corregida (€). 3,string,17,2,right,0,N,0, ,X,${object.refund_line_ids[2].tax_correction_str if len(object.refund_line_ids) >= 3 else False},,,,
aeat_mod369_2022_sub08_export_line_21,aeat_mod369_2022_sub08_export_config,21,7. Correcciones de declaraciones de períodos anteriores (máx. 3 años). Código País EM de consumo. 4,string,2,0,left,1,N,0, ,X,${object.refund_line_ids[3].country_code if len(object.refund_line_ids) >= 4 else False},,,,
aeat_mod369_2022_sub08_export_line_22,aeat_mod369_2022_sub08_export_config,22,7. Correcciones de declaraciones de períodos anteriores (máx. 3 años). Ejercicio. 4,string,4,0,right,0,N,0, ,X,${object.refund_line_ids[3].refund_fiscal_year if len(object.refund_line_ids) >= 4 else False},,,,
aeat_mod369_2022_sub08_export_line_23,aeat_mod369_2022_sub08_export_config,23,7. Correcciones de declaraciones de períodos anteriores (máx. 3 años). Tipo de periodo. 4,string,1,0,left,1,N,0, ,X,${object.refund_line_ids[3].refund_period[0] if len(object.refund_line_ids) >= 4 else False},,,,
aeat_mod369_2022_sub08_export_line_24,aeat_mod369_2022_sub08_export_config,24,7. Correcciones de declaraciones de períodos anteriores (máx. 3 años). Período. 4,string,2,0,right,1,N,0, ,X,${object.refund_line_ids[3].refund_period[1:].zfill(2) if len(object.refund_line_ids) >= 4 else False},,,,
aeat_mod369_2022_sub08_export_line_25,aeat_mod369_2022_sub08_export_config,25,7. Correcciones de declaraciones de períodos anteriores (máx. 3 años). Cuota IVA corregida (€). 4,string,17,2,right,0,N,0, ,X,${object.refund_line_ids[3].tax_correction_str if len(object.refund_line_ids) >= 4 else False},,,,
aeat_mod369_2022_sub08_export_line_26,aeat_mod369_2022_sub08_export_config,26,7. Correcciones de declaraciones de períodos anteriores (máx. 3 años). Código País EM de consumo. 5,string,2,0,left,1,N,0, ,X,${object.refund_line_ids[4].country_code if len(object.refund_line_ids) >= 5 else False},,,,
aeat_mod369_2022_sub08_export_line_27,aeat_mod369_2022_sub08_export_config,27,7. Correcciones de declaraciones de períodos anteriores (máx. 3 años). Ejercicio. 5,string,4,0,right,0,N,0, ,X,${object.refund_line_ids[4].refund_fiscal_year if len(object.refund_line_ids) >= 5 else False},,,,
aeat_mod369_2022_sub08_export_line_28,aeat_mod369_2022_sub08_export_config,28,7. Correcciones de declaraciones de períodos anteriores (máx. 3 años). Tipo de periodo. 5,string,1,0,left,1,N,0, ,X,${object.refund_line_ids[4].refund_period[0] if len(object.refund_line_ids) >= 5 else False},,,,
aeat_mod369_2022_sub08_export_line_29,aeat_mod369_2022_sub08_export_config,29,7. Correcciones de declaraciones de períodos anteriores (máx. 3 años). Período. 5,string,2,0,right,1,N,0, ,X,${object.refund_line_ids[4].refund_period[1:].zfill(2) if len(object.refund_line_ids) >= 5 else False},,,,
aeat_mod369_2022_sub08_export_line_30,aeat_mod369_2022_sub08_export_config,30,7. Correcciones de declaraciones de períodos anteriores (máx. 3 años). Cuota IVA corregida (€). 5,string,17,2,right,0,N,0, ,X,${object.refund_line_ids[4].tax_correction_str if len(object.refund_line_ids) >= 5 else False},,,,
aeat_mod369_2022_sub08_export_line_31,aeat_mod369_2022_sub08_export_config,31,7. Correcciones de declaraciones de períodos anteriores (máx. 3 años). Código País EM de consumo. 6,string,2,0,left,1,N,0, ,X,${object.refund_line_ids[5].country_code if len(object.refund_line_ids) >= 6 else False},,,,
aeat_mod369_2022_sub08_export_line_32,aeat_mod369_2022_sub08_export_config,32,7. Correcciones de declaraciones de períodos anteriores (máx. 3 años). Ejercicio. 6,string,4,0,right,0,N,0, ,X,${object.refund_line_ids[5].refund_fiscal_year if len(object.refund_line_ids) >= 6 else False},,,,
aeat_mod369_2022_sub08_export_line_33,aeat_mod369_2022_sub08_export_config,33,7. Correcciones de declaraciones de períodos anteriores (máx. 3 años). Tipo de periodo. 6,string,1,0,left,1,N,0, ,X,${object.refund_line_ids[6].refund_period[0] if len(object.refund_line_ids) >= 6 else False},,,,
aeat_mod369_2022_sub08_export_line_34,aeat_mod369_2022_sub08_export_config,34,7. Correcciones de declaraciones de períodos anteriores (máx. 3 años). Período. 6,string,2,0,right,1,N,0, ,X,${object.refund_line_ids[5].refund_period[1:].zfill(2) if len(object.refund_line_ids) >= 6 else False},,,,
aeat_mod369_2022_sub08_export_line_35,aeat_mod369_2022_sub08_export_config,35,7. Correcciones de declaraciones de períodos anteriores (máx. 3 años). Cuota IVA corregida (€). 6,string,17,2,right,0,N,0, ,X,${object.refund_line_ids[5].tax_correction_str if len(object.refund_line_ids) >= 6 else False},,,,
aeat_mod369_2022_sub08_export_line_36,aeat_mod369_2022_sub08_export_config,36,7. Correcciones de declaraciones de períodos anteriores (máx. 3 años). Código País EM de consumo. 7,string,2,0,left,1,N,0, ,X,${object.refund_line_ids[6].country_code if len(object.refund_line_ids) >= 7 else False},,,,
aeat_mod369_2022_sub08_export_line_37,aeat_mod369_2022_sub08_export_config,37,7. Correcciones de declaraciones de períodos anteriores (máx. 3 años). Ejercicio. 7,string,4,0,right,0,N,0, ,X,${object.refund_line_ids[6].refund_fiscal_year if len(object.refund_line_ids) >= 7 else False},,,,
aeat_mod369_2022_sub08_export_line_38,aeat_mod369_2022_sub08_export_config,38,7. Correcciones de declaraciones de períodos anteriores (máx. 3 años). Tipo de periodo. 7,string,1,0,left,1,N,0, ,X,${object.refund_line_ids[7].refund_period[0] if len(object.refund_line_ids) >= 7 else False},,,,
aeat_mod369_2022_sub08_export_line_39,aeat_mod369_2022_sub08_export_config,39,7. Correcciones de declaraciones de períodos anteriores (máx. 3 años). Período. 7,string,2,0,right,1,N,0, ,X,${object.refund_line_ids[6].refund_period[1:].zfill(2) if len(object.refund_line_ids) >= 7 else False},,,,
aeat_mod369_2022_sub08_export_line_40,aeat_mod369_2022_sub08_export_config,40,7. Correcciones de declaraciones de períodos anteriores (máx. 3 años). Cuota IVA corregida (€). 7,string,17,2,right,0,N,0, ,X,${object.refund_line_ids[6].tax_correction_str if len(object.refund_line_ids) >= 7 else False},,,,
aeat_mod369_2022_sub08_export_line_41,aeat_mod369_2022_sub08_export_config,41,7. Correcciones de declaraciones de períodos anteriores (máx. 3 años). Código País EM de consumo. 8,string,2,0,left,1,N,0, ,X,${object.refund_line_ids[7].country_code if len(object.refund_line_ids) >= 8 else False},,,,
aeat_mod369_2022_sub08_export_line_42,aeat_mod369_2022_sub08_export_config,42,7. Correcciones de declaraciones de períodos anteriores (máx. 3 años). Ejercicio. 8,string,4,0,right,0,N,0, ,X,${object.refund_line_ids[7].refund_fiscal_year if len(object.refund_line_ids) >= 8 else False},,,,
aeat_mod369_2022_sub08_export_line_43,aeat_mod369_2022_sub08_export_config,43,7. Correcciones de declaraciones de períodos anteriores (máx. 3 años). Tipo de periodo. 8,string,1,0,left,1,N,0, ,X,${object.refund_line_ids[7].refund_period[0] if len(object.refund_line_ids) >= 8 else False},,,,
aeat_mod369_2022_sub08_export_line_44,aeat_mod369_2022_sub08_export_config,44,7. Correcciones de declaraciones de períodos anteriores (máx. 3 años). Período. 8,string,2,0,right,1,N,0, ,X,${object.refund_line_ids[7].refund_period[1:].zfill(2) if len(object.refund_line_ids) >= 8 else False},,,,,
aeat_mod369_2022_sub08_export_line_45,aeat_mod369_2022_sub08_export_config,45,7. Correcciones de declaraciones de períodos anteriores (máx. 3 años). Cuota IVA corregida (€). 8,string,17,2,right,0,N,0, ,X,${object.refund_line_ids[7].tax_correction_str if len(object.refund_line_ids) >= 8 else False},,,,
aeat_mod369_2022_sub08_export_line_46,aeat_mod369_2022_sub08_export_config,46,7. Correcciones de declaraciones de períodos anteriores (máx. 3 años). Código País EM de consumo. 9,string,2,0,left,1,N,0, ,X,${object.refund_line_ids[8].country_code if len(object.refund_line_ids) >= 9 else False},,,,
aeat_mod369_2022_sub08_export_line_47,aeat_mod369_2022_sub08_export_config,47,7. Correcciones de declaraciones de períodos anteriores (máx. 3 años). Ejercicio. 9,string,4,0,right,0,N,0, ,X,${object.refund_line_ids[8].refund_fiscal_year if len(object.refund_line_ids) >= 9 else False},,,,
aeat_mod369_2022_sub08_export_line_48,aeat_mod369_2022_sub08_export_config,48,7. Correcciones de declaraciones de períodos anteriores (máx. 3 años). Tipo de periodo. 9,string,1,0,left,1,N,0, ,X,${object.refund_line_ids[8].refund_period[0] if len(object.refund_line_ids) >= 9 else False},,,,
aeat_mod369_2022_sub08_export_line_49,aeat_mod369_2022_sub08_export_config,49,7. Correcciones de declaraciones de períodos anteriores (máx. 3 años). Período. 9,string,2,0,right,1,N,0, ,X,${object.refund_line_ids[8].refund_period[1:].zfill(2) if len(object.refund_line_ids) >= 9 else False},,,,
aeat_mod369_2022_sub08_export_line_50,aeat_mod369_2022_sub08_export_config,50,7. Correcciones de declaraciones de períodos anteriores (máx. 3 años). Cuota IVA corregida (€). 9,string,17,2,right,0,N,0, ,X,${object.refund_line_ids[8].tax_correction_str if len(object.refund_line_ids) >= 9 else False},,,,
aeat_mod369_2022_sub08_export_line_51,aeat_mod369_2022_sub08_export_config,51,7. Correcciones de declaraciones de períodos anteriores (máx. 3 años). Código País EM de consumo. 10,string,2,0,left,1,N,0, ,X,${object.refund_line_ids[9].country_code if len(object.refund_line_ids) >= 10 else False},,,,
aeat_mod369_2022_sub08_export_line_52,aeat_mod369_2022_sub08_export_config,52,7. Correcciones de declaraciones de períodos anteriores (máx. 3 años). Ejercicio. 10,string,4,0,right,0,N,0, ,X,${object.refund_line_ids[9].refund_fiscal_year if len(object.refund_line_ids) >= 10 else False},,,,
aeat_mod369_2022_sub08_export_line_53,aeat_mod369_2022_sub08_export_config,53,7. Correcciones de declaraciones de períodos anteriores (máx. 3 años). Tipo de periodo. 10,string,1,0,left,1,N,0, ,X,${object.refund_line_ids[9].refund_period[0] if len(object.refund_line_ids) >= 10 else False},,,,
aeat_mod369_2022_sub08_export_line_54,aeat_mod369_2022_sub08_export_config,54,7. Correcciones de declaraciones de períodos anteriores (máx. 3 años). Período. 10,string,2,0,right,1,N,0, ,X,${object.refund_line_ids[9].refund_period[1:].zfill(2) if len(object.refund_line_ids) >= 10 else False},,,,
aeat_mod369_2022_sub08_export_line_55,aeat_mod369_2022_sub08_export_config,55,7. Correcciones de declaraciones de períodos anteriores (máx. 3 años). Cuota IVA corregida (€). 10,string,17,2,right,0,N,0, ,X,${object.refund_line_ids[9].tax_correction_str if len(object.refund_line_ids) >= 10 else False},,,,
aeat_mod369_2022_sub08_export_line_56,aeat_mod369_2022_sub08_export_config,56,7. Correcciones de declaraciones de períodos anteriores (máx. 3 años). Código País EM de consumo. 11,string,2,0,left,1,N,0, ,X,${object.refund_line_ids[10].country_code if len(object.refund_line_ids) >= 11 else False},,,,
aeat_mod369_2022_sub08_export_line_57,aeat_mod369_2022_sub08_export_config,57,7. Correcciones de declaraciones de períodos anteriores (máx. 3 años). Ejercicio. 11,string,4,0,right,0,N,0, ,X,${object.refund_line_ids[10].refund_fiscal_year if len(object.refund_line_ids) >= 11 else False},,,,
aeat_mod369_2022_sub08_export_line_58,aeat_mod369_2022_sub08_export_config,58,7. Correcciones de declaraciones de períodos anteriores (máx. 3 años). Tipo de periodo. 11,string,1,0,left,1,N,0, ,X,${object.refund_line_ids[10].refund_period[0] if len(object.refund_line_ids) >= 11 else False},,,,
aeat_mod369_2022_sub08_export_line_59,aeat_mod369_2022_sub08_export_config,59,7. Correcciones de declaraciones de períodos anteriores (máx. 3 años). Período. 11,string,2,0,right,1,N,0, ,X,${object.refund_line_ids[10].refund_period[1:].zfill(2) if len(object.refund_line_ids) >= 11 else False},,,,
aeat_mod369_2022_sub08_export_line_60,aeat_mod369_2022_sub08_export_config,60,7. Correcciones de declaraciones de períodos anteriores (máx. 3 años). Cuota IVA corregida (€). 11,string,17,2,right,0,N,0, ,X,${object.refund_line_ids[10].tax_correction_str if len(object.refund_line_ids) >= 11 else False},,,,
aeat_mod369_2022_sub08_export_line_61,aeat_mod369_2022_sub08_export_config,61,7. Correcciones de declaraciones de períodos anteriores (máx. 3 años). Código País EM de consumo. 12,string,2,0,left,1,N,0, ,X,${object.refund_line_ids[11].country_code if len(object.refund_line_ids) >= 12 else False},,,,
aeat_mod369_2022_sub08_export_line_62,aeat_mod369_2022_sub08_export_config,62,7. Correcciones de declaraciones de períodos anteriores (máx. 3 años). Ejercicio. 12,string,4,0,right,0,N,0, ,X,${object.refund_line_ids[11].refund_fiscal_year if len(object.refund_line_ids) >= 12 else False},,,,
aeat_mod369_2022_sub08_export_line_63,aeat_mod369_2022_sub08_export_config,63,7. Correcciones de declaraciones de períodos anteriores (máx. 3 años). Tipo de periodo. 12,string,1,0,left,1,N,0, ,X,${object.refund_line_ids[11].refund_period[0] if len(object.refund_line_ids) >= 12 else False},,,,
aeat_mod369_2022_sub08_export_line_64,aeat_mod369_2022_sub08_export_config,64,7. Correcciones de declaraciones de períodos anteriores (máx. 3 años). Período. 12,string,2,0,right,1,N,0, ,X,${object.refund_line_ids[11].refund_period[1:].zfill(2) if len(object.refund_line_ids) >= 12 else False},,,,
aeat_mod369_2022_sub08_export_line_65,aeat_mod369_2022_sub08_export_config,65,7. Correcciones de declaraciones de períodos anteriores (máx. 3 años). Cuota IVA corregida (€). 12,string,17,2,right,0,N,0, ,X,${object.refund_line_ids[11].tax_correction_str if len(object.refund_line_ids) >= 12 else False},,,,
aeat_mod369_2022_sub08_export_line_66,aeat_mod369_2022_sub08_export_config,66,7. Correcciones de declaraciones de períodos anteriores (máx. 3 años). Código País EM de consumo. 13,string,2,0,left,1,N,0, ,X,${object.refund_line_ids[12].country_code if len(object.refund_line_ids) >= 13 else False},,,,
aeat_mod369_2022_sub08_export_line_67,aeat_mod369_2022_sub08_export_config,67,7. Correcciones de declaraciones de períodos anteriores (máx. 3 años). Ejercicio. 13,string,4,0,right,0,N,0, ,X,${object.refund_line_ids[12].refund_fiscal_year if len(object.refund_line_ids) >= 13 else False},,,,
aeat_mod369_2022_sub08_export_line_68,aeat_mod369_2022_sub08_export_config,68,7. Correcciones de declaraciones de períodos anteriores (máx. 3 años). Tipo de periodo. 13,string,1,0,left,1,N,0, ,X,${object.refund_line_ids[12].refund_period[0] if len(object.refund_line_ids) >= 13 else False},,,,
aeat_mod369_2022_sub08_export_line_69,aeat_mod369_2022_sub08_export_config,69,7. Correcciones de declaraciones de períodos anteriores (máx. 3 años). Período. 13,string,2,0,right,1,N,0, ,X,${object.refund_line_ids[12].refund_period[1:].zfill(2) if len(object.refund_line_ids) >= 13 else False},,,,
aeat_mod369_2022_sub08_export_line_70,aeat_mod369_2022_sub08_export_config,70,7. Correcciones de declaraciones de períodos anteriores (máx. 3 años). Cuota IVA corregida (€). 13,string,17,2,right,0,N,0, ,X,${object.refund_line_ids[12].tax_correction_str if len(object.refund_line_ids) >= 13 else False},,,,
aeat_mod369_2022_sub08_export_line_71,aeat_mod369_2022_sub08_export_config,71,7. Correcciones de declaraciones de períodos anteriores (máx. 3 años). Código País EM de consumo. 14,string,2,0,left,1,N,0, ,X,${object.refund_line_ids[13].country_code if len(object.refund_line_ids) >= 14 else False},,,,
aeat_mod369_2022_sub08_export_line_72,aeat_mod369_2022_sub08_export_config,72,7. Correcciones de declaraciones de períodos anteriores (máx. 3 años). Ejercicio. 14,string,4,0,right,0,N,0, ,X,${object.refund_line_ids[13].refund_fiscal_year if len(object.refund_line_ids) >= 14 else False},,,,
aeat_mod369_2022_sub08_export_line_73,aeat_mod369_2022_sub08_export_config,73,7. Correcciones de declaraciones de períodos anteriores (máx. 3 años). Tipo de periodo. 14,string,1,0,left,1,N,0, ,X,${object.refund_line_ids[13].refund_period[0] if len(object.refund_line_ids) >= 14 else False},,,,
aeat_mod369_2022_sub08_export_line_74,aeat_mod369_2022_sub08_export_config,74,7. Correcciones de declaraciones de períodos anteriores (máx. 3 años). Período. 14,string,2,0,right,1,N,0, ,X,${object.refund_line_ids[13].refund_period[1:].zfill(2) if len(object.refund_line_ids) >= 14 else False},,,,
aeat_mod369_2022_sub08_export_line_75,aeat_mod369_2022_sub08_export_config,75,7. Correcciones de declaraciones de períodos anteriores (máx. 3 años). Cuota IVA corregida (€). 14,string,17,2,right,0,N,0, ,X,${object.refund_line_ids[13].tax_correction_str if len(object.refund_line_ids) >= 14 else False},,,,
aeat_mod369_2022_sub08_export_line_76,aeat_mod369_2022_sub08_export_config,76,7. Correcciones de declaraciones de períodos anteriores (máx. 3 años). Código País EM de consumo. 15,string,2,0,left,1,N,0, ,X,${object.refund_line_ids[14].country_code if len(object.refund_line_ids) >= 15 else False},,,,
aeat_mod369_2022_sub08_export_line_77,aeat_mod369_2022_sub08_export_config,77,7. Correcciones de declaraciones de períodos anteriores (máx. 3 años). Ejercicio. 15,string,4,0,right,0,N,0, ,X,${object.refund_line_ids[14].refund_fiscal_year if len(object.refund_line_ids) >= 15 else False},,,,
aeat_mod369_2022_sub08_export_line_78,aeat_mod369_2022_sub08_export_config,78,7. Correcciones de declaraciones de períodos anteriores (máx. 3 años). Tipo de periodo. 15,string,1,0,left,1,N,0, ,X,${object.refund_line_ids[14].refund_period[0] if len(object.refund_line_ids) >= 15 else False},,,,
aeat_mod369_2022_sub08_export_line_79,aeat_mod369_2022_sub08_export_config,79,7. Correcciones de declaraciones de períodos anteriores (máx. 3 años). Período. 15,string,2,0,right,1,N,0, ,X,${object.refund_line_ids[14].refund_period[1:].zfill(2) if len(object.refund_line_ids) >= 15 else False},,,,
aeat_mod369_2022_sub08_export_line_80,aeat_mod369_2022_sub08_export_config,80,7. Correcciones de declaraciones de períodos anteriores (máx. 3 años). Cuota IVA corregida (€). 15,string,17,2,right,0,N,0, ,X,${object.refund_line_ids[14].tax_correction_str if len(object.refund_line_ids) >= 15 else False},,,,
aeat_mod369_2022_sub08_export_line_81,aeat_mod369_2022_sub08_export_config,81,7. Correcciones de declaraciones de períodos anteriores (máx. 3 años). Código País EM de consumo. 16,string,2,0,left,1,N,0, ,X,${object.refund_line_ids[15].country_code if len(object.refund_line_ids) >= 16 else False},,,,
aeat_mod369_2022_sub08_export_line_82,aeat_mod369_2022_sub08_export_config,82,7. Correcciones de declaraciones de períodos anteriores (máx. 3 años). Ejercicio. 16,string,4,0,right,0,N,0, ,X,${object.refund_line_ids[15].refund_fiscal_year if len(object.refund_line_ids) >= 16 else False},,,,
aeat_mod369_2022_sub08_export_line_83,aeat_mod369_2022_sub08_export_config,83,7. Correcciones de declaraciones de períodos anteriores (máx. 3 años). Tipo de periodo. 16,string,1,0,left,1,N,0, ,X,${object.refund_line_ids[15].refund_period[0] if len(object.refund_line_ids) >= 16 else False},,,,
aeat_mod369_2022_sub08_export_line_84,aeat_mod369_2022_sub08_export_config,84,7. Correcciones de declaraciones de períodos anteriores (máx. 3 años). Período. 16,string,2,0,right,1,N,0, ,X,${object.refund_line_ids[15].refund_period[1:].zfill(2) if len(object.refund_line_ids) >= 16 else False},,,,
aeat_mod369_2022_sub08_export_line_85,aeat_mod369_2022_sub08_export_config,85,7. Correcciones de declaraciones de períodos anteriores (máx. 3 años). Cuota IVA corregida (€). 16,string,17,2,right,0,N,0, ,X,${object.refund_line_ids[15].tax_correction_str if len(object.refund_line_ids) >= 16 else False},,,,
aeat_mod369_2022_sub08_export_line_86,aeat_mod369_2022_sub08_export_config,86,7. Correcciones de declaraciones de períodos anteriores (máx. 3 años). Código País EM de consumo. 17,string,2,0,left,1,N,0, ,X,${object.refund_line_ids[16].country_code if len(object.refund_line_ids) >= 17 else False},,,,
aeat_mod369_2022_sub08_export_line_87,aeat_mod369_2022_sub08_export_config,87,7. Correcciones de declaraciones de períodos anteriores (máx. 3 años). Ejercicio. 17,string,4,0,right,0,N,0, ,X,${object.refund_line_ids[16].refund_fiscal_year if len(object.refund_line_ids) >= 17 else False},,,,
aeat_mod369_2022_sub08_export_line_88,aeat_mod369_2022_sub08_export_config,88,7. Correcciones de declaraciones de períodos anteriores (máx. 3 años). Tipo de periodo. 17,string,1,0,left,1,N,0, ,X,${object.refund_line_ids[16].refund_period[0] if len(object.refund_line_ids) >= 17 else False},,,,
aeat_mod369_2022_sub08_export_line_89,aeat_mod369_2022_sub08_export_config,89,7. Correcciones de declaraciones de períodos anteriores (máx. 3 años). Período. 17,string,2,0,right,1,N,0, ,X,${object.refund_line_ids[16].refund_period[1:].zfill(2) if len(object.refund_line_ids) >= 17 else False},,,,
aeat_mod369_2022_sub08_export_line_90,aeat_mod369_2022_sub08_export_config,90,7. Correcciones de declaraciones de períodos anteriores (máx. 3 años). Cuota IVA corregida (€). 17,string,17,2,right,0,N,0, ,X,${object.refund_line_ids[16].tax_correction_str if len(object.refund_line_ids) >= 17 else False},,,,
aeat_mod369_2022_sub08_export_line_91,aeat_mod369_2022_sub08_export_config,91,7. Correcciones de declaraciones de períodos anteriores (máx. 3 años). Código País EM de consumo. 18,string,2,0,left,1,N,0, ,X,${object.refund_line_ids[17].country_code if len(object.refund_line_ids) >= 18 else False},,,,
aeat_mod369_2022_sub08_export_line_92,aeat_mod369_2022_sub08_export_config,92,7. Correcciones de declaraciones de períodos anteriores (máx. 3 años). Ejercicio. 18,string,4,0,right,0,N,0, ,X,${object.refund_line_ids[17].refund_fiscal_year if len(object.refund_line_ids) >= 18 else False},,,,
aeat_mod369_2022_sub08_export_line_93,aeat_mod369_2022_sub08_export_config,93,7. Correcciones de declaraciones de períodos anteriores (máx. 3 años). Tipo de periodo. 18,string,1,0,left,1,N,0, ,X,${object.refund_line_ids[17].refund_period[0] if len(object.refund_line_ids) >= 18 else False},,,,
aeat_mod369_2022_sub08_export_line_94,aeat_mod369_2022_sub08_export_config,94,7. Correcciones de declaraciones de períodos anteriores (máx. 3 años). Período. 18,string,2,0,right,1,N,0, ,X,${object.refund_line_ids[17].refund_period[1:].zfill(2) if len(object.refund_line_ids) >= 18 else False},,,,
aeat_mod369_2022_sub08_export_line_95,aeat_mod369_2022_sub08_export_config,95,7. Correcciones de declaraciones de períodos anteriores (máx. 3 años). Cuota IVA corregida (€). 18,string,17,2,right,0,N,0, ,X,${object.refund_line_ids[17].tax_correction_str if len(object.refund_line_ids) >= 18 else False},,,,
aeat_mod369_2022_sub08_export_line_96,aeat_mod369_2022_sub08_export_config,96,7. Correcciones de declaraciones de períodos anteriores (máx. 3 años). Código País EM de consumo. 19,string,2,0,left,1,N,0, ,X,${object.refund_line_ids[18].country_code if len(object.refund_line_ids) >= 19 else False},,,,
aeat_mod369_2022_sub08_export_line_97,aeat_mod369_2022_sub08_export_config,97,7. Correcciones de declaraciones de períodos anteriores (máx. 3 años). Ejercicio. 19,string,4,0,right,0,N,0, ,X,${object.refund_line_ids[18].refund_fiscal_year if len(object.refund_line_ids) >= 19 else False},,,,
aeat_mod369_2022_sub08_export_line_98,aeat_mod369_2022_sub08_export_config,98,7. Correcciones de declaraciones de períodos anteriores (máx. 3 años). Tipo de periodo. 19,string,1,0,left,1,N,0, ,X,${object.refund_line_ids[19].refund_period[0] if len(object.refund_line_ids) >= 19 else False},,,,
aeat_mod369_2022_sub08_export_line_99,aeat_mod369_2022_sub08_export_config,99,7. Correcciones de declaraciones de períodos anteriores (máx. 3 años). Período. 19,string,2,0,right,1,N,0, ,X,${object.refund_line_ids[18].refund_period[1:].zfill(2) if len(object.refund_line_ids) >= 19 else False},,,,
aeat_mod369_2022_sub08_export_line_100,aeat_mod369_2022_sub08_export_config,100,7. Correcciones de declaraciones de períodos anteriores (máx. 3 años). Cuota IVA corregida (€). 19,string,17,2,right,0,N,0, ,X,${object.refund_line_ids[18].tax_correction_str if len(object.refund_line_ids) >= 19 else False},,,,
aeat_mod369_2022_sub08_export_line_101,aeat_mod369_2022_sub08_export_config,101,7. Correcciones de declaraciones de períodos anteriores (máx. 3 años). Código País EM de consumo. 20,string,2,0,left,1,N,0, ,X,${object.refund_line_ids[19].country_code if len(object.refund_line_ids) >= 20 else False},,,,
aeat_mod369_2022_sub08_export_line_102,aeat_mod369_2022_sub08_export_config,102,7. Correcciones de declaraciones de períodos anteriores (máx. 3 años). Ejercicio. 20,string,4,0,right,0,N,0, ,X,${object.refund_line_ids[19].refund_fiscal_year if len(object.refund_line_ids) >= 20 else False},,,,
aeat_mod369_2022_sub08_export_line_103,aeat_mod369_2022_sub08_export_config,103,7. Correcciones de declaraciones de períodos anteriores (máx. 3 años). Tipo de periodo. 20,string,1,0,left,1,N,0, ,X,${object.refund_line_ids[19].refund_period[0] if len(object.refund_line_ids) >= 20 else False},,,,
aeat_mod369_2022_sub08_export_line_104,aeat_mod369_2022_sub08_export_config,104,7. Correcciones de declaraciones de períodos anteriores (máx. 3 años). Período. 20,string,2,0,right,1,N,0, ,X,${object.refund_line_ids[19].refund_period[1:].zfill(2) if len(object.refund_line_ids) >= 20 else False},,,,
aeat_mod369_2022_sub08_export_line_105,aeat_mod369_2022_sub08_export_config,105,7. Correcciones de declaraciones de períodos anteriores (máx. 3 años). Cuota IVA corregida (€). 20,string,17,2,right,0,N,0, ,X,${object.refund_line_ids[19].tax_correction_str if len(object.refund_line_ids) >= 20 else False},,,,
aeat_mod369_2022_sub08_export_line_106,aeat_mod369_2022_sub08_export_config,106,7. Correcciones de declaraciones de períodos anteriores (máx. 3 años). Código País EM de consumo. 21,string,2,0,left,1,N,0, ,X,${object.refund_line_ids[20].country_code if len(object.refund_line_ids) >= 21 else False},,,,
aeat_mod369_2022_sub08_export_line_107,aeat_mod369_2022_sub08_export_config,107,7. Correcciones de declaraciones de períodos anteriores (máx. 3 años). Ejercicio. 21,string,4,0,right,0,N,0, ,X,${object.refund_line_ids[20].refund_fiscal_year if len(object.refund_line_ids) >= 21 else False},,,,
aeat_mod369_2022_sub08_export_line_108,aeat_mod369_2022_sub08_export_config,108,7. Correcciones de declaraciones de períodos anteriores (máx. 3 años). Tipo de periodo. 21,string,1,0,left,1,N,0, ,X,${object.refund_line_ids[20].refund_period[0] if len(object.refund_line_ids) >= 21 else False},,,,
aeat_mod369_2022_sub08_export_line_109,aeat_mod369_2022_sub08_export_config,109,7. Correcciones de declaraciones de períodos anteriores (máx. 3 años). Período. 21,string,2,0,right,1,N,0, ,X,${object.refund_line_ids[20].refund_period[1:].zfill(2) if len(object.refund_line_ids) >= 21 else False},,,,
aeat_mod369_2022_sub08_export_line_110,aeat_mod369_2022_sub08_export_config,110,7. Correcciones de declaraciones de períodos anteriores (máx. 3 años). Cuota IVA corregida (€). 21,string,17,2,right,0,N,0, ,X,${object.refund_line_ids[20].tax_correction_str if len(object.refund_line_ids) >= 21 else False},,,,
aeat_mod369_2022_sub08_export_line_111,aeat_mod369_2022_sub08_export_config,111,7. Correcciones de declaraciones de períodos anteriores (máx. 3 años). Código País EM de consumo. 22,string,2,0,left,1,N,0, ,X,${object.refund_line_ids[21].country_code if len(object.refund_line_ids) >= 22 else False},,,,
aeat_mod369_2022_sub08_export_line_112,aeat_mod369_2022_sub08_export_config,112,7. Correcciones de declaraciones de períodos anteriores (máx. 3 años). Ejercicio. 22,string,4,0,right,0,N,0, ,X,${object.refund_line_ids[21].refund_fiscal_year if len(object.refund_line_ids) >= 22 else False},,,,
aeat_mod369_2022_sub08_export_line_113,aeat_mod369_2022_sub08_export_config,113,7. Correcciones de declaraciones de períodos anteriores (máx. 3 años). Tipo de periodo. 22,string,1,0,left,1,N,0, ,X,${object.refund_line_ids[21].refund_period[0] if len(object.refund_line_ids) >= 22 else False},,,,
aeat_mod369_2022_sub08_export_line_114,aeat_mod369_2022_sub08_export_config,114,7. Correcciones de declaraciones de períodos anteriores (máx. 3 años). Período. 22,string,2,0,right,1,N,0, ,X,${object.refund_line_ids[21].refund_period[1:].zfill(2) if len(object.refund_line_ids) >= 22 else False},,,,
aeat_mod369_2022_sub08_export_line_115,aeat_mod369_2022_sub08_export_config,115,7. Correcciones de declaraciones de períodos anteriores (máx. 3 años). Cuota IVA corregida (€). 22,string,17,2,right,0,N,0, ,X,${object.refund_line_ids[21].tax_correction_str if len(object.refund_line_ids) >= 22 else False},,,,
aeat_mod369_2022_sub08_export_line_116,aeat_mod369_2022_sub08_export_config,116,7. Correcciones de declaraciones de períodos anteriores (máx. 3 años). Código País EM de consumo. 23,string,2,0,left,1,N,0, ,X,${object.refund_line_ids[22].country_code if len(object.refund_line_ids) >= 23 else False},,,,
aeat_mod369_2022_sub08_export_line_117,aeat_mod369_2022_sub08_export_config,117,7. Correcciones de declaraciones de períodos anteriores (máx. 3 años). Ejercicio. 23,string,4,0,right,0,N,0, ,X,${object.refund_line_ids[22].refund_fiscal_year if len(object.refund_line_ids) >= 23 else False},,,,
aeat_mod369_2022_sub08_export_line_118,aeat_mod369_2022_sub08_export_config,118,7. Correcciones de declaraciones de períodos anteriores (máx. 3 años). Tipo de periodo. 23,string,1,0,left,1,N,0, ,X,${object.refund_line_ids[22].refund_period[0] if len(object.refund_line_ids) >= 23 else False},,,,
aeat_mod369_2022_sub08_export_line_119,aeat_mod369_2022_sub08_export_config,119,7. Correcciones de declaraciones de períodos anteriores (máx. 3 años). Período. 23,string,2,0,right,1,N,0, ,X,${object.refund_line_ids[22].refund_period[1:].zfill(2) if len(object.refund_line_ids) >= 23 else False},,,,
aeat_mod369_2022_sub08_export_line_120,aeat_mod369_2022_sub08_export_config,120,7. Correcciones de declaraciones de períodos anteriores (máx. 3 años). Cuota IVA corregida (€). 23,string,17,2,right,0,N,0, ,X,${object.refund_line_ids[22].tax_correction_str if len(object.refund_line_ids) >= 23 else False},,,,
aeat_mod369_2022_sub08_export_line_121,aeat_mod369_2022_sub08_export_config,121,7. Correcciones de declaraciones de períodos anteriores (máx. 3 años). Código País EM de consumo. 24,string,2,0,left,1,N,0, ,X,${object.refund_line_ids[23].country_code if len(object.refund_line_ids) >= 24 else False},,,,
aeat_mod369_2022_sub08_export_line_122,aeat_mod369_2022_sub08_export_config,122,7. Correcciones de declaraciones de períodos anteriores (máx. 3 años). Ejercicio. 24,string,4,0,right,0,N,0, ,X,${object.refund_line_ids[23].refund_fiscal_year if len(object.refund_line_ids) >= 24 else False},,,,
aeat_mod369_2022_sub08_export_line_123,aeat_mod369_2022_sub08_export_config,123,7. Correcciones de declaraciones de períodos anteriores (máx. 3 años). Tipo de periodo. 24,string,1,0,left,1,N,0, ,X,${object.refund_line_ids[23].refund_period[0] if len(object.refund_line_ids) >= 24 else False},,,,
aeat_mod369_2022_sub08_export_line_124,aeat_mod369_2022_sub08_export_config,124,7. Correcciones de declaraciones de períodos anteriores (máx. 3 años). Período. 24,string,2,0,right,1,N,0, ,X,${object.refund_line_ids[23].refund_period[1:].zfill(2) if len(object.refund_line_ids) >= 24 else False},,,,
aeat_mod369_2022_sub08_export_line_125,aeat_mod369_2022_sub08_export_config,125,7. Correcciones de declaraciones de períodos anteriores (máx. 3 años). Cuota IVA corregida (€). 24,string,17,2,right,0,N,0, ,X,${object.refund_line_ids[23].tax_correction_str if len(object.refund_line_ids) >= 24 else False},,,,
aeat_mod369_2022_sub08_export_line_126,aeat_mod369_2022_sub08_export_config,126,7. Correcciones de declaraciones de períodos anteriores (máx. 3 años). Código País EM de consumo. 25,string,2,0,left,1,N,0, ,X,${object.refund_line_ids[24].country_code if len(object.refund_line_ids) >= 25 else False},,,,
aeat_mod369_2022_sub08_export_line_127,aeat_mod369_2022_sub08_export_config,127,7. Correcciones de declaraciones de períodos anteriores (máx. 3 años). Ejercicio. 25,string,4,0,right,0,N,0, ,X,${object.refund_line_ids[24].refund_fiscal_year if len(object.refund_line_ids) >= 25 else False},,,,
aeat_mod369_2022_sub08_export_line_128,aeat_mod369_2022_sub08_export_config,128,7. Correcciones de declaraciones de períodos anteriores (máx. 3 años). Tipo de periodo. 25,string,1,0,left,1,N,0, ,X,${object.refund_line_ids[24].refund_period[0] if len(object.refund_line_ids) >= 25 else False},,,,
aeat_mod369_2022_sub08_export_line_129,aeat_mod369_2022_sub08_export_config,129,7. Correcciones de declaraciones de períodos anteriores (máx. 3 años). Período. 25,string,2,0,right,1,N,0, ,X,${object.refund_line_ids[24].refund_period[1:].zfill(2) if len(object.refund_line_ids) >= 25 else False},,,,
aeat_mod369_2022_sub08_export_line_130,aeat_mod369_2022_sub08_export_config,130,7. Correcciones de declaraciones de períodos anteriores (máx. 3 años). Cuota IVA corregida (€). 25,string,17,2,right,0,N,0, ,X,${object.refund_line_ids[24].tax_correction_str if len(object.refund_line_ids) >= 25 else False},,,,
aeat_mod369_2022_sub08_export_line_131,aeat_mod369_2022_sub08_export_config,131,7. Correcciones de declaraciones de períodos anteriores (máx. 3 años). Código País EM de consumo. 26,string,2,0,left,1,N,0, ,X,${object.refund_line_ids[25].country_code if len(object.refund_line_ids) >= 26 else False},,,,
aeat_mod369_2022_sub08_export_line_132,aeat_mod369_2022_sub08_export_config,132,7. Correcciones de declaraciones de períodos anteriores (máx. 3 años). Ejercicio. 26,string,4,0,right,0,N,0, ,X,${object.refund_line_ids[25].refund_fiscal_year if len(object.refund_line_ids) >= 26 else False},,,,
aeat_mod369_2022_sub08_export_line_133,aeat_mod369_2022_sub08_export_config,133,7. Correcciones de declaraciones de períodos anteriores (máx. 3 años). Tipo de periodo. 26,string,1,0,left,1,N,0, ,X,${object.refund_line_ids[25].refund_period[0] if len(object.refund_line_ids) >= 26 else False},,,,
aeat_mod369_2022_sub08_export_line_134,aeat_mod369_2022_sub08_export_config,134,7. Correcciones de declaraciones de períodos anteriores (máx. 3 años). Período. 26,string,2,0,right,1,N,0, ,X,${object.refund_line_ids[25].refund_period[1:].zfill(2) if len(object.refund_line_ids) >= 26 else False},,,,
aeat_mod369_2022_sub08_export_line_135,aeat_mod369_2022_sub08_export_config,135,7. Correcciones de declaraciones de períodos anteriores (máx. 3 años). Cuota IVA corregida (€). 26,string,17,2,right,0,N,0, ,X,${object.refund_line_ids[25].tax_correction_str if len(object.refund_line_ids) >= 26 else False},,,,
aeat_mod369_2022_sub08_export_line_136,aeat_mod369_2022_sub08_export_config,136,7. Correcciones de declaraciones de períodos anteriores (máx. 3 años). Código País EM de consumo. 27,string,2,0,left,1,N,0, ,X,${object.refund_line_ids[26].country_code if len(object.refund_line_ids) >= 27 else False},,,,
aeat_mod369_2022_sub08_export_line_137,aeat_mod369_2022_sub08_export_config,137,7. Correcciones de declaraciones de períodos anteriores (máx. 3 años). Ejercicio. 27,string,4,0,right,0,N,0, ,X,${object.refund_line_ids[26].refund_fiscal_year if len(object.refund_line_ids) >= 27 else False},,,,
aeat_mod369_2022_sub08_export_line_138,aeat_mod369_2022_sub08_export_config,138,7. Correcciones de declaraciones de períodos anteriores (máx. 3 años). Tipo de periodo. 27,string,1,0,left,1,N,0, ,X,${object.refund_line_ids[26].refund_period[0] if len(object.refund_line_ids) >= 27 else False},,,,
aeat_mod369_2022_sub08_export_line_139,aeat_mod369_2022_sub08_export_config,139,7. Correcciones de declaraciones de períodos anteriores (máx. 3 años). Período. 27,string,2,0,right,1,N,0, ,X,${object.refund_line_ids[26].refund_period[1:].zfill(2) if len(object.refund_line_ids) >= 27 else False},,,,
aeat_mod369_2022_sub08_export_line_140,aeat_mod369_2022_sub08_export_config,140,7. Correcciones de declaraciones de períodos anteriores (máx. 3 años). Cuota IVA corregida (€). 27,string,17,2,right,0,N,0, ,X,${object.refund_line_ids[26].tax_correction_str if len(object.refund_line_ids) >= 27 else False},,,,
aeat_mod369_2022_sub08_export_line_141,aeat_mod369_2022_sub08_export_config,141,7. Correcciones de declaraciones de períodos anteriores (máx. 3 años). Código País EM de consumo. 28,string,2,0,left,1,N,0, ,X,${object.refund_line_ids[27].country_code if len(object.refund_line_ids) >= 28 else False},,,,
aeat_mod369_2022_sub08_export_line_142,aeat_mod369_2022_sub08_export_config,142,7. Correcciones de declaraciones de períodos anteriores (máx. 3 años). Ejercicio. 28,string,4,0,right,0,N,0, ,X,${object.refund_line_ids[27].refund_fiscal_year if len(object.refund_line_ids) >= 28 else False},,,,
aeat_mod369_2022_sub08_export_line_143,aeat_mod369_2022_sub08_export_config,143,7. Correcciones de declaraciones de períodos anteriores (máx. 3 años). Tipo de periodo. 28,string,1,0,left,1,N,0, ,X,${object.refund_line_ids[27].refund_period[0] if len(object.refund_line_ids) >= 28 else False},,,,
aeat_mod369_2022_sub08_export_line_144,aeat_mod369_2022_sub08_export_config,144,7. Correcciones de declaraciones de períodos anteriores (máx. 3 años). Período. 28,string,2,0,right,1,N,0, ,X,${object.refund_line_ids[27].refund_period[1:].zfill(2) if len(object.refund_line_ids) >= 28 else False},,,,
aeat_mod369_2022_sub08_export_line_145,aeat_mod369_2022_sub08_export_config,145,7. Correcciones de declaraciones de períodos anteriores (máx. 3 años). Cuota IVA corregida (€). 28,string,17,2,right,0,N,0, ,X,${object.refund_line_ids[27].tax_correction_str if len(object.refund_line_ids) >= 28 else False},,,,
aeat_mod369_2022_sub08_export_line_146,aeat_mod369_2022_sub08_export_config,146,Reservado,string,17,0,left,1,N,0, ,X,,,,,
aeat_mod369_2022_sub08_export_line_147,aeat_mod369_2022_sub08_export_config,147,Constante: </T36908>,string,9,0,left,1,N,0, ,X,,"</T36908>",,,
