<?xml version="1.0" encoding="UTF-8" ?>
<odoo>
    <record
        id="aeat_m190_perception_subkey_02_01"
        model="l10n.es.aeat.report.perception.subkey"
    >
        <field name="aeat_perception_key_id" ref="aeat_m190_perception_key_02" />
        <field name="name">01</field>
        <field name="aeat_number">190</field>
        <field name="description">
            Se consignará esta subclave cuando se trate de
            percepciones consistentes en pensiones y haberes
            pasivos de los regímenes de la Seguridad Social y Clases
            Pasivas, con excepción de las que deban relacionarse
            bajo la subclave 02.
            También se consignarán en esta subclave las
            percepciones en concepto de incapacidad laboral
            abonadas directamente al trabajador por alguno de los
            regímenes públicos de la Seguridad Social o Clases
            Pasivas o, en su caso, por la respectiva Mutua
            Colaboradora con la Seguridad Social. Si dichas
            prestaciones son directamente abonadas por el empleador
            (en virtud del respectivo acuerdo de colaboración con la
            Seguridad Social), se reflejarán en la clave A.
        </field>
        <field name="active">True</field>
        <field name="ad_required">1</field>
    </record>
    <record
        id="aeat_m190_perception_subkey_02_02"
        model="l10n.es.aeat.report.perception.subkey"
    >
        <field name="aeat_perception_key_id" ref="aeat_m190_perception_key_02" />
        <field name="name">02</field>
        <field name="aeat_number">190</field>
        <field name="description">
            Se consignará esta subclave en todas las percepciones
            de la clave B en las que el importe de las retenciones se
            haya determinado con arreglo al procedimiento especial
            previsto en el artículo 89.A del Reglamento del Impuesto.
        </field>
        <field name="active">True</field>
        <field name="ad_required">0</field>
    </record>
    <record
        id="aeat_m190_perception_subkey_02_03"
        model="l10n.es.aeat.report.perception.subkey"
    >
        <field name="aeat_perception_key_id" ref="aeat_m190_perception_key_02" />
        <field name="name">03</field>
        <field name="aeat_number">190</field>
        <field name="description">
            Se consignará esta subclave en todas las percepciones
            de la clave B distintas de las que deban relacionarse bajo
            las subclaves 01 y 02.
        </field>
        <field name="active">True</field>
        <field name="ad_required">1</field>
    </record>
    <record
        id="aeat_m190_perception_subkey_03_01"
        model="l10n.es.aeat.report.perception.subkey"
    >
        <field name="aeat_perception_key_id" ref="aeat_m190_perception_key_03" />
        <field name="name">01</field>
        <field name="aeat_number">190</field>
        <field name="description">
            Prestaciones por desempleo. Se incluirán en
            esta subclave las prestaciones por desempleo que,
            debiendo relacionarse en el modelo 190, sean
            distintas de las específicamente señaladas en las
            subclaves siguientes.
        </field>
        <field name="active">True</field>
        <field name="ad_required">0</field>
    </record>
    <record
        id="aeat_m190_perception_subkey_03_02"
        model="l10n.es.aeat.report.perception.subkey"
    >
        <field name="aeat_perception_key_id" ref="aeat_m190_perception_key_03" />
        <field name="name">02</field>
        <field name="aeat_number">190</field>
        <field name="description">
            Prestaciones por desempleo ERE. Se
            consignarán en esta subclave las prestaciones por
            desempleo satisfechas vinculadas a la normativa
            reguladora de los expedientes de regulación de
            empleo (ERE).
        </field>
        <field name="active">True</field>
        <field name="ad_required">0</field>
    </record>
    <record
        id="aeat_m190_perception_subkey_03_03"
        model="l10n.es.aeat.report.perception.subkey"
    >
        <field name="aeat_perception_key_id" ref="aeat_m190_perception_key_03" />
        <field name="name">03</field>
        <field name="aeat_number">190</field>
        <field name="description">
            Prestaciones por desempleo ERTE. Se
            consignarán en esta subclave las prestaciones por
            desempleo satisfechas vinculadas a un expediente
            de regulación temporal de empleo (ERTE).
        </field>
        <field name="active">True</field>
        <field name="ad_required">0</field>
    </record>
    <record
        id="aeat_m190_perception_subkey_03_04"
        model="l10n.es.aeat.report.perception.subkey"
    >
        <field name="aeat_perception_key_id" ref="aeat_m190_perception_key_03" />
        <field name="name">04</field>
        <field name="aeat_number">190</field>
        <field name="description">
            Prestación por cese de actividad de
            trabajadores autónomos. Se consignarán en esta
            subclave las prestaciones por cese de actividad
            (de carácter extraordinario o no) satisfechas a
            trabajadores autónomos.
        </field>
        <field name="active">True</field>
        <field name="ad_required">0</field>
    </record>
    <record
        id="aeat_m190_perception_subkey_03_05"
        model="l10n.es.aeat.report.perception.subkey"
    >
        <field name="aeat_perception_key_id" ref="aeat_m190_perception_key_03" />
        <field name="name">05</field>
        <field name="aeat_number">190</field>
        <field name="description">
            Subsidios por desempleo. Se consignarán en
            esta subclave los diferentes subsidios satisfechos,
            en su modalidad no contributiva, tales como los
            subsidios por cotización insuficiente, subsidios
            para mayores de 45 o 52 años, para emigrantes
            retornados, el subsidio extraordinario por
            desempleo y otros subsidios de carácter no
            contributivo, a excepción de la renta activa de
            inserción, que se reflejará en la subclave 06
            siguiente.
        </field>
        <field name="active">True</field>
        <field name="ad_required">0</field>
    </record>
    <record
        id="aeat_m190_perception_subkey_03_06"
        model="l10n.es.aeat.report.perception.subkey"
    >
        <field name="aeat_perception_key_id" ref="aeat_m190_perception_key_03" />
        <field name="name">06</field>
        <field name="aeat_number">190</field>
        <field name="description">
            Renta activa de inserción. Ayuda económica
            satisfecha vinculada a la realización de las
            acciones en materia de políticas activas de empleo
            que no conlleven retribuciones salariales.
        </field>
        <field name="active">True</field>
        <field name="ad_required">0</field>
    </record>
    <record
        id="aeat_m190_perception_subkey_03_07"
        model="l10n.es.aeat.report.perception.subkey"
    >
        <field name="aeat_perception_key_id" ref="aeat_m190_perception_key_03" />
        <field name="name">07</field>
        <field name="aeat_number">190</field>
        <field name="description">
            Otras prestaciones, subsidios o ayudas. Se
            consignarán en esta subclave las prestaciones,
            subsidios o ayudas satisfechas que no deban
            reflejarse en las subclaves anteriores
        </field>
        <field name="active">True</field>
        <field name="ad_required">0</field>
    </record>
    <record
        id="aeat_m190_perception_subkey_05_01"
        model="l10n.es.aeat.report.perception.subkey"
    >
        <field name="aeat_perception_key_id" ref="aeat_m190_perception_key_05" />
        <field name="name">01</field>
        <field name="aeat_number">190</field>
        <field name="description">
            Se consignará esta subclave únicamente cuando el
            Consejero o Administrador esté incluido en el régimen
            general de la Seguridad Social como trabajador «asimilado»
            a trabajadores por cuenta ajena, y los rendimientos percibidos
            no deban reflejarse en la subclave 02.
        </field>
        <field name="active">True</field>
        <field name="ad_required">1</field>
    </record>
    <record
        id="aeat_m190_perception_subkey_05_02"
        model="l10n.es.aeat.report.perception.subkey"
    >
        <field name="aeat_perception_key_id" ref="aeat_m190_perception_key_05" />
        <field name="name">02</field>
        <field name="aeat_number">190</field>
        <field name="description">
            Se consignará esta subclave únicamente cuando el
            Consejero o Administrador esté incluido en el régimen
            general de la Seguridad Social como trabajador
            «asimilado» a trabajadores por cuenta ajena, y los
            rendimientos procedan de entidades cuyo importe neto de
            la cifra de negocios del último período impositivo finalizado
            con anterioridad al pago de los rendimientos sea inferior a
            100.000 euros.
        </field>
        <field name="active">True</field>
        <field name="ad_required">1</field>
    </record>
    <record
        id="aeat_m190_perception_subkey_05_03"
        model="l10n.es.aeat.report.perception.subkey"
    >
        <field name="aeat_perception_key_id" ref="aeat_m190_perception_key_05" />
        <field name="name">03</field>
        <field name="aeat_number">190</field>
        <field name="description">
            Se consignará esta subclave únicamente cuando el
            Consejero o Administrador esté incluido en el régimen
            especial de la Seguridad Social de trabajadores
            autónomos, y los rendimientos procedan de entidades
            cuyo importe neto de la cifra de negocios del último
            período impositivo finalizado con anterioridad al pago de
            los rendimientos sea inferior a 100.000 euros.
        </field>
        <field name="active">True</field>
        <field name="ad_required">0</field>
    </record>
    <record
        id="aeat_m190_perception_subkey_05_04"
        model="l10n.es.aeat.report.perception.subkey"
    >
        <field name="aeat_perception_key_id" ref="aeat_m190_perception_key_05" />
        <field name="name">04</field>
        <field name="aeat_number">190</field>
        <field name="description">
            Se consignará esta subclave en todas las percepciones
            de la clave E distintas de las que deban relacionarse bajo
            las subclaves 01, 02 y 03.
        </field>
        <field name="active">True</field>
        <field name="ad_required">0</field>
    </record>
    <record
        id="aeat_m190_perception_subkey_06_01"
        model="l10n.es.aeat.report.perception.subkey"
    >
        <field name="aeat_perception_key_id" ref="aeat_m190_perception_key_06" />
        <field name="name">01</field>
        <field name="aeat_number">190</field>
        <field name="description">
            Se consignará esta subclave cuando las percepciones
            correspondan a alguno de los premios literarios, científicos o
            artísticos no exentos del Impuesto a que se refiere el
            artículo 12.1, letra g), del Reglamento del Impuesto.
        </field>
        <field name="active">True</field>
        <field name="ad_required">0</field>
    </record>
    <record
        id="aeat_m190_perception_subkey_06_02"
        model="l10n.es.aeat.report.perception.subkey"
    >
        <field name="aeat_perception_key_id" ref="aeat_m190_perception_key_06" />
        <field name="name">02</field>
        <field name="aeat_number">190</field>
        <field name="description">
            Rendimientos del trabajo derivados de impartir
            cursos, conferencias, coloquios y similares.
        </field>
        <field name="active">True</field>
        <field name="ad_required">0</field>
    </record>
    <record
        id="aeat_m190_perception_subkey_06_03"
        model="l10n.es.aeat.report.perception.subkey"
    >
        <field name="aeat_perception_key_id" ref="aeat_m190_perception_key_06" />
        <field name="name">03</field>
        <field name="aeat_number">190</field>
        <field name="description">
            Rendimientos del trabajo derivados de la
            elaboración de obras literarias, artísticas o
            científicas a los que resulte aplicable el tipo de
            retención establecido con carácter general en el
            artículo 101.3 de la Ley del Impuesto.
        </field>
        <field name="active">True</field>
        <field name="ad_required">0</field>
    </record>
    <record
        id="aeat_m190_perception_subkey_06_04"
        model="l10n.es.aeat.report.perception.subkey"
    >
        <field name="aeat_perception_key_id" ref="aeat_m190_perception_key_06" />
        <field name="name">04</field>
        <field name="aeat_number">190</field>
        <field name="description">
            Rendimientos del trabajo derivados de la
            elaboración de obras literarias, artísticas o
            científicas a los que resulte aplicable el tipo de
            retención reducido establecido en el artículo 101.3
            de la Ley del Impuesto.
        </field>
        <field name="active">True</field>
        <field name="ad_required">0</field>
    </record>
    <record
        id="aeat_m190_perception_subkey_06_05"
        model="l10n.es.aeat.report.perception.subkey"
    >
        <field name="aeat_perception_key_id" ref="aeat_m190_perception_key_06" />
        <field name="name">05</field>
        <field name="aeat_number">190</field>
        <field name="description">
            Rendimientos derivados de la propiedad
            intelectual, cuando tengan la consideración de
            rendimientos del trabajo, a los que sea aplicable el
            tipo general establecido en el artículo 101.9 de la
            ley del Impuesto.
        </field>
        <field name="active">True</field>
        <field name="ad_required">0</field>
    </record>
    <record
        id="aeat_m190_perception_subkey_06_06"
        model="l10n.es.aeat.report.perception.subkey"
    >
        <field name="aeat_perception_key_id" ref="aeat_m190_perception_key_06" />
        <field name="name">06</field>
        <field name="aeat_number">190</field>
        <field name="description">
            Rendimientos derivados de la propiedad
            intelectual, cuando tengan la consideración de
            rendimientos del trabajo, a los que sea aplicable el
            tipo de retención reducido establecido en el
            artículo 101.9 de la Ley del Impuesto.
        </field>
        <field name="active">True</field>
        <field name="ad_required">0</field>
    </record>
    <record
        id="aeat_m190_perception_subkey_06_07"
        model="l10n.es.aeat.report.perception.subkey"
    >
        <field name="aeat_perception_key_id" ref="aeat_m190_perception_key_06" />
        <field name="name">07</field>
        <field name="aeat_number">190</field>
        <field name="description">
            Anticipos a cuenta derivados de la cesión de la
            explotación de los derechos de autor, cuando tales
            anticipos tengan la consideración de rendimientos
            del trabajo, que se vayan a devengar a lo largo de
            varios años.
        </field>
        <field name="active">True</field>
        <field name="ad_required">0</field>
    </record>
    <record
        id="aeat_m190_perception_subkey_07_01"
        model="l10n.es.aeat.report.perception.subkey"
    >
        <field name="aeat_perception_key_id" ref="aeat_m190_perception_key_07" />
        <field name="name">01</field>
        <field name="aeat_number">190</field>
        <field name="description">
            Se consignará esta subclave cuando se trate de
            percepciones a las que resulte aplicable el tipo de
            retención establecido con carácter general en el artículo
            95.1 del Reglamento del Impuesto.
        </field>
        <field name="active">True</field>
        <field name="ad_required">0</field>
    </record>
    <record
        id="aeat_m190_perception_subkey_07_02"
        model="l10n.es.aeat.report.perception.subkey"
    >
        <field name="aeat_perception_key_id" ref="aeat_m190_perception_key_07" />
        <field name="name">02</field>
        <field name="aeat_number">190</field>
        <field name="description">
            Se consignará esta subclave cuando se trate de
            percepciones a las que resulte aplicable el tipo de
            retención específico establecido en el citado artículo del
            Reglamento del Impuesto para los rendimientos
            satisfechos a recaudadores municipales, mediadores de
            seguros que utilicen los servicios de auxiliares externos y
            delegados comerciales de la entidad pública empresarial
            «Loterías y Apuestas del Estado».
        </field>
        <field name="active">True</field>
        <field name="ad_required">0</field>
    </record>
    <record
        id="aeat_m190_perception_subkey_07_03"
        model="l10n.es.aeat.report.perception.subkey"
    >
        <field name="aeat_perception_key_id" ref="aeat_m190_perception_key_07" />
        <field name="name">03</field>
        <field name="aeat_number">190</field>
        <field name="description">
            Se consignará esta subclave cuando se trate de
            percepciones a las que resulte aplicable el tipo de
            retención reducido establecido en el artículo 95.1 del
            Reglamento del Impuesto para los rendimientos
            satisfechos a contribuyentes que inicien el ejercicio de
            actividades profesionales, tanto en el período impositivo en
            que se produzca dicho inicio como en los dos siguientes.
        </field>
        <field name="active">True</field>
        <field name="ad_required">0</field>
    </record>
    <record
        id="aeat_m190_perception_subkey_07_04"
        model="l10n.es.aeat.report.perception.subkey"
    >
        <field name="aeat_perception_key_id" ref="aeat_m190_perception_key_07" />
        <field name="name">04</field>
        <field name="aeat_number">190</field>
        <field name="description">
            Se consignará esta subclave cuando se trate de
            percepciones a las que resulte aplicable el tipo de
            retención especifico establecido en la letra d) del
            artículo 95.1 del Reglamento del Impuesto.
        </field>
        <field name="active">True</field>
        <field name="ad_required">0</field>
    </record>
    <record
        id="aeat_m190_perception_subkey_07_05"
        model="l10n.es.aeat.report.perception.subkey"
    >
        <field name="aeat_perception_key_id" ref="aeat_m190_perception_key_07" />
        <field name="name">05</field>
        <field name="aeat_number">190</field>
        <field name="description">
            Rendimientos derivados de la propiedad
            intelectual, a los que resulte aplicable el tipo
            general de retención previsto en el artículo 101.9
            de la Ley del Impuesto.
        </field>
        <field name="active">True</field>
        <field name="ad_required">0</field>
    </record>
    <record
        id="aeat_m190_perception_subkey_07_06"
        model="l10n.es.aeat.report.perception.subkey"
    >
        <field name="aeat_perception_key_id" ref="aeat_m190_perception_key_07" />
        <field name="name">06</field>
        <field name="aeat_number">190</field>
        <field name="description">
            Rendimientos derivados de la propiedad
            intelectual, a los que resulte aplicable el tipo de
            retención reducido previsto en el artículo 101.9 de
            la Ley del Impuesto.
        </field>
        <field name="active">True</field>
        <field name="ad_required">0</field>
    </record>
    <record
        id="aeat_m190_perception_subkey_07_07"
        model="l10n.es.aeat.report.perception.subkey"
    >
        <field name="aeat_perception_key_id" ref="aeat_m190_perception_key_07" />
        <field name="name">07</field>
        <field name="aeat_number">190</field>
        <field name="description">
            Anticipos a cuenta derivados de la cesión de la
            explotación de derechos de autor, cuando tales
            anticipos tengan la consideración de rendimientos
            de actividades profesionales, que se vayan a
            devengar a lo largo de varios años.
        </field>
        <field name="active">True</field>
        <field name="ad_required">0</field>
    </record>
    <record
        id="aeat_m190_perception_subkey_07_08"
        model="l10n.es.aeat.report.perception.subkey"
    >
        <field name="aeat_perception_key_id" ref="aeat_m190_perception_key_07" />
        <field name="name">08</field>
        <field name="aeat_number">190</field>
        <field name="description">
            Rendimientos derivados de la cesión del
            derecho a la explotación de la imagen. Se
            consignará esta subclave cuando las percepciones
            satisfechas por dicha cesión tengan para su
            perceptor la calificación de rendimientos derivados
            de su actividad profesional.
        </field>
        <field name="active">True</field>
        <field name="ad_required">0</field>
    </record>
    <record
        id="aeat_m190_perception_subkey_08_01"
        model="l10n.es.aeat.report.perception.subkey"
    >
        <field name="aeat_perception_key_id" ref="aeat_m190_perception_key_08" />
        <field name="name">01</field>
        <field name="aeat_number">190</field>
        <field name="description">
            Se consignará esta subclave cuando se trate de
            percepciones a las que resulte aplicable el tipo de
            retención establecido con carácter general en el artículo
            95.4.2.o del Reglamento del Impuesto.
        </field>
        <field name="active">True</field>
        <field name="ad_required">0</field>
    </record>
    <record
        id="aeat_m190_perception_subkey_08_02"
        model="l10n.es.aeat.report.perception.subkey"
    >
        <field name="aeat_perception_key_id" ref="aeat_m190_perception_key_08" />
        <field name="name">02</field>
        <field name="aeat_number">190</field>
        <field name="description">
            Se consignará esta subclave cuando se trate de
            percepciones a las que resulte aplicable el tipo de
            retención específico establecido en el artículo
            95.4.1.º del Reglamento del Impuesto para los
            rendimientos que sean contraprestación de
            actividades ganaderas de engorde de porcino y
            avicultura.
        </field>
        <field name="active">True</field>
        <field name="ad_required">0</field>
    </record>
    <record
        id="aeat_m190_perception_subkey_08_03"
        model="l10n.es.aeat.report.perception.subkey"
    >
        <field name="aeat_perception_key_id" ref="aeat_m190_perception_key_08" />
        <field name="name">03</field>
        <field name="aeat_number">190</field>
        <field name="description">
            Se consignará esta subclave cuando las percepciones
            satisfechas sean contraprestación de las actividades
            forestales a que se refiere el artículo 95.5 del Reglamento
            del Impuesto.
        </field>
        <field name="active">True</field>
        <field name="ad_required">0</field>
    </record>
    <record
        id="aeat_m190_perception_subkey_08_04"
        model="l10n.es.aeat.report.perception.subkey"
    >
        <field name="aeat_perception_key_id" ref="aeat_m190_perception_key_08" />
        <field name="name">04</field>
        <field name="aeat_number">190</field>
        <field name="description">
            Se consignará esta subclave cuando las percepciones
            satisfechas sean contraprestación de las actividades
            económicas en estimación objetiva recogidas en el artículo
            95.6.2.o del Reglamento del Impuesto.
        </field>
        <field name="active">True</field>
        <field name="ad_required">0</field>
    </record>
    <record
        id="aeat_m190_perception_subkey_09_01"
        model="l10n.es.aeat.report.perception.subkey"
    >
        <field name="aeat_perception_key_id" ref="aeat_m190_perception_key_09" />
        <field name="name">01</field>
        <field name="aeat_number">190</field>
        <field name="description">
            Se consignará esta subclave cuando se trate de
            percepciones satisfechas por la persona o entidad
            declarante en concepto de rendimientos procedentes de la
            cesión del derecho a la explotación del derecho de
            imagen.
        </field>
        <field name="active">True</field>
        <field name="ad_required">0</field>
    </record>
    <record
        id="aeat_m190_perception_subkey_09_02"
        model="l10n.es.aeat.report.perception.subkey"
    >
        <field name="aeat_perception_key_id" ref="aeat_m190_perception_key_09" />
        <field name="name">02</field>
        <field name="aeat_number">190</field>
        <field name="description">
            Se consignará esta subclave cuando se trate de
            percepciones satisfechas por la persona o entidad
            declarante por cualquier otro de los conceptos a que se
            refiere el artículo 75.2, letra b) del Reglamento del
            Impuesto.
        </field>
        <field name="active">True</field>
        <field name="ad_required">0</field>
    </record>
    <record
        id="aeat_m190_perception_subkey_11_01"
        model="l10n.es.aeat.report.perception.subkey"
    >
        <field name="aeat_perception_key_id" ref="aeat_m190_perception_key_11" />
        <field name="name">01</field>
        <field name="aeat_number">190</field>
        <field name="description">
            Se consignará esta subclave cuando las percepciones
            correspondan a premios por la participación en juegos,
            rifas o combinaciones aleatorias sin fines publicitarios,
            enmarcables en la definición del concepto de "juego" que
            se contiene en el artículo 3.a) de la Ley 13/2011, de 27 de
            mayo, de regulación del juego, caracterizado por
            arriesgarse cantidades de dinero u otros elementos
            patrimoniales a cambio de la posibilidad de obtener un
            premio o ganancia. Estos premios se consignarán por su
            importe íntegro, sin perjuicio del derecho del perceptor a
            minorar su importe en las pérdidas en el juego obtenidas
            en el mismo período impositivo, en los términos
            establecidos en el artículo 35.5.d) de la Ley del impuesto.
        </field>
        <field name="active">True</field>
        <field name="ad_required">0</field>
    </record>
    <record
        id="aeat_m190_perception_subkey_11_02"
        model="l10n.es.aeat.report.perception.subkey"
    >
        <field name="aeat_perception_key_id" ref="aeat_m190_perception_key_11" />
        <field name="name">02</field>
        <field name="aeat_number">190</field>
        <field name="description">
            Se consignará esta subclave cuando las percepciones
            correspondan a ganancias patrimoniales obtenidas por los
            vecinos como consecuencia de aprovechamientos
            forestales en montes públicos.
        </field>
        <field name="active">True</field>
        <field name="ad_required">0</field>
    </record>
    <record
        id="aeat_m190_perception_subkey_11_03"
        model="l10n.es.aeat.report.perception.subkey"
    >
        <field name="aeat_perception_key_id" ref="aeat_m190_perception_key_11" />
        <field name="name">03</field>
        <field name="aeat_number">190</field>
        <field name="description">
            Se consignará esta subclave cuando las percepciones
            correspondan a premios por la participación en concursos
            o combinaciones aleatorias con fines publicitarios, en los
            que no se realice un desembolso económico por su
            participación en ellos, y por tanto, no enmarcables en la
            definición del concepto de "juego" que se contiene en el
            artículo 3.a) de la Ley 13/2011, de 27 de mayo, de regulación
            del juego. Se incluyen aquí premios derivados de programas
            desarrollados en medios de comunicación, así como los derivados
            de combinaciones aleatorias con fines publicitarios y
            promocionales definidas en el art. 3.i) de la Ley 13/2011.
        </field>
        <field name="active">True</field>
        <field name="ad_required">0</field>
    </record>
    <record
        id="aeat_m190_perception_subkey_12_01"
        model="l10n.es.aeat.report.perception.subkey"
    >
        <field name="aeat_perception_key_id" ref="aeat_m190_perception_key_12" />
        <field name="name">01</field>
        <field name="aeat_number">190</field>
        <field name="description">
            Dietas y asignaciones para gastos de viaje
            exceptuadas de gravamen conforme a lo previsto en el
            artículo 9 del Reglamento del Impuesto.
        </field>
        <field name="active">True</field>
        <field name="ad_required">0</field>
    </record>
    <record
        id="aeat_m190_perception_subkey_12_02"
        model="l10n.es.aeat.report.perception.subkey"
    >
        <field name="aeat_perception_key_id" ref="aeat_m190_perception_key_12" />
        <field name="name">02</field>
        <field name="aeat_number">190</field>
        <field name="description">
            Prestaciones públicas extraordinarias por actos de
            terrorismo y pensiones derivadas de medallas y
            condecoraciones concedidas por actos de terrorismo que
            estén exentas en virtud de lo establecido en la letra a) del
            artículo 7 de la Ley del Impuesto.
        </field>
        <field name="active">True</field>
        <field name="ad_required">0</field>
    </record>
    <record
        id="aeat_m190_perception_subkey_12_03"
        model="l10n.es.aeat.report.perception.subkey"
    >
        <field name="aeat_perception_key_id" ref="aeat_m190_perception_key_12" />
        <field name="name">03</field>
        <field name="aeat_number">190</field>
        <field name="description">
            Ayudas percibidas por los afectados por el virus de la
            inmunodeficiencia humana a que se refiere la letra b) del
            artículo 7 de la Ley del Impuesto.
        </field>
        <field name="active">True</field>
        <field name="ad_required">0</field>
    </record>
    <record
        id="aeat_m190_perception_subkey_12_04"
        model="l10n.es.aeat.report.perception.subkey"
    >
        <field name="aeat_perception_key_id" ref="aeat_m190_perception_key_12" />
        <field name="name">04</field>
        <field name="aeat_number">190</field>
        <field name="description">
            Pensiones por lesiones o mutilaciones sufridas con
            ocasión o como consecuencia de la Guerra Civil
            1936/1939 que estén exentas en virtud de lo establecido
            en la letra c) del artículo 7 de la Ley del Impuesto.
        </field>
        <field name="active">True</field>
        <field name="ad_required">0</field>
    </record>
    <record
        id="aeat_m190_perception_subkey_12_05"
        model="l10n.es.aeat.report.perception.subkey"
    >
        <field name="aeat_perception_key_id" ref="aeat_m190_perception_key_12" />
        <field name="name">05</field>
        <field name="aeat_number">190</field>
        <field name="description">
            Indemnizaciones por despido o cese del trabajador que
            estén exentas en virtud de lo establecido en la letra e) del
            artículo 7 de la Ley del Impuesto y en el artículo 1 del
            Reglamento.
        </field>
        <field name="active">True</field>
        <field name="ad_required">0</field>
    </record>
    <record
        id="aeat_m190_perception_subkey_12_06"
        model="l10n.es.aeat.report.perception.subkey"
    >
        <field name="aeat_perception_key_id" ref="aeat_m190_perception_key_12" />
        <field name="name">06</field>
        <field name="aeat_number">190</field>
        <field name="description">
            Prestaciones por incapacidad permanente absoluta o
            gran invalidez que estén exentas conforme a lo
            establecido en la letra f) del artículo 7 de la Ley del
            Impuesto.
        </field>
        <field name="active">True</field>
        <field name="ad_required">0</field>
    </record>
    <record
        id="aeat_m190_perception_subkey_12_07"
        model="l10n.es.aeat.report.perception.subkey"
    >
        <field name="aeat_perception_key_id" ref="aeat_m190_perception_key_12" />
        <field name="name">07</field>
        <field name="aeat_number">190</field>
        <field name="description">
            Pensiones por inutilidad o incapacidad permanente del
            régimen de clases pasivas a que se refiere la letra g) del
            artículo 7 de la Ley del Impuesto.
        </field>
        <field name="active">True</field>
        <field name="ad_required">0</field>
    </record>
    <record
        id="aeat_m190_perception_subkey_12_08"
        model="l10n.es.aeat.report.perception.subkey"
    >
        <field name="aeat_perception_key_id" ref="aeat_m190_perception_key_12" />
        <field name="name">08</field>
        <field name="aeat_number">190</field>
        <field name="description">
            Prestaciones, pensiones y haberes pasivos que estén
            exentos en virtud de lo establecido en la letra h) del
            artículo 7 de la Ley del Impuesto.
        </field>
        <field name="active">True</field>
        <field name="ad_required">0</field>
    </record>
    <record
        id="aeat_m190_perception_subkey_12_09"
        model="l10n.es.aeat.report.perception.subkey"
    >
        <field name="aeat_perception_key_id" ref="aeat_m190_perception_key_12" />
        <field name="name">09</field>
        <field name="aeat_number">190</field>
        <field name="description">
            Prestaciones económicas de instituciones públicas con
            motivo del acogimiento de personas con discapacidad,
            mayores de sesenta y cinco años o menores y ayudas
            económicas otorgadas por instituciones públicas a
            personas con discapacidad o mayores de sesenta y cinco
            años para financiar su estancia en residencias o centros
            de día, que estén exentas en virtud de lo establecido en la
            letra i) del artículo 7 de la Ley del Impuesto.
        </field>
        <field name="active">True</field>
        <field name="ad_required">0</field>
    </record>
    <record
        id="aeat_m190_perception_subkey_12_10"
        model="l10n.es.aeat.report.perception.subkey"
    >
        <field name="aeat_perception_key_id" ref="aeat_m190_perception_key_12" />
        <field name="name">10</field>
        <field name="aeat_number">190</field>
        <field name="description">
            Becas que estén exentas en virtud de lo establecido en
            la letra j) del artículo 7 de la Ley del Impuesto.
        </field>
        <field name="active">True</field>
        <field name="ad_required">0</field>
    </record>
    <record
        id="aeat_m190_perception_subkey_12_11"
        model="l10n.es.aeat.report.perception.subkey"
    >
        <field name="aeat_perception_key_id" ref="aeat_m190_perception_key_12" />
        <field name="name">11</field>
        <field name="aeat_number">190</field>
        <field name="description">
            Premios literarios, artísticos o científicos relevantes, así
            como los premios «Príncipe de Asturias», que estén
            exentos en virtud de lo establecido en la letra l) del artículo
            7 de la Ley del Impuesto y en el artículo 3 del Reglamento.
        </field>
        <field name="active">True</field>
        <field name="ad_required">0</field>
    </record>
    <record
        id="aeat_m190_perception_subkey_12_12"
        model="l10n.es.aeat.report.perception.subkey"
    >
        <field name="aeat_perception_key_id" ref="aeat_m190_perception_key_12" />
        <field name="name">12</field>
        <field name="aeat_number">190</field>
        <field name="description">
            Ayudas económicas a los deportistas de alto nivel que
            estén exentas en virtud de lo establecido en la letra m) del
            artículo 7 de la Ley del Impuesto y en el artículo 4 del
            Reglamento.
        </field>
        <field name="active">True</field>
        <field name="ad_required">0</field>
    </record>
    <record
        id="aeat_m190_perception_subkey_12_13"
        model="l10n.es.aeat.report.perception.subkey"
    >
        <field name="aeat_perception_key_id" ref="aeat_m190_perception_key_12" />
        <field name="name">13</field>
        <field name="aeat_number">190</field>
        <field name="description">
            Prestaciones por desempleo abonadas en la modalidad
            de pago único que estén exentas en virtud de lo
            establecido en la letra n) del artículo 7 de la Ley del
            Impuesto.
        </field>
        <field name="active">True</field>
        <field name="ad_required">0</field>
    </record>
    <record
        id="aeat_m190_perception_subkey_12_14"
        model="l10n.es.aeat.report.perception.subkey"
    >
        <field name="aeat_perception_key_id" ref="aeat_m190_perception_key_12" />
        <field name="name">14</field>
        <field name="aeat_number">190</field>
        <field name="description">
            Gratificaciones extraordinarias satisfechas por el
            Estado español por la participación en misiones
            internacionales de paz o humanitarias que estén exentas
            en virtud de lo establecido en la letra o) del artículo 7 de la
            Ley del Impuesto y en el artículo 5 del Reglamento.
        </field>
        <field name="active">True</field>
        <field name="ad_required">0</field>
    </record>
    <record
        id="aeat_m190_perception_subkey_12_15"
        model="l10n.es.aeat.report.perception.subkey"
    >
        <field name="aeat_perception_key_id" ref="aeat_m190_perception_key_12" />
        <field name="name">15</field>
        <field name="aeat_number">190</field>
        <field name="description">
            Rendimientos del trabajo percibidos por trabajos
            realizados en el extranjero que estén exentos en virtud de
            lo establecido en la letra p) del artículo 7 de la Ley del
            Impuesto y en el artículo 6 del Reglamento.
        </field>
        <field name="active">True</field>
        <field name="ad_required">0</field>
    </record>
    <record
        id="aeat_m190_perception_subkey_12_16"
        model="l10n.es.aeat.report.perception.subkey"
    >
        <field name="aeat_perception_key_id" ref="aeat_m190_perception_key_12" />
        <field name="name">16</field>
        <field name="aeat_number">190</field>
        <field name="description">
            Prestaciones por entierro o sepelio que estén exentasen
            virtud de lo establecido en la letra r) del artículo 7 de la
            Ley del Impuesto.
        </field>
        <field name="active">True</field>
        <field name="ad_required">0</field>
    </record>
    <record
        id="aeat_m190_perception_subkey_12_17"
        model="l10n.es.aeat.report.perception.subkey"
    >
        <field name="aeat_perception_key_id" ref="aeat_m190_perception_key_12" />
        <field name="name">17</field>
        <field name="aeat_number">190</field>
        <field name="description">
            Ayudas a favor de las personas que hayan desarrollado
            la hepatitis C como consecuencia de haber recibido
            tratamiento en el ámbito del sistema sanitario público, que
            estén exentas en virtud de lo establecido en la letra s) del
            artículo 7 de la Ley del Impuesto.
        </field>
        <field name="active">True</field>
        <field name="ad_required">0</field>
    </record>
    <record
        id="aeat_m190_perception_subkey_12_18"
        model="l10n.es.aeat.report.perception.subkey"
    >
        <field name="aeat_perception_key_id" ref="aeat_m190_perception_key_12" />
        <field name="name">18</field>
        <field name="aeat_number">190</field>
        <field name="description">
            Prestaciones en forma de renta obtenidas por las personas
            con discapacidad correspondientes a aportaciones a sistemas
            de previsión social constituidos en favor de las mismas,
            que estén exentas en virtud de lo establecido en la letra w)
            del artículo 7 de la Ley del Impuesto.
        </field>
        <field name="active">True</field>
        <field name="ad_required">0</field>
    </record>
    <record
        id="aeat_m190_perception_subkey_12_19"
        model="l10n.es.aeat.report.perception.subkey"
    >
        <field name="aeat_perception_key_id" ref="aeat_m190_perception_key_12" />
        <field name="name">19</field>
        <field name="aeat_number">190</field>
        <field name="description">
            Prestaciones económicas públicas vinculadas al
            servicio para cuidados en el entorno familiar y de
            asistencia personalizada que se derivan de la Ley de
            promoción de la autonomía personal y atención a las
            personas en situación de dependencia, que estén exentas
            en virtud de lo establecido en la letra x) del artículo 7 de la
            Ley del Impuesto.
        </field>
        <field name="active">True</field>
        <field name="ad_required">0</field>
    </record>
    <record
        id="aeat_m190_perception_subkey_12_20"
        model="l10n.es.aeat.report.perception.subkey"
    >
        <field name="aeat_perception_key_id" ref="aeat_m190_perception_key_12" />
        <field name="name">20</field>
        <field name="aeat_number">190</field>
        <field name="description">
            Prestaciones y ayudas familiares públicas vinculadas al
            nacimiento, adopción, acogimiento o cuidado de hijos
            menores, que estén exentas en virtud de lo establecido en
            la letra z) del artículo 7 de la Ley del Impuesto.
        </field>
        <field name="active">True</field>
        <field name="ad_required">0</field>
    </record>
    <record
        id="aeat_m190_perception_subkey_12_21"
        model="l10n.es.aeat.report.perception.subkey"
    >
        <field name="aeat_perception_key_id" ref="aeat_m190_perception_key_12" />
        <field name="name">21</field>
        <field name="aeat_number">190</field>
        <field name="description">
            Rendimientos del trabajo de la persona titular de un
            patrimonio protegido a que se refiere la disposición
            adicional decimoctava de la Ley del Impuesto, derivados
            de las aportaciones a dichos patrimonios protegidos, que
            estén exentos en virtud de lo establecido en el segundo
            párrafo de la letra w) del artículo 7 de la Ley del Impuesto.
        </field>
        <field name="active">True</field>
        <field name="ad_required">0</field>
    </record>
    <record
        id="aeat_m190_perception_subkey_12_22"
        model="l10n.es.aeat.report.perception.subkey"
    >
        <field name="aeat_perception_key_id" ref="aeat_m190_perception_key_12" />
        <field name="name">22</field>
        <field name="aeat_number">190</field>
        <field name="description">
            Prestaciones económicas establecidas por las Comunidades
            Autónomas en concepto de renta mínima de inserción para
            garantizar recursos económicos de subsistencia a las personas
            que carezcan de ellos, así como las demás ayudas establecidas
            por estas o por entidades locales para atender, con arreglo a su
            normativa, a colectivos en riesgo de exclusión social, situaciones
            de emergencia social, necesidades habitacionales de personas sin
            recursos o necesidades de alimentación, escolarización y demás
            necesidades básicas de menores o personas con discapacidad cuando
            ellos y las personas a su cargo, carezcan de medios económicos
            suficientes, que estén exentas en virtud de lo establecido en el
            primer párrafo de la letra y) del artículo 7 de la Ley del Impuesto.
        </field>
        <field name="active">True</field>
        <field name="ad_required">0</field>
    </record>
    <record
        id="aeat_m190_perception_subkey_12_23"
        model="l10n.es.aeat.report.perception.subkey"
    >
        <field name="aeat_perception_key_id" ref="aeat_m190_perception_key_12" />
        <field name="name">23</field>
        <field name="aeat_number">190</field>
        <field name="description">
            Ayudas concedidas a víctimas de delitos violentos a
            que se refiere la Ley 35/1995, de 11 de diciembre, de
            ayudas y asistencia a las víctimas de delitos violentos y
            contra la libertad sexual, ayudas previstas en la Ley
            Orgánica 1/2004, de 28 de diciembre, de Medidas de
            Protección Integral contra la Violencia de Género, y demás
            ayudas públicas satisfechas a víctimas de violencia de
            género por tal condición, que estén exentas en virtud de lo
            establecido en el segundo párrafo de la letra y) del artículo
            7 de la Ley del Impuesto.
        </field>
        <field name="active">True</field>
        <field name="ad_required">0</field>
    </record>
    <record
        id="aeat_m190_perception_subkey_12_24"
        model="l10n.es.aeat.report.perception.subkey"
    >
        <field name="aeat_perception_key_id" ref="aeat_m190_perception_key_12" />
        <field name="name">24</field>
        <field name="aeat_number">190</field>
        <field name="description">
            Rendimientos del trabajo en especie exentos de
            acuerdo con lo dispuesto en las letras a) b), c), y
            e), del artículo 42.3 de la Ley del Impuesto, sin
            incluir en esta subclave los rendimientos del
            trabajo en especie exentos que deban consignarse
            en la subclave 25 siguiente.
            No obstante, respecto de los rendimientos del
            trabajo exentos previstos en las letras a) y b) del
            artículo 42.3 de la Ley del Impuesto que se
            incluyan en esta subclave 24, únicamente se
            exigirán datos cuando para la prestación de los
            servicios se utilicen fórmulas indirectas.
        </field>
        <field name="active">True</field>
        <field name="ad_required">0</field>
    </record>
    <record
        id="aeat_m190_perception_subkey_12_25"
        model="l10n.es.aeat.report.perception.subkey"
    >
        <field name="aeat_perception_key_id" ref="aeat_m190_perception_key_12" />
        <field name="name">25</field>
        <field name="aeat_number">190</field>
        <field name="description">
            Rendimientos del trabajo en especie exentos
            de acuerdo con lo dispuesto en la letra b) del
            artículo 42.3 de la Ley del Impuesto,
            exclusivamente referidos a aquellos destinados
            por las empresas o empleadores a prestar el
            servicio de primer ciclo de educación infantil a los
            hijos de sus trabajadores. No obstante, respecto
            de los rendimientos del trabajo exentos previstos
            en esta subclave, únicamente se exigirán datos
            cuando para la prestación de los servicios se
            utilicen fórmulas indirectas.
        </field>
        <field name="active">True</field>
        <field name="ad_required">0</field>
    </record>
    <record
        id="aeat_m190_perception_subkey_12_26"
        model="l10n.es.aeat.report.perception.subkey"
    >
        <field name="aeat_perception_key_id" ref="aeat_m190_perception_key_12" />
        <field name="name">26</field>
        <field name="aeat_number">190</field>
        <field name="description">
            Rendimientos del trabajo en especie exentos de
            acuerdo con lo dispuesto en la letra d) del artículo
            42.3 de la Ley del Impuesto.
        </field>
        <field name="active">True</field>
        <field name="ad_required">0</field>
    </record>
    <record
        id="aeat_m190_perception_subkey_12_27"
        model="l10n.es.aeat.report.perception.subkey"
    >
        <field name="aeat_perception_key_id" ref="aeat_m190_perception_key_12" />
        <field name="name">27</field>
        <field name="aeat_number">190</field>
        <field name="description">
            Prestaciones públicas por maternidad o
            paternidad exentas del IRPF.
        </field>
        <field name="active">True</field>
        <field name="ad_required">0</field>
    </record>
    <record
        id="aeat_m190_perception_subkey_12_28"
        model="l10n.es.aeat.report.perception.subkey"
    >
        <field name="aeat_perception_key_id" ref="aeat_m190_perception_key_12" />
        <field name="name">28</field>
        <field name="aeat_number">190</field>
        <field name="description">
            Prestaciones económicas establecidas por las
            Comunidades Autónomas en concepto de renta
            mínima de inserción para garantizar recursos
            económicos de subsistencia a las personas que
            carezcan de ellos y que estén exentas en virtud
            de lo establecido en el primer párrafo de la letra
            y) del artículo 7 de la Ley del Impuesto, sin incluir
            en esta subclave el resto de ayudas exentas
            establecidas en este primer párrafo de la letra y)
            que deban consignarse en la subclave 22
            anterior
        </field>
        <field name="active">True</field>
        <field name="ad_required">0</field>
    </record>
    <record
        id="aeat_m190_perception_subkey_12_29"
        model="l10n.es.aeat.report.perception.subkey"
    >
        <field name="aeat_perception_key_id" ref="aeat_m190_perception_key_12" />
        <field name="name">29</field>
        <field name="aeat_number">190</field>
        <field name="description">
            Prestación económica de la Seguridad Social
            correspondiente al Ingreso Mínimo Vital.
        </field>
        <field name="active">True</field>
        <field name="ad_required">0</field>
    </record>
    <record
        id="aeat_m190_perception_subkey_12_30"
        model="l10n.es.aeat.report.perception.subkey"
    >
        <field name="aeat_perception_key_id" ref="aeat_m190_perception_key_12" />
        <field name="name">30</field>
        <field name="aeat_number">190</field>
        <field name="description">
            Rendimientos del trabajo en especie exentos
            previstos en la letra f) del artículo 42.3 de la Ley
            del Impuesto, derivados de la entrega a los
            trabajadores en activo, de forma gratuita o por
            precio inferior al normal de mercado, de acciones o
            participaciones de la propia empresa o de otras
            empresas del grupo de sociedades, que no deban
            incluirse en la subclave 31 siguiente
        </field>
        <field name="active">True</field>
        <field name="ad_required">0</field>
    </record>
    <record
        id="aeat_m190_perception_subkey_12_31"
        model="l10n.es.aeat.report.perception.subkey"
    >
        <field name="aeat_perception_key_id" ref="aeat_m190_perception_key_12" />
        <field name="name">31</field>
        <field name="aeat_number">190</field>
        <field name="description">
            Rendimientos del trabajo en especie exentos
            previstos en la letra f) del artículo 42.3 de la Ley
            del Impuesto, derivados de la entrega de acciones
            o participaciones concedidas a los trabajadores de
            una empresa emergente a las que se refiere la Ley
            28/2022, de 21 de diciembre, de fomento del
            ecosistema de las empresas emergentes.
        </field>
        <field name="active">True</field>
        <field name="ad_required">0</field>
    </record>
    <record
        id="aeat_m190_perception_subkey_12_99"
        model="l10n.es.aeat.report.perception.subkey"
    >
        <field name="aeat_perception_key_id" ref="aeat_m190_perception_key_12" />
        <field name="name">99</field>
        <field name="aeat_number">190</field>
        <field name="description">
            Otras rentas exentas. Se incluirán en esta
            subclave las rentas exentas del Impuesto sobre la
            Renta de las Personas Físicas que, debiendo
            relacionarse en el modelo 190, sean distintas de
            las específicamente señaladas en las subclaves
            anteriores.
        </field>
        <field name="active">True</field>
        <field name="ad_required">0</field>
    </record>
</odoo>
