id,export_config_id:id,sequence,name,export_type,size,decimal_size,alignment,apply_sign,negative_sign,positive_sign,bool_no,bool_yes,expression,fixed_value,conditional_expression,repeat_expression,subconfig_id/id
aeat_mod369_2022_sub00_export_line_01,aeat_mod369_2022_sub00_export_config,1,Constante: <T,string,2,0,left,1,N,0, ,X,,"<T",,,
aeat_mod369_2022_sub00_export_line_02,aeat_mod369_2022_sub00_export_config,2,Modelo: 369,string,3,0,left,1,N,0, ,X,,"369",,,
aeat_mod369_2022_sub00_export_line_03,aeat_mod369_2022_sub00_export_config,3,Constante: 00,string,2,0,left,1,N,0, ,X,,"00",,,
aeat_mod369_2022_sub00_export_line_04,aeat_mod369_2022_sub00_export_config,4,Constante: >,string,1,0,left,1,N,0, ,X,,">",,,
aeat_mod369_2022_sub00_export_line_05,aeat_mod369_2022_sub00_export_config,5,Reservado,string,93,0,left,1,N,0, ,X,,,,,
aeat_mod369_2022_sub00_export_line_06,aeat_mod369_2022_sub00_export_config,6,Constante: </T36900>,string,9,0,left,1,N,0, ,X,,"</T36900>",,,
