id,alignment,apply_sign,bool_no,bool_yes,conditional_expression,decimal_size,export_config_id:id,export_type,expression,fixed_value,name,sequence,size,subconfig_id:id
aeat_mod390_2022_main_export_line_01,"left",,,,,,"aeat_mod390_2022_main_export_config","string",,"<T","Constante: <T","1","2",
aeat_mod390_2022_main_export_line_02,"left",,,,,,"aeat_mod390_2022_main_export_config","string",,"390","Constante: 390","2","3",
aeat_mod390_2022_main_export_line_03,"left",,,,,,"aeat_mod390_2022_main_export_config","string",,"0","Constante: 0","3","1",
aeat_mod390_2022_main_export_line_04,"left",,,,,,"aeat_mod390_2022_main_export_config","string","${object.year}",,"Ejercicio devengo","4","4",
aeat_mod390_2022_main_export_line_05,"left",,,,,,"aeat_mod390_2022_main_export_config","string","${object.period_type}",,"Identificación Periodo","5","2",
aeat_mod390_2022_main_export_line_06,"left",,,,,,"aeat_mod390_2022_main_export_config","string",,"0000>","Constante: 0000>","6","5",
aeat_mod390_2022_main_export_line_07,"left",,,,,,"aeat_mod390_2022_main_export_config","string",,"<AUX>","Constante: <AUX>","7","5",
aeat_mod390_2022_main_export_line_08,"left",,,,,,"aeat_mod390_2022_main_export_config","string",,,"Reservado para la Administración: Rellenar con blancos","8","70",
aeat_mod390_2022_main_export_line_09,"left",,,,,,"aeat_mod390_2022_main_export_config","string",,"odoo","Versión del programa","9","4",
aeat_mod390_2022_main_export_line_10,"left",,,,,,"aeat_mod390_2022_main_export_config","string",,,"Reservado para la Administración. Rellenar con blancos","10","4",
aeat_mod390_2022_main_export_line_11,"left",,,,,,"aeat_mod390_2022_main_export_config","string",,"G87846952","NIF Empresa Desarrollo","11","9",
aeat_mod390_2022_main_export_line_12,"left",,,,,,"aeat_mod390_2022_main_export_config","string",,,"Reservado para la Administración. Rellenar con blancos","12","213",
aeat_mod390_2022_main_export_line_13,"left",,,,,,"aeat_mod390_2022_main_export_config","string",,"</AUX>","Constante: </AUX>","13","6",
aeat_mod390_2022_main_export_line_14,,,,,"True",,"aeat_mod390_2022_main_export_config","subconfig",,,"Contenido del fichero [sub01]","14",,"aeat_mod390_2022_sub01_export_config"
aeat_mod390_2022_main_export_line_15,,,,,"True",,"aeat_mod390_2022_main_export_config","subconfig",,,"Contenido del fichero [sub02]","15",,"aeat_mod390_2022_sub02_export_config"
aeat_mod390_2022_main_export_line_16,,,,,"True",,"aeat_mod390_2022_main_export_config","subconfig",,,"Contenido del fichero [sub03]","16",,"aeat_mod390_2022_sub03_export_config"
aeat_mod390_2022_main_export_line_17,,,,,"True",,"aeat_mod390_2022_main_export_config","subconfig",,,"Contenido del fichero [sub04]","17",,"aeat_mod390_2019_sub04_export_config"
aeat_mod390_2022_main_export_line_18,,,,,"False",,"aeat_mod390_2022_main_export_config","subconfig",,,"Contenido del fichero [sub05]","18",,"aeat_mod390_2022_sub05_export_config"
aeat_mod390_2022_main_export_line_19,,,,,"True",,"aeat_mod390_2022_main_export_config","subconfig",,,"Contenido del fichero [sub06]","19",,"aeat_mod390_2021_sub06_export_config"
aeat_mod390_2022_main_export_line_20,,,,,"True",,"aeat_mod390_2022_main_export_config","subconfig",,,"Contenido del fichero [sub07]","20",,"aeat_mod390_2019_sub07_export_config"
aeat_mod390_2022_main_export_line_21,,,,,"False",,"aeat_mod390_2022_main_export_config","subconfig",,,"Contenido del fichero [sub08]","21",,"aeat_mod390_2019_sub08_export_config"
aeat_mod390_2022_main_export_line_22,"left",,,,,,"aeat_mod390_2022_main_export_config","string","</T3900${object.year}${object.period_type}0000>",,"Constante: </T3900+Ejercicio+periodo+0000>","22","18",
aeat_mod390_2022_sub01_export_line_01,"left",,,,,,"aeat_mod390_2022_sub01_export_config","string",,"<T","Constante: <T","1","2",
aeat_mod390_2022_sub01_export_line_02,"left",,,,,,"aeat_mod390_2022_sub01_export_config","string",,"390","Constante: 390","2","3",
aeat_mod390_2022_sub01_export_line_03,"left",,,,,,"aeat_mod390_2022_sub01_export_config","string",,"01","Página","3","2",
aeat_mod390_2022_sub01_export_line_04,"left",,,,,,"aeat_mod390_2022_sub01_export_config","string",,"000>","Constante: 000>","4","4",
aeat_mod390_2022_sub01_export_line_05,"left",,,,,,"aeat_mod390_2022_sub01_export_config","string",,,"Indicador de página complementaria: En blanco","5","1",
aeat_mod390_2022_sub01_export_line_06,"left",,,,,,"aeat_mod390_2022_sub01_export_config","string",,,"Reservado para la A.E.A.T. (Dejar en blanco)","6","1",
aeat_mod390_2022_sub01_export_line_07,"left",,,,,,"aeat_mod390_2022_sub01_export_config","string","${object.company_vat}",,"Identificación: NIF","7","9",
aeat_mod390_2022_sub01_export_line_08,"left",,,,,,"aeat_mod390_2022_sub01_export_config","string","${object.company_id.name}",,"Identificación: Denominación o Apellidos","8","60",
aeat_mod390_2022_sub01_export_line_09,"left",,,,,,"aeat_mod390_2022_sub01_export_config","string",,,"Identificación: Nombre","9","20",
aeat_mod390_2022_sub01_export_line_10,"left",,,,,,"aeat_mod390_2022_sub01_export_config","string","${object.year}",,"Identificación: Ejercicio","10","4",
aeat_mod390_2022_sub01_export_line_11,"left",,,,,,"aeat_mod390_2022_sub01_export_config","string",,,"Reservado para la A.E.A.T. (Dejar en blanco)","11","2",
aeat_mod390_2022_sub01_export_line_12,"left",,,,,,"aeat_mod390_2022_sub01_export_config","string",,"0","1. Sujeto pasivo - Registro de devolución mensual.","12","1",
aeat_mod390_2022_sub01_export_line_13,"left",,,,,,"aeat_mod390_2022_sub01_export_config","string",,"0","1. Sujeto pasivo - Regimen especial del grupo de entidades","13","1",
aeat_mod390_2022_sub01_export_line_14,"left",,,,,,"aeat_mod390_2022_sub01_export_config","string",,,"1. Sujeto pasivo - Número de grupo","14","7",
aeat_mod390_2022_sub01_export_line_15,"left",,,,,,"aeat_mod390_2022_sub01_export_config","string",,"0","1. Sujeto pasivo - dominante?","15","1",
aeat_mod390_2022_sub01_export_line_16,"left",,,,,,"aeat_mod390_2022_sub01_export_config","string",,"0","1. Sujeto pasivo - dependiente?","16","1",
aeat_mod390_2022_sub01_export_line_17,"left",,,,,,"aeat_mod390_2022_sub01_export_config","string",,"0","1. Sujeto pasivo - Tipo régimen especial aplicable. Art 163 sexies.cinco. Si o No","17","1",
aeat_mod390_2022_sub01_export_line_18,"left",,,,,,"aeat_mod390_2022_sub01_export_config","string",,,"1. Sujeto pasivo - NIF entidad dominante","18","9",
aeat_mod390_2022_sub01_export_line_19,"left",,,,,,"aeat_mod390_2022_sub01_export_config","string",,"2","1. Sujeto pasivo - Concurso acreedores en este ejercicio","19","1",
aeat_mod390_2022_sub01_export_line_20,"left",,,,,,"aeat_mod390_2022_sub01_export_config","string",,"2","1. Sujeto pasivo - Regimen especial del criterio de caja","20","1",
aeat_mod390_2022_sub01_export_line_21,"left",,,,,,"aeat_mod390_2022_sub01_export_config","string",,"2","1. Sujeto pasivo - Ha sido destinatario del régimen especial del criterio de caja","21","1",
aeat_mod390_2022_sub01_export_line_22,"left",,"0","1",,,"aeat_mod390_2022_sub01_export_config","boolean","${object.statement_type == 'S'}",,"2. Devengo - Sustitutiva?","22","1",
aeat_mod390_2022_sub01_export_line_23,"left",,,,,,"aeat_mod390_2022_sub01_export_config","string",,"0","2. Devengo - Sustitutiva por rectificación de cuotas?","23","1",
aeat_mod390_2022_sub01_export_line_24,"left",,,,,,"aeat_mod390_2022_sub01_export_config","string","${object.previous_number if object.statement_type in ('S', 'SF') else ''}",,"2. Devengo - Nº justificante declaración anterior","24","13",
aeat_mod390_2022_sub01_export_line_25,"left",,,,,,"aeat_mod390_2022_sub01_export_config","string","${object.main_activity}",,"3. Datos estadísticos - A - Actividades - Principal","25","40",
aeat_mod390_2022_sub01_export_line_26,"left",,,,,,"aeat_mod390_2022_sub01_export_config","string","${object.main_activity_code_id.code}",,"3. Datos estadísticos - B - Código de actividad - Principal","26","3",
aeat_mod390_2022_sub01_export_line_27,"left",,,,,,"aeat_mod390_2022_sub01_export_config","string","${object.main_activity_iae}",,"3. Datos estadísticos - C -Epígrafe I.A.E. - Principal","27","4",
aeat_mod390_2022_sub01_export_line_28,"left",,,,,,"aeat_mod390_2022_sub01_export_config","string","${object.other_first_activity}",,"3. Datos estadísticos - A - Actividades - Otras - 1ª","28","40",
aeat_mod390_2022_sub01_export_line_29,"left",,,,,,"aeat_mod390_2022_sub01_export_config","string","${object.other_first_activity_code_id.code or '0'}",,"3. Datos estadísticos - B - Código de actividad - Otras 1ª","29","3",
aeat_mod390_2022_sub01_export_line_30,"left",,,,,,"aeat_mod390_2022_sub01_export_config","string","${object.other_first_activity_iae}",,"3. Datos estadísticos - C -Epígrafe I.A.E. - Otras 1º","30","4",
aeat_mod390_2022_sub01_export_line_31,"left",,,,,,"aeat_mod390_2022_sub01_export_config","string","${object.other_second_activity}",,"3. Datos estadísticos - A - Actividades - Otras - 2ª","31","40",
aeat_mod390_2022_sub01_export_line_32,"left",,,,,,"aeat_mod390_2022_sub01_export_config","string","${object.other_second_activity_code_id.code or '0'}",,"3. Datos estadísticos - B - Código de actividad - Otras 2ª","32","3",
aeat_mod390_2022_sub01_export_line_33,"left",,,,,,"aeat_mod390_2022_sub01_export_config","string","${object.other_second_activity_iae}",,"3. Datos estadísticos - C -Epígrafe I.A.E. - Otras 2º","33","4",
aeat_mod390_2022_sub01_export_line_34,"left",,,,,,"aeat_mod390_2022_sub01_export_config","string","${object.other_third_activity}",,"3. Datos estadísticos - A - Actividades - Otras - 3ª","34","40",
aeat_mod390_2022_sub01_export_line_35,"left",,,,,,"aeat_mod390_2022_sub01_export_config","string","${object.other_third_activity_code_id.code or '0'}",,"3. Datos estadísticos - B - Código de actividad - Otras 3ª","35","3",
aeat_mod390_2022_sub01_export_line_36,"left",,,,,,"aeat_mod390_2022_sub01_export_config","string","${object.other_third_activity_iae}",,"3. Datos estadísticos - C -Epígrafe I.A.E. - Otras 3º","36","4",
aeat_mod390_2022_sub01_export_line_37,"left",,,,,,"aeat_mod390_2022_sub01_export_config","string","${object.other_fourth_activity}",,"3. Datos estadísticos - A - Actividades - Otras - 4ª","37","40",
aeat_mod390_2022_sub01_export_line_38,"left",,,,,,"aeat_mod390_2022_sub01_export_config","string","${object.other_fourth_activity_code_id.code or '0'}",,"3. Datos estadísticos - B - Código de actividad - Otras 4ª","38","3",
aeat_mod390_2022_sub01_export_line_39,"left",,,,,,"aeat_mod390_2022_sub01_export_config","string","${object.other_fourth_activity_iae}",,"3. Datos estadísticos - C -Epígrafe I.A.E. - Otras 4º","39","4",
aeat_mod390_2022_sub01_export_line_40,"left",,,,,,"aeat_mod390_2022_sub01_export_config","string","${object.other_fifth_activity}",,"3. Datos estadísticos - A - Actividades - Otras - 5ª","40","40",
aeat_mod390_2022_sub01_export_line_41,"left",,,,,,"aeat_mod390_2022_sub01_export_config","string","${object.other_fifth_activity_code_id.code or '0'}",,"3. Datos estadísticos - B - Código de actividad - Otras 5ª","41","3",
aeat_mod390_2022_sub01_export_line_42,"left",,,,,,"aeat_mod390_2022_sub01_export_config","string","${object.other_fifth_activity_iae}",,"3. Datos estadísticos - C -Epígrafe I.A.E. - Otras 5º","42","4",
aeat_mod390_2022_sub01_export_line_43,"left",,"0","1",,,"aeat_mod390_2022_sub01_export_config","boolean","${object.has_347}",,"3. Datos estadísticos - D - Declaración anual operac. con terceras personas.","43","1",
aeat_mod390_2022_sub01_export_line_44,"left",,,,,,"aeat_mod390_2022_sub01_export_config","string",,,"3. Datos estadísticos - Declaración conjunta - NIF.","44","9",
aeat_mod390_2022_sub01_export_line_45,"left",,,,,,"aeat_mod390_2022_sub01_export_config","string",,,"3. Datos estadísticos - Declaración conjunta - Razón social","45","37",
aeat_mod390_2022_sub01_export_line_46,"left",,,,,,"aeat_mod390_2022_sub01_export_config","string",,,"4. Representante - Personas Físicas/Comunid. Bienes - Represent. - NIF.","46","9",
aeat_mod390_2022_sub01_export_line_47,"left",,,,,,"aeat_mod390_2022_sub01_export_config","string",,,"4. Representante - Personas Físicas/Comunid. Bienes - Represent. - Apellidos y Nombre/Razón social","47","80",
aeat_mod390_2022_sub01_export_line_48,"left",,,,,,"aeat_mod390_2022_sub01_export_config","string",,,"4. Representante - Personas Físicas/Comunid. Bienes - Represent. - Calle/Pza./Avda.","48","2",
aeat_mod390_2022_sub01_export_line_49,"left",,,,,,"aeat_mod390_2022_sub01_export_config","string",,,"4. Representante - Personas Físicas/Comunid. Bienes - Represent. - Nombre de la vía pública","49","17",
aeat_mod390_2022_sub01_export_line_50,"left",,,,,,"aeat_mod390_2022_sub01_export_config","string",,,"4. Representante - Personas Físicas/Comunid. Bienes - Represent. - Número","50","5",
aeat_mod390_2022_sub01_export_line_51,"left",,,,,,"aeat_mod390_2022_sub01_export_config","string",,,"4. Representante - Personas Físicas/Comunid. Bienes - Represent. - Esc.","51","2",
aeat_mod390_2022_sub01_export_line_52,"left",,,,,,"aeat_mod390_2022_sub01_export_config","string",,,"4. Representante - Personas Físicas/Comunid. Bienes - Represent. - Piso","52","2",
aeat_mod390_2022_sub01_export_line_53,"left",,,,,,"aeat_mod390_2022_sub01_export_config","string",,,"4. Representante - Personas Físicas/Comunid. Bienes - Represent. - Prta.","53","2",
aeat_mod390_2022_sub01_export_line_54,"left",,,,,,"aeat_mod390_2022_sub01_export_config","string",,,"4. Representante - Personas Físicas/Comunid. Bienes - Represent. - Teléfono","54","9",
aeat_mod390_2022_sub01_export_line_55,"left",,,,,,"aeat_mod390_2022_sub01_export_config","string",,,"4. Representante - Personas Físicas/Comunid. Bienes - Represent. - Municipio","55","20",
aeat_mod390_2022_sub01_export_line_56,"left",,,,,,"aeat_mod390_2022_sub01_export_config","string",,,"4. Representante - Personas Físicas/Comunid. Bienes - Represent. - Provincia","56","15",
aeat_mod390_2022_sub01_export_line_57,"left",,,,,,"aeat_mod390_2022_sub01_export_config","string",,,"4. Representante - Personas Físicas/Comunid. Bienes - Represent. - Código Postal","57","5",
aeat_mod390_2022_sub01_export_line_58,"left",,,,,,"aeat_mod390_2022_sub01_export_config","string","${object.first_representative_name}",,"4. Representante - Personas Jurídicas - Represent. 1 - Nombre y Apellidos","58","80",
aeat_mod390_2022_sub01_export_line_59,"left",,,,,,"aeat_mod390_2022_sub01_export_config","string","${object.first_representative_vat}",,"4. Representante - Personas Jurídicas - Represent. 1 - NIF","59","9",
aeat_mod390_2022_sub01_export_line_60,"left",,,,,,"aeat_mod390_2022_sub01_export_config","string","${object._get_formatted_date(object.first_representative_date) or '00000000'}",,"4. Representante - Personas Jurídicas - Represent. 1 - Fecha Poder (DDMMAAAA)","60","8",
aeat_mod390_2022_sub01_export_line_61,"left",,,,,,"aeat_mod390_2022_sub01_export_config","string","${object.first_representative_notary}",,"4. Representante - Personas Jurídicas - Represent. 1 - Notaría","61","12",
aeat_mod390_2022_sub01_export_line_62,"left",,,,,,"aeat_mod390_2022_sub01_export_config","string","${object.second_representative_name}",,"4. Representante - Personas Jurídicas - Represent. 2 - Nombre y Apellidos","62","80",
aeat_mod390_2022_sub01_export_line_63,"left",,,,,,"aeat_mod390_2022_sub01_export_config","string","${object.second_representative_vat}",,"4. Representante - Personas Jurídicas - Represent. 2 - NIF","63","9",
aeat_mod390_2022_sub01_export_line_64,"left",,,,,,"aeat_mod390_2022_sub01_export_config","string","${object._get_formatted_date(object.second_representative_date) or '00000000'}",,"4. Representante - Personas Jurídicas - Represent. 2 - Fecha Poder (DDMMAAAA)","64","8",
aeat_mod390_2022_sub01_export_line_65,"left",,,,,,"aeat_mod390_2022_sub01_export_config","string","${object.second_representative_notary}",,"4. Representante - Personas Jurídicas - Represent. 2 - Notaría","65","12",
aeat_mod390_2022_sub01_export_line_66,"left",,,,,,"aeat_mod390_2022_sub01_export_config","string","${object.third_representative_name}",,"4. Representante - Personas Jurídicas - Represent. 3 - Nombre y Apellidos","66","80",
aeat_mod390_2022_sub01_export_line_67,"left",,,,,,"aeat_mod390_2022_sub01_export_config","string","${object.third_representative_vat}",,"4. Representante - Personas Jurídicas - Represent. 3 - NIF","67","9",
aeat_mod390_2022_sub01_export_line_68,"left",,,,,,"aeat_mod390_2022_sub01_export_config","string","${object._get_formatted_date(object.third_representative_date) or '00000000'}",,"4. Representante - Personas Jurídicas - Represent. 3 - Fecha Poder (DDMMAAAA)","68","8",
aeat_mod390_2022_sub01_export_line_69,"left",,,,,,"aeat_mod390_2022_sub01_export_config","string","${object.third_representative_notary}",,"4. Representante - Personas Jurídicas - Represent. 3 - Notaría","69","12",
aeat_mod390_2022_sub01_export_line_70,"left",,,,,,"aeat_mod390_2022_sub01_export_config","string",,,"Reservado para la A.E.A.T. (Dejar en blanco) Incluye Nº Referencia PADRE's","70","21",
aeat_mod390_2022_sub01_export_line_71,"left",,,,,,"aeat_mod390_2022_sub01_export_config","string",,,"Reservado para la A.E.A.T. (Dejar en blanco) Sello electrónico","71","13",
aeat_mod390_2022_sub01_export_line_72,"left",,,,,,"aeat_mod390_2022_sub01_export_config","string",,,"Identificador cliente EEDD. Reservado para las EEDD.","72","20",
aeat_mod390_2022_sub01_export_line_73,"left",,,,,,"aeat_mod390_2022_sub01_export_config","string",,,"Reservado para la A.E.A.T. (Dejar en blanco)","73","150",
aeat_mod390_2022_sub01_export_line_74,"left",,,,,,"aeat_mod390_2022_sub01_export_config","string",,"</T39001000>","Indicador de fin de registro: </T39001000>","74","12",
aeat_mod390_2022_sub02_export_line_01,"left",,,,,,"aeat_mod390_2022_sub02_export_config","string",,"<T","Constante: <T","1","2",
aeat_mod390_2022_sub02_export_line_02,"left",,,,,,"aeat_mod390_2022_sub02_export_config","string",,"390","Constante: 390","2","3",
aeat_mod390_2022_sub02_export_line_03,"left",,,,,,"aeat_mod390_2022_sub02_export_config","string",,"02","Página","3","2",
aeat_mod390_2022_sub02_export_line_04,"left",,,,,,"aeat_mod390_2022_sub02_export_config","string",,"000>","Constante: 000>","4","4",
aeat_mod390_2022_sub02_export_line_05,"left",,,,,,"aeat_mod390_2022_sub02_export_config","string",,,"Indicador de página complementaria: En blanco","5","1",
aeat_mod390_2022_sub02_export_line_06,"right","True",,,,"2","aeat_mod390_2022_sub02_export_config","float",,"0","5. Operaciones Reg. Gral. - Base Imponible y cuota - Reg. ordin. - Tipo 0% - Base imponible [700]","6","17",
aeat_mod390_2022_sub02_export_line_07,"right","True",,,,"2","aeat_mod390_2022_sub02_export_config","float",,"0","5. Operaciones Reg. Gral. - Base Imponible y cuota - Reg. ordin. - Tipo 0% - Cuota [701]","7","17",
aeat_mod390_2022_sub02_export_line_08,"right","True",,,,"2","aeat_mod390_2022_sub02_export_config","float","${object.tax_line_ids.filtered(lambda r: r.field_number == 1).amount}",,"5. Operaciones Reg. Gral. - Base Imponible y cuota - Reg. ordin. - Tipo 4% - Base imponible [01]","8","17",
aeat_mod390_2022_sub02_export_line_09,"right","True",,,,"2","aeat_mod390_2022_sub02_export_config","float","${object.tax_line_ids.filtered(lambda r: r.field_number == 2).amount}",,"5. Operaciones Reg. Gral. - Base Imponible y cuota - Reg. ordin. - Tipo 4% - Cuota [02]","9","17",
aeat_mod390_2022_sub02_export_line_10,"right","True",,,,"2","aeat_mod390_2022_sub02_export_config","float","${object.tax_line_ids.filtered(lambda r: r.field_number == 702).amount}",,"5. Operaciones Reg. Gral. - Base Imponible y cuota - Reg. ordin. - Tipo 5% - Base imponible [702]","10","17",
aeat_mod390_2022_sub02_export_line_11,"right","True",,,,"2","aeat_mod390_2022_sub02_export_config","float","${object.tax_line_ids.filtered(lambda r: r.field_number == 703).amount}",,"5. Operaciones Reg. Gral. - Base Imponible y cuota - Reg. ordin. - Tipo 5% - Cuota [703]","11","17",
aeat_mod390_2022_sub02_export_line_12,"right","True",,,,"2","aeat_mod390_2022_sub02_export_config","float","${object.tax_line_ids.filtered(lambda r: r.field_number == 3).amount}",,"5. Operaciones Reg. Gral. - Base Imponible y cuota - Reg. ordin. - Tipo 10% - Base imponible [03]","12","17",
aeat_mod390_2022_sub02_export_line_13,"right","True",,,,"2","aeat_mod390_2022_sub02_export_config","float","${object.tax_line_ids.filtered(lambda r: r.field_number == 4).amount}",,"5. Operaciones Reg. Gral. - Base Imponible y cuota - Reg. ordin. - Tipo 10% - Cuota [04]","13","17",
aeat_mod390_2022_sub02_export_line_14,"right","True",,,,"2","aeat_mod390_2022_sub02_export_config","float","${object.tax_line_ids.filtered(lambda r: r.field_number == 5).amount}",,"5. Operaciones Reg. Gral. - Base Imponible y cuota - Reg. ordin. - Tipo 21% - Base imponible [05]","14","17",
aeat_mod390_2022_sub02_export_line_15,"right","True",,,,"2","aeat_mod390_2022_sub02_export_config","float","${object.tax_line_ids.filtered(lambda r: r.field_number == 6).amount}",,"5. Operaciones Reg. Gral. - Base Imponible y cuota - Reg. ordin. - Tipo 21% - Cuota [06]","15","17",
aeat_mod390_2022_sub02_export_line_16,"right","True",,,,"2","aeat_mod390_2022_sub02_export_config","float",,"0","5. Operaciones Reg. Gral. - Base imponible y cuota - operaciones intragrupo - Tipo 0% - Base imponible [704]","16","17",
aeat_mod390_2022_sub02_export_line_17,"right","True",,,,"2","aeat_mod390_2022_sub02_export_config","float",,"0","5. Operaciones Reg. Gral. - Base imponible y cuota - operaciones intragrupo - Cuota [705]","17","17",
aeat_mod390_2022_sub02_export_line_18,"right","True",,,,"2","aeat_mod390_2022_sub02_export_config","float",,"0","5. Operaciones Reg. Gral. - Base imponible y cuota - operaciones intragrupo - Tipo 4% - Base imponible [500]","18","17",
aeat_mod390_2022_sub02_export_line_19,"right","True",,,,"2","aeat_mod390_2022_sub02_export_config","float",,"0","5. Operaciones Reg. Gral. - Base imponible y cuota - operaciones intragrupo - Tipo 4% - Cuota [501]","19","17",
aeat_mod390_2022_sub02_export_line_20,"right","True",,,,"2","aeat_mod390_2022_sub02_export_config","float",,"0","5. Operaciones Reg. Gral. - Base imponible y cuota - operaciones intragrupo - Tipo 5% - Base imponible [706]","20","17",
aeat_mod390_2022_sub02_export_line_21,"right","True",,,,"2","aeat_mod390_2022_sub02_export_config","float",,"0","5. Operaciones Reg. Gral. - Base imponible y cuota - operaciones intragrupo - Tipo 5% - Cuota [707]","21","17",
aeat_mod390_2022_sub02_export_line_22,"right","True",,,,"2","aeat_mod390_2022_sub02_export_config","float",,"0","5. Operaciones Reg. Gral. - Base imponible y cuota - operaciones intragrupo - Tipo 10% - Base imponible [502]","22","17",
aeat_mod390_2022_sub02_export_line_23,"right","True",,,,"2","aeat_mod390_2022_sub02_export_config","float",,"0","5. Operaciones Reg. Gral. - Base imponible y cuota - operaciones intragrupo - Tipo 10% - Cuota [503]","23","17",
aeat_mod390_2022_sub02_export_line_24,"right","True",,,,"2","aeat_mod390_2022_sub02_export_config","float",,"0","5. Operaciones Reg. Gral. - Base imponible y cuota - operaciones intragrupo - Tipo 21% - Base imponible [504]","24","17",
aeat_mod390_2022_sub02_export_line_25,"right","True",,,,"2","aeat_mod390_2022_sub02_export_config","float",,"0","5. Operaciones Reg. Gral. - Base imponible y cuota - operaciones intragrupo - Tipo 21% - Cuota [505]","25","17",
aeat_mod390_2022_sub02_export_line_26,"right","True",,,,"2","aeat_mod390_2022_sub02_export_config","float",,"0","5. Operaciones Reg. Gral. - Base imponible y cuota - regimen especial criterio caja - Tipo 0% - Base imponible [708]","26","17",
aeat_mod390_2022_sub02_export_line_27,"right","True",,,,"2","aeat_mod390_2022_sub02_export_config","float",,"0","5. Operaciones Reg. Gral. - Base imponible y cuota - regimen especial criterio caja - Tipo 0% - Cuota [709]","27","17",
aeat_mod390_2022_sub02_export_line_28,"right","True",,,,"2","aeat_mod390_2022_sub02_export_config","float",,"0","5. Operaciones Reg. Gral. - Base imponible y cuota - regimen especial criterio caja - Tipo 4% - Base imponible [643]","28","17",
aeat_mod390_2022_sub02_export_line_29,"right","True",,,,"2","aeat_mod390_2022_sub02_export_config","float",,"0","5. Operaciones Reg. Gral. - Base imponible y cuota - regimen especial criterio caja - Tipo 4% - Cuota [644]","29","17",
aeat_mod390_2022_sub02_export_line_30,"right","True",,,,"2","aeat_mod390_2022_sub02_export_config","float",,"0","5. Operaciones Reg. Gral. - Base imponible y cuota - regimen especial criterio caja - Tipo 5% - Base imponible [710]","30","17",
aeat_mod390_2022_sub02_export_line_31,"right","True",,,,"2","aeat_mod390_2022_sub02_export_config","float",,"0","5. Operaciones Reg. Gral. - Base imponible y cuota - regimen especial criterio caja - Tipo 5% - Cuota [711]","31","17",
aeat_mod390_2022_sub02_export_line_32,"right","True",,,,"2","aeat_mod390_2022_sub02_export_config","float",,"0","5. Operaciones Reg. Gral. - Base imponible y cuota - regimen especial criterio caja - Tipo 10% - Base imponible [645]","32","17",
aeat_mod390_2022_sub02_export_line_33,"right","True",,,,"2","aeat_mod390_2022_sub02_export_config","float",,"0","5. Operaciones Reg. Gral. - Base imponible y cuota - regimen especial criterio caja - Tipo 10% - Cuota [646]","33","17",
aeat_mod390_2022_sub02_export_line_34,"right","True",,,,"2","aeat_mod390_2022_sub02_export_config","float",,"0","5. Operaciones Reg. Gral. - Base imponible y cuota - regimen especial criterio caja - Tipo 21% - Base imponible [647]","34","17",
aeat_mod390_2022_sub02_export_line_35,"right","True",,,,"2","aeat_mod390_2022_sub02_export_config","float",,"0","5. Operaciones Reg. Gral. - Base imponible y cuota - regimen especial criterio caja - Tipo 21% - Cuota [648]","35","17",
aeat_mod390_2022_sub02_export_line_36,"right","True",,,,"2","aeat_mod390_2022_sub02_export_config","float",,"0","5. Operaciones Reg. Gral. - Base Imponible y cuota - Reg. espec. bienes usados - Tipo 0% - Base imponible [712]","36","17",
aeat_mod390_2022_sub02_export_line_37,"right","True",,,,"2","aeat_mod390_2022_sub02_export_config","float",,"0","5. Operaciones Reg. Gral. - Base Imponible y cuota - Reg. espec. bienes usados - Tipo 0% - Cuota [713]","37","17",
aeat_mod390_2022_sub02_export_line_38,"right","True",,,,"2","aeat_mod390_2022_sub02_export_config","float",,"0","5. Operaciones Reg. Gral. - Base Imponible y cuota - Reg. espec. bienes usados - Tipo 4% - Base imponible [07]","38","17",
aeat_mod390_2022_sub02_export_line_39,"right","True",,,,"2","aeat_mod390_2022_sub02_export_config","float",,"0","5. Operaciones Reg. Gral. - Base Imponible y cuota - Reg. espec. bienes usados - Tipo 4% - Cuota [08]","39","17",
aeat_mod390_2022_sub02_export_line_40,"right","True",,,,"2","aeat_mod390_2022_sub02_export_config","float",,"0","5. Operaciones Reg. Gral. - Base Imponible y cuota - Reg. espec. bienes usados - Tipo 5% - Base imponible [714]","40","17",
aeat_mod390_2022_sub02_export_line_41,"right","True",,,,"2","aeat_mod390_2022_sub02_export_config","float",,"0","5. Operaciones Reg. Gral. - Base Imponible y cuota - Reg. espec. bienes usados - Tipo 5% - Cuota [715]","41","17",
aeat_mod390_2022_sub02_export_line_42,"right","True",,,,"2","aeat_mod390_2022_sub02_export_config","float",,"0","5. Operaciones Reg. Gral. - Base Imponible y cuota - Reg. espec. bienes usados - Tipo 10% - Base imponible [09]","42","17",
aeat_mod390_2022_sub02_export_line_43,"right","True",,,,"2","aeat_mod390_2022_sub02_export_config","float",,"0","5. Operaciones Reg. Gral. - Base Imponible y cuota - Reg. espec. bienes usados - Tipo 10% - Cuota [10]","43","17",
aeat_mod390_2022_sub02_export_line_44,"right","True",,,,"2","aeat_mod390_2022_sub02_export_config","float",,"0","5. Operaciones Reg. Gral. - Base Imponible y cuota - Reg. espec. bienes usados - Base imponible [11]","44","17",
aeat_mod390_2022_sub02_export_line_45,"right","True",,,,"2","aeat_mod390_2022_sub02_export_config","float",,"0","5. Operaciones Reg. Gral. - Base Imponible y cuota - Reg. espec. bienes usados - Cuota [12]","45","17",
aeat_mod390_2022_sub02_export_line_46,"right","True",,,,"2","aeat_mod390_2022_sub02_export_config","float",,"0","5. Operaciones Reg. Gral. - Base Imponible y cuota - Reg. espec. agencias viajes - Tipo 21% - Base imponible [13]","46","17",
aeat_mod390_2022_sub02_export_line_47,"right","True",,,,"2","aeat_mod390_2022_sub02_export_config","float",,"0","5. Operaciones Reg. Gral. - Base Imponible y cuota - Reg. espec. agencias viajes - Tipo 21% - Cuota [14]","47","17",
aeat_mod390_2022_sub02_export_line_48,"right","True",,,,"2","aeat_mod390_2022_sub02_export_config","float",,"0","5. Operaciones Reg. Gral. - Base Imponible y cuota - Adquis. intracomunit. bienes - Tipo 0% - Base imponible [716]","48","17",
aeat_mod390_2022_sub02_export_line_49,"right","True",,,,"2","aeat_mod390_2022_sub02_export_config","float",,"0","5. Operaciones Reg. Gral. - Base Imponible y cuota - Adquis. intracomunit. bienes - Tipo 0% - Cuota [717]","49","17",
aeat_mod390_2022_sub02_export_line_50,"right","True",,,,"2","aeat_mod390_2022_sub02_export_config","float","${object.tax_line_ids.filtered(lambda r: r.field_number == 21).amount}",,"5. Operaciones Reg. Gral. - Base Imponible y cuota - Adquis. intracomunit. bienes - Tipo 4% - Base imponible [21]","50","17",
aeat_mod390_2022_sub02_export_line_51,"right","True",,,,"2","aeat_mod390_2022_sub02_export_config","float","${object.tax_line_ids.filtered(lambda r: r.field_number == 22).amount}",,"5. Operaciones Reg. Gral. - Base Imponible y cuota - Adquis. intracomunit. bienes - Tipo 4% - Cuota [22]","51","17",
aeat_mod390_2022_sub02_export_line_52,"right","True",,,,"2","aeat_mod390_2022_sub02_export_config","float",,"0","5. Operaciones Reg. Gral. - Base Imponible y cuota - Adquis. intracomunit. bienes - Tipo 5% - Base imponible [718]","52","17",
aeat_mod390_2022_sub02_export_line_53,"right","True",,,,"2","aeat_mod390_2022_sub02_export_config","float",,"0","5. Operaciones Reg. Gral. - Base Imponible y cuota - Adquis. intracomunit. bienes - Tipo 5% - Base imponible [719]","53","17",
aeat_mod390_2022_sub02_export_line_54,"right","True",,,,"2","aeat_mod390_2022_sub02_export_config","float","${object.tax_line_ids.filtered(lambda r: r.field_number == 23).amount}",,"5. Operaciones Reg. Gral. - Base Imponible y cuota - Adquis. intracomunit. bienes - Tipo 10% - Base imponible [23]","54","17",
aeat_mod390_2022_sub02_export_line_55,"right","True",,,,"2","aeat_mod390_2022_sub02_export_config","float","${object.tax_line_ids.filtered(lambda r: r.field_number == 24).amount}",,"5. Operaciones Reg. Gral. - Base Imponible y cuota - Adquis. intracomunit. bienes - Tipo 10% - Cuota [24]","55","17",
aeat_mod390_2022_sub02_export_line_56,"right","True",,,,"2","aeat_mod390_2022_sub02_export_config","float","${object.tax_line_ids.filtered(lambda r: r.field_number == 25).amount}",,"5. Operaciones Reg. Gral. - Base Imponible y cuota - Adquis. intracomunit. bienes - Tipo 21% - Base imponible [25]","56","17",
aeat_mod390_2022_sub02_export_line_57,"right","True",,,,"2","aeat_mod390_2022_sub02_export_config","float","${object.tax_line_ids.filtered(lambda r: r.field_number == 26).amount}",,"5. Operaciones Reg. Gral. - Base Imponible y cuota - Adquis. intracomunit. bienes - Tipo 21% - Cuota [26]","57","17",
aeat_mod390_2022_sub02_export_line_58,"right","True",,,,"2","aeat_mod390_2022_sub02_export_config","float",,"0","5. Operaciones Reg. Gral. - Base Imponible y cuota - Adquis. intracomunit. servicios - Tipo 0% - Base Imponible [720]","58","17",
aeat_mod390_2022_sub02_export_line_59,"right","True",,,,"2","aeat_mod390_2022_sub02_export_config","float",,"0","5. Operaciones Reg. Gral. - Base Imponible y cuota - Adquis. intracomunit. servicios - Tipo 0% - Cuota [721]","59","17",
aeat_mod390_2022_sub02_export_line_60,"right","True",,,,"2","aeat_mod390_2022_sub02_export_config","float","${object.tax_line_ids.filtered(lambda r: r.field_number == 545).amount}",,"5. Operaciones Reg. Gral. - Base Imponible y cuota - Adquis. intracomunit. servicios - Tipo 4% - Base Imponible [545]","60","17",
aeat_mod390_2022_sub02_export_line_61,"right","True",,,,"2","aeat_mod390_2022_sub02_export_config","float","${object.tax_line_ids.filtered(lambda r: r.field_number == 546).amount}",,"5. Operaciones Reg. Gral. - Base Imponible y cuota - Adquis. intracomunit. servicios - Tipo 4% - Cuota [546]","61","17",
aeat_mod390_2022_sub02_export_line_62,"right","True",,,,"2","aeat_mod390_2022_sub02_export_config","float",,"0","5. Operaciones Reg. Gral. - Base Imponible y cuota - Adquis. intracomunit. servicios - Tipo 5% - Base Imponible [722]","62","17",
aeat_mod390_2022_sub02_export_line_63,"right","True",,,,"2","aeat_mod390_2022_sub02_export_config","float",,"0","5. Operaciones Reg. Gral. - Base Imponible y cuota - Adquis. intracomunit. servicios - Tipo 5% - Cuota [723]","63","17",
aeat_mod390_2022_sub02_export_line_64,"right","True",,,,"2","aeat_mod390_2022_sub02_export_config","float","${object.tax_line_ids.filtered(lambda r: r.field_number == 547).amount}",,"5. Operaciones Reg. Gral. - Base Imponible y cuota - Adquis. intracomunit. servicios - Tipo 10% - Base Imponible [547]","64","17",
aeat_mod390_2022_sub02_export_line_65,"right","True",,,,"2","aeat_mod390_2022_sub02_export_config","float","${object.tax_line_ids.filtered(lambda r: r.field_number == 548).amount}",,"5. Operaciones Reg. Gral. - Base Imponible y cuota - Adquis. intracomunit. servicios - Tipo 10% - Cuota [548]","65","17",
aeat_mod390_2022_sub02_export_line_66,"right","True",,,,"2","aeat_mod390_2022_sub02_export_config","float","${object.tax_line_ids.filtered(lambda r: r.field_number == 551).amount}",,"5. Operaciones Reg. Gral. - Base Imponible y cuota - Adquis. intracomunit. servicios - Tipo 21% - Base Imponible [551]","66","17",
aeat_mod390_2022_sub02_export_line_67,"right","True",,,,"2","aeat_mod390_2022_sub02_export_config","float","${object.tax_line_ids.filtered(lambda r: r.field_number == 552).amount}",,"5. Operaciones Reg. Gral. - Base Imponible y cuota - Adquis. intracomunit. servicios - Tipo 21% - Cuota [552]","67","17",
aeat_mod390_2022_sub02_export_line_68,"right","True",,,,"2","aeat_mod390_2022_sub02_export_config","float","${object.tax_line_ids.filtered(lambda r: r.field_number == 27).amount}",,"5. Operaciones Reg. Gral. - Base Imponible y cuota - IVA deveng. invers. sujeto pasivo - Base imponible [27]","68","17",
aeat_mod390_2022_sub02_export_line_69,"right","True",,,,"2","aeat_mod390_2022_sub02_export_config","float","${object.tax_line_ids.filtered(lambda r: r.field_number == 28).amount}",,"5. Operaciones Reg. Gral. - Base Imponible y cuota - IVA deveng. invers. sujeto pasivo - Cuota [28]","69","17",
aeat_mod390_2022_sub02_export_line_70,"right","True",,,,"2","aeat_mod390_2022_sub02_export_config","float","${sum(object.tax_line_ids.filtered(lambda r: r.field_number == 29).mapped('amount'))}",,"5. Operaciones Reg. Gral. - Base Imponible y cuota - Modificac. bases y cuotas - Base imponible [29]","70","17",
aeat_mod390_2022_sub02_export_line_71,"right","True",,,,"2","aeat_mod390_2022_sub02_export_config","float","${sum(object.tax_line_ids.filtered(lambda r: r.field_number == 30).mapped('amount'))}",,"5. Operaciones Reg. Gral. - Base Imponible y cuota - Modificac. bases y cuotas - Cuota [30]","71","17",
aeat_mod390_2022_sub02_export_line_72,"right","True",,,,"2","aeat_mod390_2022_sub02_export_config","float",,"0","5. Operaciones Reg. Gral. - Base Imponible y cuota - Modificac. bases y cuotas intragrupo - Cuota [649]","72","17",
aeat_mod390_2022_sub02_export_line_73,"right","True",,,,"2","aeat_mod390_2022_sub02_export_config","float",,"0","5. Operaciones Reg. Gral. - Base Imponible y cuota - Modificac. bases y cuotas intragrupo - Cuota [650]","73","17",
aeat_mod390_2022_sub02_export_line_74,"right","True",,,,"2","aeat_mod390_2022_sub02_export_config","float",,"0","5. Operaciones Reg. Gral. - Base Imponible y cuota - Modificac. bases/cuotas concurso acreedores - Base imponible [31]","74","17",
aeat_mod390_2022_sub02_export_line_75,"right","True",,,,"2","aeat_mod390_2022_sub02_export_config","float",,"0","5. Operaciones Reg. Gral. - Base Imponible y cuota - Modificac. bases/cuotas concurso acreedores - Cuota [32]","75","17",
aeat_mod390_2022_sub02_export_line_76,"right","True",,,,"2","aeat_mod390_2022_sub02_export_config","float","${object.casilla_33}",,"5. Operaciones Reg. Gral. - Base Imponible y cuota - Total bases y cuotas IVA - Base imponible [33]","76","17",
aeat_mod390_2022_sub02_export_line_77,"right","True",,,,"2","aeat_mod390_2022_sub02_export_config","float","${object.casilla_34}",,"5. Operaciones Reg. Gral. - Base Imponible y cuota - Total bases y cuotas IVA - Cuota [34]","77","17",
aeat_mod390_2022_sub02_export_line_78,"right","True",,,,"2","aeat_mod390_2022_sub02_export_config","float","${object.tax_line_ids.filtered(lambda r: r.field_number == 35).amount}",,"5. Operaciones Reg. Gral. - Base Imponible y cuota - Recargo de equivalencia - Tipo 0,5% - Base imponible [35]","78","17",
aeat_mod390_2022_sub02_export_line_79,"right","True",,,,"2","aeat_mod390_2022_sub02_export_config","float","${object.tax_line_ids.filtered(lambda r: r.field_number == 36).amount}",,"5. Operaciones Reg. Gral. - Base Imponible y cuota - Recargo de equivalencia - Tipo 0,5% - Cuota [36]","79","17",
aeat_mod390_2022_sub02_export_line_80,"right","True",,,,"2","aeat_mod390_2022_sub02_export_config","float","${object.tax_line_ids.filtered(lambda r: r.field_number == 599).amount}",,"5. Operaciones Reg. Gral. - Base Imponible y cuota - Recargo de equivalencia - Tipo 1,4% - Base imponible [599]","80","17",
aeat_mod390_2022_sub02_export_line_81,"right","True",,,,"2","aeat_mod390_2022_sub02_export_config","float","${object.tax_line_ids.filtered(lambda r: r.field_number == 600).amount}",,"5. Operaciones Reg. Gral. - Base Imponible y cuota - Recargo de equivalencia - Tipo 1,4% - Cuota [600]","81","17",
aeat_mod390_2022_sub02_export_line_82,"right","True",,,,"2","aeat_mod390_2022_sub02_export_config","float","${object.tax_line_ids.filtered(lambda r: r.field_number == 601).amount}",,"5. Operaciones Reg. Gral. - Base Imponible y cuota - Recargo de equivalencia - Tipo 5,2% - Base imponible [601]","82","17",
aeat_mod390_2022_sub02_export_line_83,"right","True",,,,"2","aeat_mod390_2022_sub02_export_config","float","${object.tax_line_ids.filtered(lambda r: r.field_number == 602).amount}",,"5. Operaciones Reg. Gral. - Base Imponible y cuota - Recargo de equivalencia - Tipo 5,2% - Cuota [602]","83","17",
aeat_mod390_2022_sub02_export_line_84,"right","True",,,,"2","aeat_mod390_2022_sub02_export_config","float","${object.tax_line_ids.filtered(lambda r: r.field_number == 41).amount}",,"5. Operaciones Reg. Gral. - Base Imponible y cuota - Recargo de equivalencia - Tipo 1,75% - Base imponible [41]","84","17",
aeat_mod390_2022_sub02_export_line_85,"right","True",,,,"2","aeat_mod390_2022_sub02_export_config","float","${object.tax_line_ids.filtered(lambda r: r.field_number == 42).amount}",,"5. Operaciones Reg. Gral. - Base Imponible y cuota - Recargo de equivalencia - Tipo 1,75% - Cuota [42]","85","17",
aeat_mod390_2022_sub02_export_line_86,"right","True",,,,"2","aeat_mod390_2022_sub02_export_config","float","${object.tax_line_ids.filtered(lambda r: r.field_number == 43).amount}",,"5. Operaciones Reg. Gral. - Base Imponible y cuota - Modific. recargo equivalencia - Base imponible [43]","86","17",
aeat_mod390_2022_sub02_export_line_87,"right","True",,,,"2","aeat_mod390_2022_sub02_export_config","float","${object.tax_line_ids.filtered(lambda r: r.field_number == 44).amount}",,"5. Operaciones Reg. Gral. - Base Imponible y cuota - Modific. recargo equivalencia - Cuota [44]","87","17",
aeat_mod390_2022_sub02_export_line_88,"right","True",,,,"2","aeat_mod390_2022_sub02_export_config","float",,"0","5. Operaciones Reg. Gral. - Base Imponible y cuota - Modific. recargo equiv. Concurso acreedores - Base imponible [45]","88","17",
aeat_mod390_2022_sub02_export_line_89,"right","True",,,,"2","aeat_mod390_2022_sub02_export_config","float",,"0","5. Operaciones Reg. Gral. - Base Imponible y cuota - Modific. recargo equiv. Concurso acreedores - Cuota [46]","89","17",
aeat_mod390_2022_sub02_export_line_90,"right","True",,,,"2","aeat_mod390_2022_sub02_export_config","float","${object.casilla_47}",,"5. Operaciones Reg. Gral. - Base Imponible y cuota - Total cuotas IVA y recargo equivalencia [47]","90","17",
aeat_mod390_2022_sub02_export_line_91,"left",,,,,,"aeat_mod390_2022_sub02_export_config","string",,,"Reservado para la A.E.A.T. (Dejar en blanco)","91","150",
aeat_mod390_2022_sub02_export_line_92,"left",,,,,,"aeat_mod390_2022_sub02_export_config","string",,"</T39002000>","Indicador de fin de registro: </T39002000>","92","12",
aeat_mod390_2022_sub03_export_line_01,"left",,,,,,"aeat_mod390_2022_sub03_export_config","string",,"<T","Constante: <T","1","2",
aeat_mod390_2022_sub03_export_line_02,"left",,,,,,"aeat_mod390_2022_sub03_export_config","string",,"390","Constante: 390","2","3",
aeat_mod390_2022_sub03_export_line_03,"left",,,,,,"aeat_mod390_2022_sub03_export_config","string",,"03","Página","3","2",
aeat_mod390_2022_sub03_export_line_04,"left",,,,,,"aeat_mod390_2022_sub03_export_config","string",,"000>","Constante: 000>","4","4",
aeat_mod390_2022_sub03_export_line_05,"left",,,,,,"aeat_mod390_2022_sub03_export_config","string",,,"Indicador de página complementaria: En blanco","5","1",
aeat_mod390_2022_sub03_export_line_06,"right","True",,,,"2","aeat_mod390_2022_sub03_export_config","float","${object.tax_line_ids.filtered(lambda r: r.field_number == 190).amount}",,"5. Operaciones Reg. Gral. - IVA deducible - Oper. inter. corrientes bienes y servic. - Tipo 4% - Base imponible [190]","6","17",
aeat_mod390_2022_sub03_export_line_07,"right","True",,,,"2","aeat_mod390_2022_sub03_export_config","float","${object.tax_line_ids.filtered(lambda r: r.field_number == 191).amount}",,"5. Operaciones Reg. Gral. - IVA deducible - Oper. inter. corrientes bienes y servic. - Tipo 4% - Cuota [191]","7","17",
aeat_mod390_2022_sub03_export_line_08,"right","True",,,,"2","aeat_mod390_2022_sub03_export_config","float","${object.tax_line_ids.filtered(lambda r: r.field_number == 724).amount}",,"5. Operaciones Reg. Gral. - IVA deducible - Oper. inter. corrientes bienes y servic. - Tipo 5% - Base imponible [724]","8","17",
aeat_mod390_2022_sub03_export_line_09,"right","True",,,,"2","aeat_mod390_2022_sub03_export_config","float","${object.tax_line_ids.filtered(lambda r: r.field_number == 725).amount}",,"5. Operaciones Reg. Gral. - IVA deducible - Oper. inter. corrientes bienes y servic. - Tipo 5% - Cuota [725]","9","17",
aeat_mod390_2022_sub03_export_line_10,"right","True",,,,"2","aeat_mod390_2022_sub03_export_config","float","${object.tax_line_ids.filtered(lambda r: r.field_number == 603).amount}",,"5. Operaciones Reg. Gral. - IVA deducible - Oper. inter. corrientes bienes y servic. - Tipo 10% - Base imponible [603]","10","17",
aeat_mod390_2022_sub03_export_line_11,"right","True",,,,"2","aeat_mod390_2022_sub03_export_config","float","${object.tax_line_ids.filtered(lambda r: r.field_number == 604).amount}",,"5. Operaciones Reg. Gral. - IVA deducible - Oper. inter. corrientes bienes y servic. - Tipo 10% - Cuota [604]","11","17",
aeat_mod390_2022_sub03_export_line_12,"right","True",,,,"2","aeat_mod390_2022_sub03_export_config","float","${object.tax_line_ids.filtered(lambda r: r.field_number == 605).amount}",,"5. Operaciones Reg. Gral. - IVA deducible - Oper. inter. corrientes bienes y servic. - Tipo 21% - Base imponible [605]","12","17",
aeat_mod390_2022_sub03_export_line_13,"right","True",,,,"2","aeat_mod390_2022_sub03_export_config","float","${object.tax_line_ids.filtered(lambda r: r.field_number == 606).amount}",,"5. Operaciones Reg. Gral. - IVA deducible - Oper. inter. corrientes bienes y servic. - Tipo 21% - Cuota [606]","13","17",
aeat_mod390_2022_sub03_export_line_14,"right","True",,,,"2","aeat_mod390_2022_sub03_export_config","float","${object.casilla_48}",,"5. Operaciones Reg. Gral. - IVA deducible - Total oper. inter. corrientes bienes y servic. - Base imponible [48]","14","17",
aeat_mod390_2022_sub03_export_line_15,"right","True",,,,"2","aeat_mod390_2022_sub03_export_config","float","${object.casilla_49}",,"5. Operaciones Reg. Gral. - IVA deducible - Total oper. inter. corrientes bienes y servic. - Cuota [49]","15","17",
aeat_mod390_2022_sub03_export_line_16,"right","True",,,,"2","aeat_mod390_2022_sub03_export_config","float",,"0","5. Operaciones Reg. Gral. - IVA deducible - Oper. intragrupo corrientes - Tipo 4% - Base imponible [506]","16","17",
aeat_mod390_2022_sub03_export_line_17,"right","True",,,,"2","aeat_mod390_2022_sub03_export_config","float",,"0","5. Operaciones Reg. Gral. - IVA deducible - Oper. intragrupo corrientes - Tipo 4% - Cuota [507]","17","17",
aeat_mod390_2022_sub03_export_line_18,"right","True",,,,"2","aeat_mod390_2022_sub03_export_config","float",,"0","5. Operaciones Reg. Gral. - IVA deducible - Oper. intragrupo corrientes - Tipo 5% - Base imponible [726]","18","17",
aeat_mod390_2022_sub03_export_line_19,"right","True",,,,"2","aeat_mod390_2022_sub03_export_config","float",,"0","5. Operaciones Reg. Gral. - IVA deducible - Oper. intragrupo corrientes - Tipo 5% - Cuota [727]","19","17",
aeat_mod390_2022_sub03_export_line_20,"right","True",,,,"2","aeat_mod390_2022_sub03_export_config","float",,"0","5. Operaciones Reg. Gral. - IVA deducible - Oper. intragrupo corrientes - Tipo 10% - Base imponible [607]","20","17",
aeat_mod390_2022_sub03_export_line_21,"right","True",,,,"2","aeat_mod390_2022_sub03_export_config","float",,"0","5. Operaciones Reg. Gral. - IVA deducible - Oper. intragrupo corrientes - Tipo 10% - Cuota [608]","21","17",
aeat_mod390_2022_sub03_export_line_22,"right","True",,,,"2","aeat_mod390_2022_sub03_export_config","float",,"0","5. Operaciones Reg. Gral. - IVA deducible - Oper. intragrupo corrientes - Tipo 21% - Base imponible [609]","22","17",
aeat_mod390_2022_sub03_export_line_23,"right","True",,,,"2","aeat_mod390_2022_sub03_export_config","float",,"0","5. Operaciones Reg. Gral. - IVA deducible - Oper. intragrupo corrientes - Tipo 21% - Cuota [610]","23","17",
aeat_mod390_2022_sub03_export_line_24,"right","True",,,,"2","aeat_mod390_2022_sub03_export_config","float",,"0","5. Operaciones Reg. Gral. - IVA deducible - Total oper. intragrupo corrientes - Base imponible [512]","24","17",
aeat_mod390_2022_sub03_export_line_25,"right","True",,,,"2","aeat_mod390_2022_sub03_export_config","float",,"0","5. Operaciones Reg. Gral. - IVA deducible - Total oper. intragrupo corrientes - Cuota [513]","25","17",
aeat_mod390_2022_sub03_export_line_26,"right","True",,,,"2","aeat_mod390_2022_sub03_export_config","float","${object.tax_line_ids.filtered(lambda r: r.field_number == 196).amount}",,"5. Operaciones Reg. Gral. - IVA deducible - Oper. inter. bienes de inversion - Tipo 4% - Base imponible [196]","26","17",
aeat_mod390_2022_sub03_export_line_27,"right","True",,,,"2","aeat_mod390_2022_sub03_export_config","float","${object.tax_line_ids.filtered(lambda r: r.field_number == 197).amount}",,"5. Operaciones Reg. Gral. - IVA deducible - Oper. inter. bienes de inversion - Tipo 4% - Cuota [197]","27","17",
aeat_mod390_2022_sub03_export_line_28,"right","True",,,,"2","aeat_mod390_2022_sub03_export_config","float",,"0","5. Operaciones Reg. Gral. - IVA deducible - Oper. inter. bienes de inversion - Tipo 5% - Base imponible [728]","28","17",
aeat_mod390_2022_sub03_export_line_29,"right","True",,,,"2","aeat_mod390_2022_sub03_export_config","float",,"0","5. Operaciones Reg. Gral. - IVA deducible - Oper. inter. bienes de inversion - Tipo 5% - Cuota [729]","29","17",
aeat_mod390_2022_sub03_export_line_30,"right","True",,,,"2","aeat_mod390_2022_sub03_export_config","float","${object.tax_line_ids.filtered(lambda r: r.field_number == 611).amount}",,"5. Operaciones Reg. Gral. - IVA deducible - Oper. inter. bienes de inversion - Tipo 10% - Base imponible [611]","30","17",
aeat_mod390_2022_sub03_export_line_31,"right","True",,,,"2","aeat_mod390_2022_sub03_export_config","float","${object.tax_line_ids.filtered(lambda r: r.field_number == 612).amount}",,"5. Operaciones Reg. Gral. - IVA deducible - Oper. inter. bienes de inversion - Tipo 10% - Cuota [612]","31","17",
aeat_mod390_2022_sub03_export_line_32,"right","True",,,,"2","aeat_mod390_2022_sub03_export_config","float","${object.tax_line_ids.filtered(lambda r: r.field_number == 613).amount}",,"5. Operaciones Reg. Gral. - IVA deducible - Oper. inter. bienes de inversion - Tipo 21% - Base imponible [613]","32","17",
aeat_mod390_2022_sub03_export_line_33,"right","True",,,,"2","aeat_mod390_2022_sub03_export_config","float","${object.tax_line_ids.filtered(lambda r: r.field_number == 614).amount}",,"5. Operaciones Reg. Gral. - IVA deducible - Oper. inter. bienes de inversion - Tipo 21% - Cuota [614]","33","17",
aeat_mod390_2022_sub03_export_line_34,"right","True",,,,"2","aeat_mod390_2022_sub03_export_config","float","${object.casilla_50}",,"5. Operaciones Reg. Gral. - IVA deducible - Total oper. inter. bienes de inversion - Base imponible [50]","34","17",
aeat_mod390_2022_sub03_export_line_35,"right","True",,,,"2","aeat_mod390_2022_sub03_export_config","float","${object.casilla_51}",,"5. Operaciones Reg. Gral. - IVA deducible - Total oper. inter. bienes de inversion - Cuota [51]","35","17",
aeat_mod390_2022_sub03_export_line_36,"right","True",,,,"2","aeat_mod390_2022_sub03_export_config","float",,"0","5. Operaciones Reg. Gral. - IVA deducible - Oper. intra. bienes de inversion - Tipo 4% - Base imponible [514]","36","17",
aeat_mod390_2022_sub03_export_line_37,"right","True",,,,"2","aeat_mod390_2022_sub03_export_config","float",,"0","5. Operaciones Reg. Gral. - IVA deducible - Oper. intra. bienes de inversion - Tipo 4% - Cuota [515]","37","17",
aeat_mod390_2022_sub03_export_line_38,"right","True",,,,"2","aeat_mod390_2022_sub03_export_config","float",,"0","5. Operaciones Reg. Gral. - IVA deducible - Oper. intra. bienes de inversion - Tipo 5% - Base imponible [730]","38","17",
aeat_mod390_2022_sub03_export_line_39,"right","True",,,,"2","aeat_mod390_2022_sub03_export_config","float",,"0","5. Operaciones Reg. Gral. - IVA deducible - Oper. intra. bienes de inversion - Tipo 5% - Cuota [731]","39","17",
aeat_mod390_2022_sub03_export_line_40,"right","True",,,,"2","aeat_mod390_2022_sub03_export_config","float",,"0","5. Operaciones Reg. Gral. - IVA deducible - Oper. intra. bienes de inversion - Tipo 10% - Base imponible [615]","40","17",
aeat_mod390_2022_sub03_export_line_41,"right","True",,,,"2","aeat_mod390_2022_sub03_export_config","float",,"0","5. Operaciones Reg. Gral. - IVA deducible - Oper. intra. bienes de inversion - Tipo 10% - Cuota [616]","41","17",
aeat_mod390_2022_sub03_export_line_42,"right","True",,,,"2","aeat_mod390_2022_sub03_export_config","float",,"0","5. Operaciones Reg. Gral. - IVA deducible - Oper. intra. bienes de inversion - Tipo 21% - Base imponible [617]","42","17",
aeat_mod390_2022_sub03_export_line_43,"right","True",,,,"2","aeat_mod390_2022_sub03_export_config","float",,"0","5. Operaciones Reg. Gral. - IVA deducible - Oper. intra. bienes de inversion - Tipo 21% - Cuota [618]","43","17",
aeat_mod390_2022_sub03_export_line_44,"right","True",,,,"2","aeat_mod390_2022_sub03_export_config","float",,"0","5. Operaciones Reg. Gral. - IVA deducible - Total oper. intra. bienes de inversion - Base imponible [520]","44","17",
aeat_mod390_2022_sub03_export_line_45,"right","True",,,,"2","aeat_mod390_2022_sub03_export_config","float",,"0","5. Operaciones Reg. Gral. - IVA deducible - Total oper. intra. bienes de inversion - Cuota [521]","45","17",
aeat_mod390_2022_sub03_export_line_46,"right","True",,,,"2","aeat_mod390_2022_sub03_export_config","float","${object.tax_line_ids.filtered(lambda r: r.field_number == 202).amount}",,"5. Operaciones Reg. Gral. - IVA deducible - Import. bienes corrientes - Tipo 4% - Base imponible [202]","46","17",
aeat_mod390_2022_sub03_export_line_47,"right","True",,,,"2","aeat_mod390_2022_sub03_export_config","float","${object.tax_line_ids.filtered(lambda r: r.field_number == 203).amount}",,"5. Operaciones Reg. Gral. - IVA deducible - Import. bienes corrientes - Tipo 4% - Cuota [203]","47","17",
aeat_mod390_2022_sub03_export_line_48,"right","True",,,,"2","aeat_mod390_2022_sub03_export_config","float",,"0","5. Operaciones Reg. Gral. - IVA deducible - Import. bienes corrientes - Tipo 5% - Base imponible [732]","48","17",
aeat_mod390_2022_sub03_export_line_49,"right","True",,,,"2","aeat_mod390_2022_sub03_export_config","float",,"0","5. Operaciones Reg. Gral. - IVA deducible - Import. bienes corrientes - Tipo 5% - Cuota [733]","49","17",
aeat_mod390_2022_sub03_export_line_50,"right","True",,,,"2","aeat_mod390_2022_sub03_export_config","float","${object.tax_line_ids.filtered(lambda r: r.field_number == 619).amount}",,"5. Operaciones Reg. Gral. - IVA deducible - Import. bienes corrientes - Tipo 10% - Base imponible [619]","50","17",
aeat_mod390_2022_sub03_export_line_51,"right","True",,,,"2","aeat_mod390_2022_sub03_export_config","float","${object.tax_line_ids.filtered(lambda r: r.field_number == 620).amount}",,"5. Operaciones Reg. Gral. - IVA deducible - Import. bienes corrientes - Tipo 10% - Cuota [620]","51","17",
aeat_mod390_2022_sub03_export_line_52,"right","True",,,,"2","aeat_mod390_2022_sub03_export_config","float","${object.tax_line_ids.filtered(lambda r: r.field_number == 621).amount}",,"5. Operaciones Reg. Gral. - IVA deducible - Import. bienes corrientes - Tipo 21% - Base imponible [621]","52","17",
aeat_mod390_2022_sub03_export_line_53,"right","True",,,,"2","aeat_mod390_2022_sub03_export_config","float","${object.tax_line_ids.filtered(lambda r: r.field_number == 622).amount}",,"5. Operaciones Reg. Gral. - IVA deducible - Import. bienes corrientes - Tipo 21% - Cuota [622]","53","17",
aeat_mod390_2022_sub03_export_line_54,"right","True",,,,"2","aeat_mod390_2022_sub03_export_config","float","${object.casilla_52}",,"5. Operaciones Reg. Gral. - IVA deducible - Total import. bienes corrientes - Base imponible [52]","54","17",
aeat_mod390_2022_sub03_export_line_55,"right","True",,,,"2","aeat_mod390_2022_sub03_export_config","float","${object.casilla_53}",,"5. Operaciones Reg. Gral. - IVA deducible - Total import. bienes corrientes - Cuota [53]","55","17",
aeat_mod390_2022_sub03_export_line_56,"right","True",,,,"2","aeat_mod390_2022_sub03_export_config","float","${object.tax_line_ids.filtered(lambda r: r.field_number == 208).amount}",,"5. Operaciones Reg. Gral. - IVA deducible - Importacion bienes inversion - Tipo 4% - Base imponible [208]","56","17",
aeat_mod390_2022_sub03_export_line_57,"right","True",,,,"2","aeat_mod390_2022_sub03_export_config","float","${object.tax_line_ids.filtered(lambda r: r.field_number == 209).amount}",,"5. Operaciones Reg. Gral. - IVA deducible - Importacion bienes inversion - Tipo 4% - Cuota [209]","57","17",
aeat_mod390_2022_sub03_export_line_58,"right","True",,,,"2","aeat_mod390_2022_sub03_export_config","float",,"0","5. Operaciones Reg. Gral. - IVA deducible - Importacion bienes inversion - Tipo 5% - Base imponible [734]","58","17",
aeat_mod390_2022_sub03_export_line_59,"right","True",,,,"2","aeat_mod390_2022_sub03_export_config","float",,"0","5. Operaciones Reg. Gral. - IVA deducible - Importacion bienes inversion - Tipo 5% - Cuota [735]","59","17",
aeat_mod390_2022_sub03_export_line_60,"right","True",,,,"2","aeat_mod390_2022_sub03_export_config","float","${object.tax_line_ids.filtered(lambda r: r.field_number == 623).amount}",,"5. Operaciones Reg. Gral. - IVA deducible - Importacion bienes inversion - Tipo 10% - Base imponible [623]","60","17",
aeat_mod390_2022_sub03_export_line_61,"right","True",,,,"2","aeat_mod390_2022_sub03_export_config","float","${object.tax_line_ids.filtered(lambda r: r.field_number == 624).amount}",,"5. Operaciones Reg. Gral. - IVA deducible - Importacion bienes inversion - Tipo 10% - Cuota [624]","61","17",
aeat_mod390_2022_sub03_export_line_62,"right","True",,,,"2","aeat_mod390_2022_sub03_export_config","float","${object.tax_line_ids.filtered(lambda r: r.field_number == 625).amount}",,"5. Operaciones Reg. Gral. - IVA deducible - Importacion bienes inversion - Tipo 21% - Base imponible [625]","62","17",
aeat_mod390_2022_sub03_export_line_63,"right","True",,,,"2","aeat_mod390_2022_sub03_export_config","float","${object.tax_line_ids.filtered(lambda r: r.field_number == 626).amount}",,"5. Operaciones Reg. Gral. - IVA deducible - Importacion bienes inversion - Tipo 21% - Cuota [626]","63","17",
aeat_mod390_2022_sub03_export_line_64,"right","True",,,,"2","aeat_mod390_2022_sub03_export_config","float","${object.casilla_54}",,"5. Operaciones Reg. Gral. - IVA deducible - Total importacion bienes inversion - Base imponible [54]","64","17",
aeat_mod390_2022_sub03_export_line_65,"right","True",,,,"2","aeat_mod390_2022_sub03_export_config","float","${object.casilla_55}",,"5. Operaciones Reg. Gral. - IVA deducible - Total importacion bienes inversion - Cuota [55]","65","17",
aeat_mod390_2022_sub03_export_line_66,"right","True",,,,"2","aeat_mod390_2022_sub03_export_config","float","${object.tax_line_ids.filtered(lambda r: r.field_number == 214).amount}",,"5. Operaciones Reg. Gral. - IVA deducible - Adqui. intra. bienes corrientes - Tipo 4% - Base imponible [214]","66","17",
aeat_mod390_2022_sub03_export_line_67,"right","True",,,,"2","aeat_mod390_2022_sub03_export_config","float","${object.tax_line_ids.filtered(lambda r: r.field_number == 215).amount}",,"5. Operaciones Reg. Gral. - IVA deducible - Adqui. intra. bienes corrientes - Tipo 4% - Cuota [215]","67","17",
aeat_mod390_2022_sub03_export_line_68,"right","True",,,,"2","aeat_mod390_2022_sub03_export_config","float","${object.tax_line_ids.filtered(lambda r: r.field_number == 736).amount}",,"5. Operaciones Reg. Gral. - IVA deducible - Adqui. intra. bienes corrientes - Tipo 5% - Base imponible [736]","68","17",
aeat_mod390_2022_sub03_export_line_69,"right","True",,,,"2","aeat_mod390_2022_sub03_export_config","float","${object.tax_line_ids.filtered(lambda r: r.field_number == 737).amount}",,"5. Operaciones Reg. Gral. - IVA deducible - Adqui. intra. bienes corrientes - Tipo 5% - Cuota [737]","69","17",
aeat_mod390_2022_sub03_export_line_70,"right","True",,,,"2","aeat_mod390_2022_sub03_export_config","float","${object.tax_line_ids.filtered(lambda r: r.field_number == 627).amount}",,"5. Operaciones Reg. Gral. - IVA deducible - Adqui. intra. bienes corrientes - Tipo 10% - Base imponible [627]","70","17",
aeat_mod390_2022_sub03_export_line_71,"right","True",,,,"2","aeat_mod390_2022_sub03_export_config","float","${object.tax_line_ids.filtered(lambda r: r.field_number == 628).amount}",,"5. Operaciones Reg. Gral. - IVA deducible - Adqui. intra. bienes corrientes - Tipo 10% - Cuota [628]","71","17",
aeat_mod390_2022_sub03_export_line_72,"right","True",,,,"2","aeat_mod390_2022_sub03_export_config","float","${object.tax_line_ids.filtered(lambda r: r.field_number == 629).amount}",,"5. Operaciones Reg. Gral. - IVA deducible - Adqui. intra. bienes corrientes - Tipo 21% - Base imponible [629]","72","17",
aeat_mod390_2022_sub03_export_line_73,"right","True",,,,"2","aeat_mod390_2022_sub03_export_config","float","${object.tax_line_ids.filtered(lambda r: r.field_number == 630).amount}",,"5. Operaciones Reg. Gral. - IVA deducible - Adqui. intra. bienes corrientes - Tipo 21% - Cuota [630]","73","17",
aeat_mod390_2022_sub03_export_line_74,"right","True",,,,"2","aeat_mod390_2022_sub03_export_config","float","${object.casilla_56}",,"5. Operaciones Reg. Gral. - IVA deducible - Total adqui. intra. bienes corrientes - Base imponible [56]","74","17",
aeat_mod390_2022_sub03_export_line_75,"right","True",,,,"2","aeat_mod390_2022_sub03_export_config","float","${object.casilla_57}",,"5. Operaciones Reg. Gral. - IVA deducible - Total adqui. intra. bienes corrientes - Cuota [57]","75","17",
aeat_mod390_2022_sub03_export_line_76,"right","True",,,,"2","aeat_mod390_2022_sub03_export_config","float","${object.tax_line_ids.filtered(lambda r: r.field_number == 220).amount}",,"5. Operaciones Reg. Gral. - IVA deducible - Adqui. intra. bienes inversion - Tipo 4% - Base imponible [220]","76","17",
aeat_mod390_2022_sub03_export_line_77,"right","True",,,,"2","aeat_mod390_2022_sub03_export_config","float","${object.tax_line_ids.filtered(lambda r: r.field_number == 221).amount}",,"5. Operaciones Reg. Gral. - IVA deducible - Adqui. intra. bienes inversion - Tipo 4% - Cuota [221]","77","17",
aeat_mod390_2022_sub03_export_line_78,"right","True",,,,"2","aeat_mod390_2022_sub03_export_config","float",,"0","5. Operaciones Reg. Gral. - IVA deducible - Adqui. intra. bienes inversion - Tipo 5% - Base imponible [738]","78","17",
aeat_mod390_2022_sub03_export_line_79,"right","True",,,,"2","aeat_mod390_2022_sub03_export_config","float",,"0","5. Operaciones Reg. Gral. - IVA deducible - Adqui. intra. bienes inversion - Tipo 5% - Cuota [739]","79","17",
aeat_mod390_2022_sub03_export_line_80,"right","True",,,,"2","aeat_mod390_2022_sub03_export_config","float","${object.tax_line_ids.filtered(lambda r: r.field_number == 631).amount}",,"5. Operaciones Reg. Gral. - IVA deducible - Adqui. intra. bienes inversion - Tipo 10% - Base imponible [631]","80","17",
aeat_mod390_2022_sub03_export_line_81,"right","True",,,,"2","aeat_mod390_2022_sub03_export_config","float","${object.tax_line_ids.filtered(lambda r: r.field_number == 632).amount}",,"5. Operaciones Reg. Gral. - IVA deducible - Adqui. intra. bienes inversion - Tipo 10% - Cuota [632]","81","17",
aeat_mod390_2022_sub03_export_line_82,"right","True",,,,"2","aeat_mod390_2022_sub03_export_config","float","${object.tax_line_ids.filtered(lambda r: r.field_number == 633).amount}",,"5. Operaciones Reg. Gral. - IVA deducible - Adqui. intra. bienes inversion - Tipo 21% - Base imponible [633]","82","17",
aeat_mod390_2022_sub03_export_line_83,"right","True",,,,"2","aeat_mod390_2022_sub03_export_config","float","${object.tax_line_ids.filtered(lambda r: r.field_number == 634).amount}",,"5. Operaciones Reg. Gral. - IVA deducible - Adqui. intra. bienes inversion - Tipo 21% - Cuota [634]","83","17",
aeat_mod390_2022_sub03_export_line_84,"right","True",,,,"2","aeat_mod390_2022_sub03_export_config","float","${object.casilla_58}",,"5. Operaciones Reg. Gral. - IVA deducible - Total adqui. intra. bienes inversion - Base imponible [58]","84","17",
aeat_mod390_2022_sub03_export_line_85,"right","True",,,,"2","aeat_mod390_2022_sub03_export_config","float","${object.casilla_59}",,"5. Operaciones Reg. Gral. - IVA deducible - Total adqui. intra. bienes inversion - Cuota [59]","85","17",
aeat_mod390_2022_sub03_export_line_86,"right","True",,,,"2","aeat_mod390_2022_sub03_export_config","float","${object.tax_line_ids.filtered(lambda r: r.field_number == 587).amount}",,"5. Operaciones Reg. Gral. - IVA deducible - Adqui. intra. servicios - Tipo 4% - Base imponible [587]","86","17",
aeat_mod390_2022_sub03_export_line_87,"right","True",,,,"2","aeat_mod390_2022_sub03_export_config","float","${object.tax_line_ids.filtered(lambda r: r.field_number == 588).amount}",,"5. Operaciones Reg. Gral. - IVA deducible - Adqui. intra. servicios - Tipo 4% - Cuota [588]","87","17",
aeat_mod390_2022_sub03_export_line_88,"right","True",,,,"2","aeat_mod390_2022_sub03_export_config","float",,"0","5. Operaciones Reg. Gral. - IVA deducible - Adqui. intra. servicios - Tipo 5% - Base imponible [740]","88","17",
aeat_mod390_2022_sub03_export_line_89,"right","True",,,,"2","aeat_mod390_2022_sub03_export_config","float",,"0","5. Operaciones Reg. Gral. - IVA deducible - Adqui. intra. servicios - Tipo 5% - Cuota [741]","89","17",
aeat_mod390_2022_sub03_export_line_90,"right","True",,,,"2","aeat_mod390_2022_sub03_export_config","float","${object.tax_line_ids.filtered(lambda r: r.field_number == 635).amount}",,"5. Operaciones Reg. Gral. - IVA deducible - Adqui. intra. servicios - Tipo 10% - Base imponible [635]","90","17",
aeat_mod390_2022_sub03_export_line_91,"right","True",,,,"2","aeat_mod390_2022_sub03_export_config","float","${object.tax_line_ids.filtered(lambda r: r.field_number == 636).amount}",,"5. Operaciones Reg. Gral. - IVA deducible - Adqui. intra. servicios - Tipo 10% - Cuota [636]","91","17",
aeat_mod390_2022_sub03_export_line_92,"right","True",,,,"2","aeat_mod390_2022_sub03_export_config","float","${object.tax_line_ids.filtered(lambda r: r.field_number == 637).amount}",,"5. Operaciones Reg. Gral. - IVA deducible - Adqui. intra. servicios - Tipo 21% - Base imponible [637]","92","17",
aeat_mod390_2022_sub03_export_line_93,"right","True",,,,"2","aeat_mod390_2022_sub03_export_config","float","${object.tax_line_ids.filtered(lambda r: r.field_number == 638).amount}",,"5. Operaciones Reg. Gral. - IVA deducible - Adqui. intra. servicios - Tipo 21% - Cuota [638]","93","17",
aeat_mod390_2022_sub03_export_line_94,"right","True",,,,"2","aeat_mod390_2022_sub03_export_config","float","${object.casilla_597}",,"5. Operaciones Reg. Gral. - IVA deducible - Total adqui. intra. servicios - Base imponible [597]","94","17",
aeat_mod390_2022_sub03_export_line_95,"right","True",,,,"2","aeat_mod390_2022_sub03_export_config","float","${object.casilla_598}",,"5. Operaciones Reg. Gral. - IVA deducible - Total adqui. intra. servicios - Cuota [598]","95","17",
aeat_mod390_2022_sub03_export_line_96,"left",,,,,,"aeat_mod390_2022_sub03_export_config","string",,,"Reservado para la A.E.A.T. (Dejar en blanco)","96","150",
aeat_mod390_2022_sub03_export_line_97,"left",,,,,,"aeat_mod390_2022_sub03_export_config","string",,"</T39003000>","Indicador de fin de registro: </T39003000>","97","12",
aeat_mod390_2022_sub05_export_line_01,"left",,,,,,"aeat_mod390_2022_sub05_export_config","string",,"<T","Constante: <T","1","2",
aeat_mod390_2022_sub05_export_line_02,"left",,,,,,"aeat_mod390_2022_sub05_export_config","string",,"390","Constante: 390","2","3",
aeat_mod390_2022_sub05_export_line_03,"left",,,,,,"aeat_mod390_2022_sub05_export_config","string",,"05","Página","3","2",
aeat_mod390_2022_sub05_export_line_04,"left",,,,,,"aeat_mod390_2022_sub05_export_config","string",,"000>","Constante: 000>","4","4",
aeat_mod390_2022_sub05_export_line_05,"left",,,,,,"aeat_mod390_2022_sub05_export_config","string",,,"Indicador de página complementaria: En blanco","5","1",
aeat_mod390_2022_sub05_export_line_06,"left",,,,,,"aeat_mod390_2022_sub05_export_config","string",,,"6. Operaciones Reg. Simplificado - Actividad 1  - Epígrafe I.A.E. [66]","6","4",
aeat_mod390_2022_sub05_export_line_07,"right","False",,,,"2","aeat_mod390_2022_sub05_export_config","float",,"0","6. Operaciones Reg. Simplificado - Actividad 1 - A - Nº unidades Módulo 1","7","10",
aeat_mod390_2022_sub05_export_line_08,"right","False",,,,"2","aeat_mod390_2022_sub05_export_config","float",,"0","6. Operaciones Reg. Simplificado - Actividad 1 - B - Importe Módulo 1","8","17",
aeat_mod390_2022_sub05_export_line_09,"right","False",,,,"2","aeat_mod390_2022_sub05_export_config","float",,"0","6. Operaciones Reg. Simplificado - Actividad 1 - A - Nº unidades Módulo 2","9","10",
aeat_mod390_2022_sub05_export_line_10,"right","False",,,,"2","aeat_mod390_2022_sub05_export_config","float",,"0","6. Operaciones Reg. Simplificado - Actividad 1 - B - Importe Módulo 2","10","17",
aeat_mod390_2022_sub05_export_line_11,"right","False",,,,"2","aeat_mod390_2022_sub05_export_config","float",,"0","6. Operaciones Reg. Simplificado - Actividad 1 - A - Nº unidades Módulo 3","11","10",
aeat_mod390_2022_sub05_export_line_12,"right","False",,,,"2","aeat_mod390_2022_sub05_export_config","float",,"0","6. Operaciones Reg. Simplificado - Actividad 1 - B - Importe Módulo 3","12","17",
aeat_mod390_2022_sub05_export_line_13,"right","False",,,,"2","aeat_mod390_2022_sub05_export_config","float",,"0","6. Operaciones Reg. Simplificado - Actividad 1 - A - Nº unidades Módulo 4","13","10",
aeat_mod390_2022_sub05_export_line_14,"right","False",,,,"2","aeat_mod390_2022_sub05_export_config","float",,"0","6. Operaciones Reg. Simplificado - Actividad 1 - B - Importe Módulo 4","14","17",
aeat_mod390_2022_sub05_export_line_15,"right","False",,,,"2","aeat_mod390_2022_sub05_export_config","float",,"0","6. Operaciones Reg. Simplificado - Actividad 1 - A - Nº unidades Módulo 5","15","10",
aeat_mod390_2022_sub05_export_line_16,"right","False",,,,"2","aeat_mod390_2022_sub05_export_config","float",,"0","6. Operaciones Reg. Simplificado - Actividad 1 - B - Importe Módulo 5","16","17",
aeat_mod390_2022_sub05_export_line_17,"right","False",,,,"2","aeat_mod390_2022_sub05_export_config","float",,"0","6. Operaciones Reg. Simplificado - Actividad 1 - A - Nº unidades Módulo 6","17","10",
aeat_mod390_2022_sub05_export_line_18,"right","False",,,,"2","aeat_mod390_2022_sub05_export_config","float",,"0","6. Operaciones Reg. Simplificado - Actividad 1 - B - Importe Módulo 6","18","17",
aeat_mod390_2022_sub05_export_line_19,"right","False",,,,"2","aeat_mod390_2022_sub05_export_config","float",,"0","6. Operaciones Reg. Simplificado - Actividad 1 - A - Nº unidades Módulo 7","19","10",
aeat_mod390_2022_sub05_export_line_20,"right","False",,,,"2","aeat_mod390_2022_sub05_export_config","float",,"0","6. Operaciones Reg. Simplificado - Actividad 1 - B - Importe Módulo 7","20","17",
aeat_mod390_2022_sub05_export_line_21,"right","False",,,,"2","aeat_mod390_2022_sub05_export_config","float",,"0","6. Operaciones Reg. Simplificado - Actividad 1 - C- Cuota devengada operaciones corrientes","21","17",
aeat_mod390_2022_sub05_export_line_22,"right","False",,,,"2","aeat_mod390_2022_sub05_export_config","float",,"0","6. Operaciones Reg. Simplificado - Actividad 1 - Lorca","22","17",
aeat_mod390_2022_sub05_export_line_23,"right","False",,,,"2","aeat_mod390_2022_sub05_export_config","float",,"0","6. Operaciones Reg. Simplificado - Actividad 1 - D- Cuota soportadas operaciones corrientes","23","17",
aeat_mod390_2022_sub05_export_line_24,"right","False",,,,"2","aeat_mod390_2022_sub05_export_config","float",,"0","6. Operaciones Reg. Simplificado - Actividad 1 - E - Índice corrector","24","3",
aeat_mod390_2022_sub05_export_line_25,"right","True",,,,"2","aeat_mod390_2022_sub05_export_config","float",,"0","6. Operaciones Reg. Simplificado - Actividad 1 - F - Resultado","25","17",
aeat_mod390_2022_sub05_export_line_26,"right","False",,,,"2","aeat_mod390_2022_sub05_export_config","float",,"0","6. Operaciones Reg. Simplificado - Actividad 1- G - % Cuota mínima","26","5",
aeat_mod390_2022_sub05_export_line_27,"right","False",,,,"2","aeat_mod390_2022_sub05_export_config","float",,"0","6. Operaciones Reg. Simplificado - Actividad 1- H - Devolución cuotas soportadas otros países","27","17",
aeat_mod390_2022_sub05_export_line_28,"right","False",,,,"2","aeat_mod390_2022_sub05_export_config","float",,"0","6. Operaciones Reg. Simplificado - Actividad 1- I - Cuota mínima","28","17",
aeat_mod390_2022_sub05_export_line_29,"right","False",,,,"2","aeat_mod390_2022_sub05_export_config","float",,"0","6. Operaciones Reg. Simplificado - Actividad 1 - Cuota derivada régimen simplificado [J1]","29","17",
aeat_mod390_2022_sub05_export_line_30,"left",,,,,,"aeat_mod390_2022_sub05_export_config","string",,,"6. Operaciones Reg. Simplificado - Actividad 2  - Epígrafe I.A.E. [66]","30","4",
aeat_mod390_2022_sub05_export_line_31,"right","False",,,,"2","aeat_mod390_2022_sub05_export_config","float",,"0","6. Operaciones Reg. Simplificado - Actividad 2 - A - Nº unidades Módulo 1","31","10",
aeat_mod390_2022_sub05_export_line_32,"right","False",,,,"2","aeat_mod390_2022_sub05_export_config","float",,"0","6. Operaciones Reg. Simplificado - Actividad 2 - B - Importe Módulo 1","32","17",
aeat_mod390_2022_sub05_export_line_33,"right","False",,,,"2","aeat_mod390_2022_sub05_export_config","float",,"0","6. Operaciones Reg. Simplificado - Actividad 2 - A - Nº unidades Módulo 2","33","10",
aeat_mod390_2022_sub05_export_line_34,"right","False",,,,"2","aeat_mod390_2022_sub05_export_config","float",,"0","6. Operaciones Reg. Simplificado - Actividad 2 - B - Importe Módulo 2","34","17",
aeat_mod390_2022_sub05_export_line_35,"right","False",,,,"2","aeat_mod390_2022_sub05_export_config","float",,"0","6. Operaciones Reg. Simplificado - Actividad 2 - A - Nº unidades Módulo 3","35","10",
aeat_mod390_2022_sub05_export_line_36,"right","False",,,,"2","aeat_mod390_2022_sub05_export_config","float",,"0","6. Operaciones Reg. Simplificado - Actividad 2 - B - Importe Módulo 3","36","17",
aeat_mod390_2022_sub05_export_line_37,"right","False",,,,"2","aeat_mod390_2022_sub05_export_config","float",,"0","6. Operaciones Reg. Simplificado - Actividad 2 - A - Nº unidades Módulo 4","37","10",
aeat_mod390_2022_sub05_export_line_38,"right","False",,,,"2","aeat_mod390_2022_sub05_export_config","float",,"0","6. Operaciones Reg. Simplificado - Actividad 2 - B - Importe Módulo 4","38","17",
aeat_mod390_2022_sub05_export_line_39,"right","False",,,,"2","aeat_mod390_2022_sub05_export_config","float",,"0","6. Operaciones Reg. Simplificado - Actividad 2 - A - Nº unidades Módulo 5","39","10",
aeat_mod390_2022_sub05_export_line_40,"right","False",,,,"2","aeat_mod390_2022_sub05_export_config","float",,"0","6. Operaciones Reg. Simplificado - Actividad 2 - B - Importe Módulo 5","40","17",
aeat_mod390_2022_sub05_export_line_41,"right","False",,,,"2","aeat_mod390_2022_sub05_export_config","float",,"0","6. Operaciones Reg. Simplificado - Actividad 2 - A - Nº unidades Módulo 6","41","10",
aeat_mod390_2022_sub05_export_line_42,"right","False",,,,"2","aeat_mod390_2022_sub05_export_config","float",,"0","6. Operaciones Reg. Simplificado - Actividad 2 - B - Importe Módulo 6","42","17",
aeat_mod390_2022_sub05_export_line_43,"right","False",,,,"2","aeat_mod390_2022_sub05_export_config","float",,"0","6. Operaciones Reg. Simplificado - Actividad 2 - A - Nº unidades Módulo 7","43","10",
aeat_mod390_2022_sub05_export_line_44,"right","False",,,,"2","aeat_mod390_2022_sub05_export_config","float",,"0","6. Operaciones Reg. Simplificado - Actividad 2 - B - Importe Módulo 7","44","17",
aeat_mod390_2022_sub05_export_line_45,"right","False",,,,"2","aeat_mod390_2022_sub05_export_config","float",,"0","6. Operaciones Reg. Simplificado - Actividad 2 - C- Cuota devengada operaciones corrientes","45","17",
aeat_mod390_2022_sub05_export_line_46,"right","False",,,,"2","aeat_mod390_2022_sub05_export_config","float",,"0","6. Operaciones Reg. Simplificado - Actividad 2 - Lorca","46","17",
aeat_mod390_2022_sub05_export_line_47,"right","False",,,,"2","aeat_mod390_2022_sub05_export_config","float",,"0","6. Operaciones Reg. Simplificado - Actividad 2 - D- Cuota soportadas operaciones corrientes","47","17",
aeat_mod390_2022_sub05_export_line_48,"right","False",,,,"2","aeat_mod390_2022_sub05_export_config","float",,"0","6. Operaciones Reg. Simplificado - Actividad 2 - E - Índice corrector","48","3",
aeat_mod390_2022_sub05_export_line_49,"right","True",,,,"2","aeat_mod390_2022_sub05_export_config","float",,"0","6. Operaciones Reg. Simplificado - Actividad 2 - F - Resultado","49","17",
aeat_mod390_2022_sub05_export_line_50,"right","False",,,,"2","aeat_mod390_2022_sub05_export_config","float",,"0","6. Operaciones Reg. Simplificado - Actividad 2- G - % Cuota mínima","50","5",
aeat_mod390_2022_sub05_export_line_51,"right","False",,,,"2","aeat_mod390_2022_sub05_export_config","float",,"0","6. Operaciones Reg. Simplificado - Actividad 2- H - Devolución cuotas soportadas otros países","51","17",
aeat_mod390_2022_sub05_export_line_52,"right","False",,,,"2","aeat_mod390_2022_sub05_export_config","float",,"0","6. Operaciones Reg. Simplificado - Actividad 2- I - Cuota mínima","52","17",
aeat_mod390_2022_sub05_export_line_53,"right","False",,,,"2","aeat_mod390_2022_sub05_export_config","float",,"0","6. Operaciones Reg. Simplificado - Actividad 2 - Cuota derivada régimen simplificado [J2]","53","17",
aeat_mod390_2022_sub05_export_line_54,"left",,,,,,"aeat_mod390_2022_sub05_export_config","string",,"00","6. Operaciones Reg. Simplificado - Act. Agrícolas y Ganaderas - Actividad 1 -  Código","54","2",
aeat_mod390_2022_sub05_export_line_55,"right","False",,,,"2","aeat_mod390_2022_sub05_export_config","float",,"0","6. Operaciones Reg. Simplificado - Act. Agrícolas y Ganaderas - Actividad 1 - Volumen  ingresos","55","17",
aeat_mod390_2022_sub05_export_line_56,"right","False",,,,"5","aeat_mod390_2022_sub05_export_config","float",,"0","6. Operaciones Reg. Simplificado - Act. Agrícolas y Ganaderas - Actividad 1 - Indice cuota","56","6",
aeat_mod390_2022_sub05_export_line_57,"right","False",,,,"2","aeat_mod390_2022_sub05_export_config","float",,"0","6. Operaciones Reg. Simplificado - Act. Agrícolas y Ganaderas - Actividad 1 - Cuota devengada","57","17",
aeat_mod390_2022_sub05_export_line_58,"right","False",,,,"2","aeat_mod390_2022_sub05_export_config","float",,"0","6. Operaciones Reg. Simplificado - Act. Agrícolas y Ganaderas - Actividad 1 - Cuota soportada","58","17",
aeat_mod390_2022_sub05_export_line_59,"right","True",,,,"2","aeat_mod390_2022_sub05_export_config","float",,"0","6. Operaciones Reg. Simplificado - Act. Agrícolas y Ganaderas - Actividad 1 - Cuota derivada Regimen Simplificado [K1]","59","17",
aeat_mod390_2022_sub05_export_line_60,"left",,,,,,"aeat_mod390_2022_sub05_export_config","string",,"00","6. Operaciones Reg. Simplificado - Act. Agrícolas y Ganaderas - Actividad 2 -  Código","60","2",
aeat_mod390_2022_sub05_export_line_61,"right","False",,,,"2","aeat_mod390_2022_sub05_export_config","float",,"0","6. Operaciones Reg. Simplificado - Act. Agrícolas y Ganaderas - Actividad 2 - Volumen  ingresos","61","17",
aeat_mod390_2022_sub05_export_line_62,"right","False",,,,"5","aeat_mod390_2022_sub05_export_config","float",,"0","6. Operaciones Reg. Simplificado - Act. Agrícolas y Ganaderas - Actividad 2 - Indice cuota","62","6",
aeat_mod390_2022_sub05_export_line_63,"right","False",,,,"2","aeat_mod390_2022_sub05_export_config","float",,"0","6. Operaciones Reg. Simplificado - Act. Agrícolas y Ganaderas - Actividad 2- Cuota devengada","63","17",
aeat_mod390_2022_sub05_export_line_64,"right","False",,,,"2","aeat_mod390_2022_sub05_export_config","float",,"0","6. Operaciones Reg. Simplificado - Act. Agrícolas y Ganaderas - Actividad 2 - Cuota soportada","64","17",
aeat_mod390_2022_sub05_export_line_65,"right","True",,,,"2","aeat_mod390_2022_sub05_export_config","float",,"0","6. Operaciones Reg. Simplificado - Act. Agrícolas y Ganaderas - Actividad 2 - Cuota derivada Regimen Simplificado [K2]","65","17",
aeat_mod390_2022_sub05_export_line_66,"left",,,,,,"aeat_mod390_2022_sub05_export_config","string",,"00","6. Operaciones Reg. Simplificado - Act. Agrícolas y Ganaderas - Actividad 3 -  Código","66","2",
aeat_mod390_2022_sub05_export_line_67,"right","False",,,,"2","aeat_mod390_2022_sub05_export_config","float",,"0","6. Operaciones Reg. Simplificado - Act. Agrícolas y Ganaderas - Actividad 3 - Volumen  ingresos","67","17",
aeat_mod390_2022_sub05_export_line_68,"right","False",,,,"5","aeat_mod390_2022_sub05_export_config","float",,"0","6. Operaciones Reg. Simplificado - Act. Agrícolas y Ganaderas - Actividad 3 - Indice cuota","68","6",
aeat_mod390_2022_sub05_export_line_69,"right","False",,,,"2","aeat_mod390_2022_sub05_export_config","float",,"0","6. Operaciones Reg. Simplificado - Act. Agrícolas y Ganaderas - Actividad 3 - Cuota devengada","69","17",
aeat_mod390_2022_sub05_export_line_70,"right","False",,,,"2","aeat_mod390_2022_sub05_export_config","float",,"0","6. Operaciones Reg. Simplificado - Act. Agrícolas y Ganaderas - Actividad 3 - Cuota soportada","70","17",
aeat_mod390_2022_sub05_export_line_71,"right","True",,,,"2","aeat_mod390_2022_sub05_export_config","float",,"0","6. Operaciones Reg. Simplificado - Act. Agrícolas y Ganaderas - Actividad 3 - Cuota derivada Regimen Simplificado [K3]","71","17",
aeat_mod390_2022_sub05_export_line_72,"left",,,,,,"aeat_mod390_2022_sub05_export_config","string",,"00","6. Operaciones Reg. Simplificado - Act. Agrícolas y Ganaderas - Actividad 4-  Código","72","2",
aeat_mod390_2022_sub05_export_line_73,"right","False",,,,"2","aeat_mod390_2022_sub05_export_config","float",,"0","6. Operaciones Reg. Simplificado - Act. Agrícolas y Ganaderas - Actividad 4- Volumen  ingresos","73","17",
aeat_mod390_2022_sub05_export_line_74,"right","False",,,,"5","aeat_mod390_2022_sub05_export_config","float",,"0","6. Operaciones Reg. Simplificado - Act. Agrícolas y Ganaderas - Actividad 4 - Indice cuota","74","6",
aeat_mod390_2022_sub05_export_line_75,"right","False",,,,"2","aeat_mod390_2022_sub05_export_config","float",,"0","6. Operaciones Reg. Simplificado - Act. Agrícolas y Ganaderas - Actividad 4 - Cuota devengada","75","17",
aeat_mod390_2022_sub05_export_line_76,"right","False",,,,"2","aeat_mod390_2022_sub05_export_config","float",,"0","6. Operaciones Reg. Simplificado - Act. Agrícolas y Ganaderas - Actividad 4 - Cuota soportada","76","17",
aeat_mod390_2022_sub05_export_line_77,"right","True",,,,"2","aeat_mod390_2022_sub05_export_config","float",,"0","6. Operaciones Reg. Simplificado - Act. Agrícolas y Ganaderas - Actividad 4 - Cuota derivada Regimen Simplificado [K4]","77","17",
aeat_mod390_2022_sub05_export_line_78,"left",,,,,,"aeat_mod390_2022_sub05_export_config","string",,"00","6. Operaciones Reg. Simplificado - Act. Agrícolas y Ganaderas - Actividad 5-  Código","78","2",
aeat_mod390_2022_sub05_export_line_79,"right","False",,,,"2","aeat_mod390_2022_sub05_export_config","float",,"0","6. Operaciones Reg. Simplificado - Act. Agrícolas y Ganaderas - Actividad 5 - Volumen  ingresos","79","17",
aeat_mod390_2022_sub05_export_line_80,"right","False",,,,"5","aeat_mod390_2022_sub05_export_config","float",,"0","6. Operaciones Reg. Simplificado - Act. Agrícolas y Ganaderas - Actividad 5 - Indice cuota","80","6",
aeat_mod390_2022_sub05_export_line_81,"right","False",,,,"2","aeat_mod390_2022_sub05_export_config","float",,"0","6. Operaciones Reg. Simplificado - Act. Agrícolas y Ganaderas - Actividad 5 - Cuota devengada","81","17",
aeat_mod390_2022_sub05_export_line_82,"right","False",,,,"2","aeat_mod390_2022_sub05_export_config","float",,"0","6. Operaciones Reg. Simplificado - Act. Agrícolas y Ganaderas - Actividad 5 - Cuota soportada","82","17",
aeat_mod390_2022_sub05_export_line_83,"right","True",,,,"2","aeat_mod390_2022_sub05_export_config","float",,"0","6. Operaciones Reg. Simplificado - Act. Agrícolas y Ganaderas - Actividad 5 - Cuota derivada Regimen Simplificado [K5]","83","17",
aeat_mod390_2022_sub05_export_line_84,"right","True",,,,"2","aeat_mod390_2022_sub05_export_config","float",,"0","6. Operaciones Reg. Simplificado - IVA devengado - Suma cuotas actividades no agríc., ganad. y forest.  [74]","84","17",
aeat_mod390_2022_sub05_export_line_85,"right","True",,,,"2","aeat_mod390_2022_sub05_export_config","float",,"0","6. Operaciones Reg. Simplificado - IVA devengado - Suma cuotas  actividades agríc., ganad. y forest. [75]","85","17",
aeat_mod390_2022_sub05_export_line_86,"right","True",,,,"2","aeat_mod390_2022_sub05_export_config","float",,"0","6. Operaciones Reg. Simplificado - IVA devengado en adquisiciones intracomunitarias [76]","86","17",
aeat_mod390_2022_sub05_export_line_87,"right","True",,,,"2","aeat_mod390_2022_sub05_export_config","float",,"0","6. Operaciones Reg. Simplificado - IVA devengado - IVA devengado por inversión del sujeto pasivo [77]","87","17",
aeat_mod390_2022_sub05_export_line_88,"right","True",,,,"2","aeat_mod390_2022_sub05_export_config","float",,"0","6. Operaciones Reg. Simplificado - IVA devengado - IVA devengado en entregas de activos fijos [78]","88","17",
aeat_mod390_2022_sub05_export_line_89,"right","True",,,,"2","aeat_mod390_2022_sub05_export_config","float",,"0","6. Operaciones Reg. Simplificado - IVA devengado - Total cuota resultante [79]","89","17",
aeat_mod390_2022_sub05_export_line_90,"right","True",,,,"2","aeat_mod390_2022_sub05_export_config","float",,"0","6. Operaciones Reg. Simplificado - Deducciones - IVA soportado en adquisicion de activos fijos [80]","90","17",
aeat_mod390_2022_sub05_export_line_91,"right","True",,,,"2","aeat_mod390_2022_sub05_export_config","float",,"0","6. Operaciones Reg. Simplificado - Deducciones - Regularización de bienes de inversion [81]","91","17",
aeat_mod390_2022_sub05_export_line_92,"right","True",,,,"2","aeat_mod390_2022_sub05_export_config","float",,"0","6. Operaciones Reg. Simplificado - Deducciones - Suma de deducciones [82]","92","17",
aeat_mod390_2022_sub05_export_line_93,"right","True",,,,"2","aeat_mod390_2022_sub05_export_config","float",,"0","6. Operaciones Reg. Simplificado - Resultado régimen simplificado [83]","93","17",
aeat_mod390_2022_sub05_export_line_94,"left",,,,,,"aeat_mod390_2022_sub05_export_config","string",,,"6. Operaciones Reg. Simplificado - Actividad 1 - Epigrafe IAE - Indicador auxiliar de actividad en el caso de epígrafes 691.9 y 722","94","1",
aeat_mod390_2022_sub05_export_line_95,"left",,,,,,"aeat_mod390_2022_sub05_export_config","string",,,"6. Operaciones Reg. Simplificado - Actividad 2 - Epigrafe IAE - Indicador auxiliar de actividad en el caso de epígrafes 691.9 y 722","95","1",
aeat_mod390_2022_sub05_export_line_96,"left",,,,,,"aeat_mod390_2022_sub05_export_config","string",,,"Reservado para la A.E.A.T. (Dejar en blanco)","96","148",
aeat_mod390_2022_sub05_export_line_97,"left",,,,,,"aeat_mod390_2022_sub05_export_config","string",,"</T39005000>","Indicador de fin de registro: </T39005000>","97","12",
