id,active,date_start,date_end,model_id:id,model_number,name
aeat_mod390_2022_main_export_config,True,"2022-01-01","2022-12-31","model_l10n_es_aeat_mod390_report","390","Mod.390 2022"
aeat_mod390_2022_sub01_export_config,"False",,,,"390","Mod.390 2022 - Página 1"
aeat_mod390_2022_sub02_export_config,"False",,,,"390","Mod.390 2022 - Página 2"
aeat_mod390_2022_sub03_export_config,"False",,,,"390","Mod.390 2022 - Página 3"
aeat_mod390_2022_sub05_export_config,"False",,,,"390","Mod.390 2022 - Página 5"
