<?xml version="1.0" encoding="utf-8" ?>
<!-- Copyright 2021 PESOL - Angel Moya
     Copyright 2021 FactorLibre - Rodrigo Bonilla
     License AGPL-3.0 or later (http://www.gnu.org/licenses/agpl). -->
<odoo>
    <record id="aeat_mod303_2023_map_line_123" model="l10n.es.aeat.map.tax.line">
        <field name="map_parent_id" ref="l10n_es_aeat_mod303.aeat_mod303_2023_map" />
        <field name="field_number">123</field>
        <field
            name="name"
        >Operaciones no sujetas por reglas de localización acogidas a la OSS</field>
        <field name="move_type">all</field>
        <field name="field_type">base</field>
        <field name="sum_type">both</field>
        <field name="inverse" eval="False" />
        <field name="tax_ids" eval="False" />
    </record>
    <record id="aeat_mod303_2023_map_line_124" model="l10n.es.aeat.map.tax.line">
        <field name="map_parent_id" ref="l10n_es_aeat_mod303.aeat_mod303_2023_map" />
        <field name="field_number">124</field>
        <field name="name">OSS. Operaciones sujetas y acogidas a la OSS</field>
        <field name="move_type">all</field>
        <field name="field_type">base</field>
        <field name="sum_type">both</field>
        <field name="inverse" eval="False" />
        <field name="tax_ids" eval="False" />
    </record>
    <record id="aeat_mod303_2023_map_line_126" model="l10n.es.aeat.map.tax.line">
        <field name="map_parent_id" ref="l10n_es_aeat_mod303.aeat_mod303_2023_map" />
        <field name="field_number">126</field>
        <field
            name="name"
        >Operaciones no sujetas por reglas de localización acogidas a la OSS</field>
        <field name="move_type">all</field>
        <field name="field_type">base</field>
        <field name="sum_type">both</field>
        <field name="inverse" eval="False" />
        <field name="tax_ids" eval="False" />
    </record>
    <record id="aeat_mod303_2023_map_line_127" model="l10n.es.aeat.map.tax.line">
        <field name="map_parent_id" ref="l10n_es_aeat_mod303.aeat_mod303_2023_map" />
        <field name="field_number">127</field>
        <field name="name">OSS. Operaciones sujetas y acogidas a la OSS</field>
        <field name="move_type">all</field>
        <field name="field_type">base</field>
        <field name="sum_type">both</field>
        <field name="inverse" eval="False" />
        <field name="tax_ids" eval="False" />
    </record>
</odoo>
