id,name,date_end,model_number,model_id:id,date_start,date_end,active
aeat_mod303_2022_main_export_config,Mod.303 2022,,303,model_l10n_es_aeat_mod303_report,2022-01-01,2022-12-31,True
aeat_mod303_2022_sub03_export_config,Exportación modelo 303 2022 - Información adicional + Resultado,,303,0,,,0
aeat_mod303_2022_sub04_export_config,Exportación modelo 303 2022 - Información adicional - Último periodo exonerados 390,,303,0,,,0
aeat_mod303_2022_sub01_export_config,Exportación modelo 303 2022 - Régimen general/simplificado,,303,0,,,0
