"id","export_config_id:id","sequence","name","export_type","size","decimal_size","alignment","apply_sign","negative_sign","positive_sign","bool_no","bool_yes","expression","fixed_value","conditional_expression","repeat_expression","subconfig_id/id"
"aeat_mod303_2022_sub01_export_line_01","aeat_mod303_2022_sub01_export_config",1,"Constante: <T","string",2,0,"left",1,"N",0," ","X",,"<T",,,
"aeat_mod303_2022_sub01_export_line_02","aeat_mod303_2022_sub01_export_config",2,"Modelo: 303","string",3,0,"left",1,"N",0," ","X",,303,,,
"aeat_mod303_2022_sub01_export_line_03","aeat_mod303_2022_sub01_export_config",3,"Constante: 01000","string",5,0,"left",1,"N",0," ","X",,"01000",,,
"aeat_mod303_2022_sub01_export_line_04","aeat_mod303_2022_sub01_export_config",4,"Constante: >","string",1,0,"left",1,"N",0," ","X",,">",,,
"aeat_mod303_2022_sub01_export_line_05","aeat_mod303_2022_sub01_export_config",5,"Indicador de página complementaria","string",1,0,"left",1,"N",0," ","X",,,,,
"aeat_mod303_2022_sub01_export_line_06","aeat_mod303_2022_sub01_export_config",6,"Tipo de declaración","string",1,0,"left",1,"N",0," ","X","${object.result_type}",,,,
"aeat_mod303_2022_sub01_export_line_07","aeat_mod303_2022_sub01_export_config",7,"Identificación: NIF","string",9,0,"left",1,"N",0," ","X","${object.company_vat}",,,,
"aeat_mod303_2022_sub01_export_line_08","aeat_mod303_2022_sub01_export_config",8,"Identificación: Apellidos y nombre o Razón social","string",80,0,"left",1,"N",0," ","X","${object.company_id.name}",,,,
"aeat_mod303_2022_sub01_export_line_09","aeat_mod303_2022_sub01_export_config",9,"Devengo: Ejercicio","string",4,0,"left",1,"N",0," ","X","${object.year}",,,,
"aeat_mod303_2022_sub01_export_line_10","aeat_mod303_2022_sub01_export_config",10,"Devengo: Periodo","string",2,0,"left",1,"N",0," ","X","${object.period_type}",,,,
"aeat_mod303_2022_sub01_export_line_11","aeat_mod303_2022_sub01_export_config",11,"Identificación: Tributación exclusivamente foral. Sujeto pasivo que tributa exclusivamente a una Administración tributaria Foral con IVA a la importación liquidado por la Aduana pendiente de ingreso (Forzado a NO)","string",1,0,"left",1,"N",0," ","X",,2,,,
"aeat_mod303_2022_sub01_export_line_12","aeat_mod303_2022_sub01_export_config",12,"Identificación: Sujeto pasivo inscrito en el Registro de devolución mensual (Art. 30 RIVA)","boolean",1,0,"left",1,"N",0,2,1,"${object.devolucion_mensual}",,,,
"aeat_mod303_2022_sub01_export_line_13","aeat_mod303_2022_sub01_export_config",13,"Identificación: Sujeto pasivo que tributa exclusivamente en Régimen Simplificado (RS) (Forzado a NO)","string",1,0,"left",1,"N",0," ","X",,3,,,
"aeat_mod303_2022_sub01_export_line_14","aeat_mod303_2022_sub01_export_config",14,"Identificación: Autoliquidación conjunta - Forzado a NO","string",1,0,"left",1,"N",0," ","X",,2,,,
"aeat_mod303_2022_sub01_export_line_15","aeat_mod303_2022_sub01_export_config",15,"Identificación: Sujeto pasivo acogido al régimen especial del criterio de Caja (art. 163 undecies LIVA) (Forzado a NO)","string",1,0,"left",1,"N",0," ","X",,2,,,
"aeat_mod303_2022_sub01_export_line_16","aeat_mod303_2022_sub01_export_config",16,"Identificación: Sujeto pasivo destinatario de operaciones acogidas al régimen especial del criterio de caja (Forzado a NO)","string",1,0,"left",1,"N",0," ","X",,2,,,
"aeat_mod303_2022_sub01_export_line_17","aeat_mod303_2022_sub01_export_config",17,"Identificación: Opción por la aplicación de la prorrata especial (art. 103.Dos.1º LIVA) (Forzado a NO)","string",1,0,"left",1,"N",0," ","X",,2,,,
"aeat_mod303_2022_sub01_export_line_18","aeat_mod303_2022_sub01_export_config",18,"Identificación: Revocación de la opción por la aplicación de la prorrata especial (Forzado a NO)","string",1,0,"left",1,"N",0," ","X",,2,,,
"aeat_mod303_2022_sub01_export_line_19","aeat_mod303_2022_sub01_export_config",19,"Identificación: Sujeto pasivo declarado en concurso de acreedores en el presente período de liquidación (Forzado a NO)","string",1,0,"left",1,"N",0," ","X",,2,,,
"aeat_mod303_2022_sub01_export_line_20","aeat_mod303_2022_sub01_export_config",20,"Identificación: Fecha en que se dictó el auto de declaración de concurso (Forzado a blanco)","string",8,0,"left",1,"N",0," ","X",,,,,
"aeat_mod303_2022_sub01_export_line_21","aeat_mod303_2022_sub01_export_config",21,"Identificación: Auto de declaración de concurso dictado en el período (Forzado a blanco)","string",1,0,"left",1,"N",0," ","X",,,,,
"aeat_mod303_2022_sub01_export_line_22","aeat_mod303_2022_sub01_export_config",22,"Identificación: Sujeto pasivo acogido voluntariamente al SII","boolean",1,0,"left",1,"N",0,2,1,"${object.is_voluntary_sii}",,,,
"aeat_mod303_2022_sub01_export_line_23","aeat_mod303_2022_sub01_export_config",23,"Identificación: Sujeto pasivo exonerado de la Declaración-resumen anual del IVA, modelo 390","integer",1,0,"left",0,"N",0," ","X","${0 if object.period_type not in ('4T', '12') else int(object.exonerated_390)}",,,,
"aeat_mod303_2022_sub01_export_line_24","aeat_mod303_2022_sub01_export_config",24,"Identificación: Sujeto pasivo con volumen anual de operaciones distinto de cero (art. 121 LIVA)","integer",1,0,"left",0,"N",0," ","X","${0 if (object.period_type not in ('4T', '12') or object.exonerated_390 == '2') else (1 if object.has_operation_volume else 2)}",,,,
"aeat_mod303_2022_sub01_export_line_25","aeat_mod303_2022_sub01_export_config",25,"Liquidación: Regimen General - IVA Devengado 4% - Base imponible [01]","float",17,2,"right",0,"N",0," ","X","${object.tax_line_ids.filtered(lambda r: r.field_number==1).amount}",,,,
"aeat_mod303_2022_sub01_export_line_26","aeat_mod303_2022_sub01_export_config",26,"Liquidación: Regimen General - IVA Devengado 4% - Tipo % [02]","float",5,2,"right",0,"N",0," ","X",,4,,,
"aeat_mod303_2022_sub01_export_line_27","aeat_mod303_2022_sub01_export_config",27,"Liquidación: Regimen General - IVA Devengado 4% - Cuota [03]","float",17,2,"right",0,"N",0," ","X","${object.tax_line_ids.filtered(lambda r: r.field_number==3).amount}",,,,
"aeat_mod303_2022_sub01_export_line_28","aeat_mod303_2022_sub01_export_config",28,"Liquidación: Regimen General - IVA Devengado 10% - Base imponible [04]","float",17,2,"right",0,"N",0," ","X","${object.tax_line_ids.filtered(lambda r: r.field_number==4).amount}",,,,
"aeat_mod303_2022_sub01_export_line_29","aeat_mod303_2022_sub01_export_config",29,"Liquidación: Regimen General - IVA Devengado 10% - Tipo % [05]","float",5,2,"right",0,"N",0," ","X",,10,,,
"aeat_mod303_2022_sub01_export_line_30","aeat_mod303_2022_sub01_export_config",30,"Liquidación: Regimen General - IVA Devengado 10% - Cuota [06]","float",17,2,"right",0,"N",0," ","X","${object.tax_line_ids.filtered(lambda r: r.field_number==6).amount}",,,,
"aeat_mod303_2022_sub01_export_line_31","aeat_mod303_2022_sub01_export_config",31,"Liquidación: Regimen General - IVA Devengado 21% - Base imponible [07]","float",17,2,"right",0,"N",0," ","X","${object.tax_line_ids.filtered(lambda r: r.field_number==7).amount}",,,,
"aeat_mod303_2022_sub01_export_line_32","aeat_mod303_2022_sub01_export_config",32,"Liquidación: Regimen General - IVA Devengado 21% - Tipo % [08]","float",5,2,"right",0,"N",0," ","X",21,,,,
"aeat_mod303_2022_sub01_export_line_33","aeat_mod303_2022_sub01_export_config",33,"Liquidación: Regimen General - IVA Devengado 21% - Cuota [09]","float",17,2,"right",0,"N",0," ","X","${object.tax_line_ids.filtered(lambda r: r.field_number==9).amount}",,,,
"aeat_mod303_2022_sub01_export_line_34","aeat_mod303_2022_sub01_export_config",34,"Liquidación: Regimen General - IVA Devengado - Adquisiciones intracomunitarias de bienes y servicios - Base imponible [10]","float",17,2,"right",0,"N",0," ","X","${object.tax_line_ids.filtered(lambda r: r.field_number==10).amount}",,,,
"aeat_mod303_2022_sub01_export_line_35","aeat_mod303_2022_sub01_export_config",35,"Liquidación: Regimen General - IVA Devengado - Adquisiciones intracomunitarias de bienes y servicios - Cuota [11]","float",17,2,"right",0,"N",0," ","X","${object.tax_line_ids.filtered(lambda r: r.field_number==11).amount}",,,,
"aeat_mod303_2022_sub01_export_line_36","aeat_mod303_2022_sub01_export_config",36,"Liquidación: Regimen General - IVA Devengado - Otras operaciones con inversión del sujeto pasivo (excepto. adq. intracom) - Base imponible [12]","float",17,2,"right",0,"N",0," ","X","${object.tax_line_ids.filtered(lambda r: r.field_number==12).amount}",,,,
"aeat_mod303_2022_sub01_export_line_37","aeat_mod303_2022_sub01_export_config",37,"Liquidación: Regimen General - IVA Devengado - Otras operaciones con inversión del sujeto pasivo (excepto. adq. intracom) - Cuota [13]","float",17,2,"right",0,"N",0," ","X","${object.tax_line_ids.filtered(lambda r: r.field_number==13).amount}",,,,
"aeat_mod303_2022_sub01_export_line_38","aeat_mod303_2022_sub01_export_config",38,"Liquidación: Regimen General - IVA Devengado - Modificación bases y cuotas - Base imponible [14]","float",17,2,"right",1,"N",0," ","X","${sum(object.tax_line_ids.filtered(lambda r: r.field_number==14).mapped('amount'))}",,,,
"aeat_mod303_2022_sub01_export_line_39","aeat_mod303_2022_sub01_export_config",39,"Liquidación: Regimen General - IVA Devengado - Modificación bases y cuotas - Cuota [15]","float",17,2,"right",1,"N",0," ","X","${sum(object.tax_line_ids.filtered(lambda r: r.field_number==15).mapped('amount'))}",,,,
"aeat_mod303_2022_sub01_export_line_40","aeat_mod303_2022_sub01_export_config",40,"Liquidación: Regimen General - IVA Devengado - Recargo equivalencia 0.5% - Base imponible [16]","float",17,2,"right",0,"N",0," ","X","${object.tax_line_ids.filtered(lambda r: r.field_number==16).amount}",,,,
"aeat_mod303_2022_sub01_export_line_41","aeat_mod303_2022_sub01_export_config",41,"Liquidación: Regimen General - IVA Devengado - Recargo equivalencia 0.5% - Tipo % [17]","float",5,2,"right",0,"N",0," ","X",,"0.5",,,
"aeat_mod303_2022_sub01_export_line_42","aeat_mod303_2022_sub01_export_config",42,"Liquidación: Regimen General - IVA Devengado - Recargo equivalencia 0.5% - Cuota [18]","float",17,2,"right",0,"N",0," ","X","${object.tax_line_ids.filtered(lambda r: r.field_number==18).amount}",,,,
"aeat_mod303_2022_sub01_export_line_43","aeat_mod303_2022_sub01_export_config",43,"Liquidación: Regimen General - IVA Devengado - Recargo equivalencia 1.4% - Base imponible [19]","float",17,2,"right",0,"N",0," ","X","${object.tax_line_ids.filtered(lambda r: r.field_number==19).amount}",,,,
"aeat_mod303_2022_sub01_export_line_44","aeat_mod303_2022_sub01_export_config",44,"Liquidación: Regimen General - IVA Devengado - Recargo equivalencia 1.4% - Tipo % [20]","float",5,2,"right",0,"N",0," ","X",,"1.4",,,
"aeat_mod303_2022_sub01_export_line_45","aeat_mod303_2022_sub01_export_config",45,"Liquidación: Regimen General - IVA Devengado - Recargo equivalencia 1.4% - Cuota [21]","float",17,2,"right",0,"N",0," ","X","${object.tax_line_ids.filtered(lambda r: r.field_number==21).amount}",,,,
"aeat_mod303_2022_sub01_export_line_46","aeat_mod303_2022_sub01_export_config",46,"Liquidación: Regimen General - IVA Devengado - Recargo equivalencia 5.2% - Base imponible [22]","float",17,2,"right",0,"N",0," ","X","${object.tax_line_ids.filtered(lambda r: r.field_number==22).amount}",,,,
"aeat_mod303_2022_sub01_export_line_47","aeat_mod303_2022_sub01_export_config",47,"Liquidación: Regimen General - IVA Devengado - Recargo equivalencia 5.2% - Tipo % [23]","float",5,2,"right",0,"N",0," ","X","5.2",,,,
"aeat_mod303_2022_sub01_export_line_48","aeat_mod303_2022_sub01_export_config",48,"Liquidación: Regimen General - IVA Devengado - Recargo equivalencia 5.2% - Cuota [24]","float",17,2,"right",0,"N",0," ","X","${object.tax_line_ids.filtered(lambda r: r.field_number==24).amount}",,,,
"aeat_mod303_2022_sub01_export_line_49","aeat_mod303_2022_sub01_export_config",49,"Liquidación: Regimen General - IVA Devengado - Modificaciones bases y cuotas de recargo de equivalencia - Base imponible [25]","float",17,2,"right",1,"N",0," ","X","${object.tax_line_ids.filtered(lambda r: r.field_number==25).amount}",,,,
"aeat_mod303_2022_sub01_export_line_50","aeat_mod303_2022_sub01_export_config",50,"Liquidación: Regimen General - IVA Devengado - Modificaciones bases y cuotas de recargo de equivalencia - Cuota [26]","float",17,2,"right",1,"N",0," ","X","${object.tax_line_ids.filtered(lambda r: r.field_number==26).amount}",,,,
"aeat_mod303_2022_sub01_export_line_51","aeat_mod303_2022_sub01_export_config",51,"Liquidación: Regimen General - IVA Devengado - Total cuota devengada [27]","float",17,2,"right",1,"N",0," ","X","${object.total_devengado}",,,,
"aeat_mod303_2022_sub01_export_line_52","aeat_mod303_2022_sub01_export_config",52,"Liquidación: Regimen General - IVA Deducible - Por cuotas soportadas en operaciones interiores corrientes - Base [28]","float",17,2,"right",0,"N",0," ","X","${object.tax_line_ids.filtered(lambda r: r.field_number==28).amount}",,,,
"aeat_mod303_2022_sub01_export_line_53","aeat_mod303_2022_sub01_export_config",53,"Liquidación: Regimen General - IVA Deducible - Por cuotas soportadas en operaciones interiores corrientes - Cuota [29]","float",17,2,"right",0,"N",0," ","X","${object.tax_line_ids.filtered(lambda r: r.field_number==29).amount}",,,,
"aeat_mod303_2022_sub01_export_line_54","aeat_mod303_2022_sub01_export_config",54,"Liquidación: Regimen General - IVA Deducible - Por cuotas soportadas en operaciones con bienes de inversión - Base [30]","float",17,2,"right",0,"N",0," ","X","${object.tax_line_ids.filtered(lambda r: r.field_number==30).amount}",,,,
"aeat_mod303_2022_sub01_export_line_55","aeat_mod303_2022_sub01_export_config",55,"Liquidación: Regimen General - IVA Deducible - Por cuotas soportadas en operaciones con bienes de inversión - Cuota [31]","float",17,2,"right",0,"N",0," ","X","${object.tax_line_ids.filtered(lambda r: r.field_number==31).amount}",,,,
"aeat_mod303_2022_sub01_export_line_56","aeat_mod303_2022_sub01_export_config",56,"Liquidación: Regimen General - IVA Deducible - Por cuotas soportadas en las importaciones de bienes corrientes - Base [32]","float",17,2,"right",0,"N",0," ","X","${object.tax_line_ids.filtered(lambda r: r.field_number==32).amount}",,,,
"aeat_mod303_2022_sub01_export_line_57","aeat_mod303_2022_sub01_export_config",57,"Liquidación: Regimen General - IVA Deducible - Por cuotas soportadas en las importaciones de bienes corrientes - Cuota [33]","float",17,2,"right",0,"N",0," ","X","${object.tax_line_ids.filtered(lambda r: r.field_number==33).amount}",,,,
"aeat_mod303_2022_sub01_export_line_58","aeat_mod303_2022_sub01_export_config",58,"Liquidación: Regimen General - IVA Deducible - Por las cuotas soportadas en las importaciones de bienes de inversión - Base [34]","float",17,2,"right",0,"N",0," ","X","${object.tax_line_ids.filtered(lambda r: r.field_number==34).amount}",,,,
"aeat_mod303_2022_sub01_export_line_59","aeat_mod303_2022_sub01_export_config",59,"Liquidación: Regimen General - IVA Deducible - Por las cuotas soportadas en las importaciones de bienes de inversión - Cuota [35]","float",17,2,"right",0,"N",0," ","X","${object.tax_line_ids.filtered(lambda r: r.field_number==35).amount}",,,,
"aeat_mod303_2022_sub01_export_line_60","aeat_mod303_2022_sub01_export_config",60,"Liquidación: Regimen General - IVA Deducible - En adquisiciones intracomunitarias de bienes y servicios corrientes - Base [36]","float",17,2,"right",0,"N",0," ","X","${object.tax_line_ids.filtered(lambda r: r.field_number==36).amount}",,,,
"aeat_mod303_2022_sub01_export_line_61","aeat_mod303_2022_sub01_export_config",61,"Liquidación: Regimen General - IVA Deducible - En adquisiciones intracomunitarias de bienes y servicios corrientes - Cuota [37]","float",17,2,"right",0,"N",0," ","X","${object.tax_line_ids.filtered(lambda r: r.field_number==37).amount}",,,,
"aeat_mod303_2022_sub01_export_line_62","aeat_mod303_2022_sub01_export_config",62,"Liquidación: Regimen General - IVA Deducible - En adquisiciones intracomunitarias de bienes de inversión - Base [38]","float",17,2,"right",0,"N",0," ","X","${object.tax_line_ids.filtered(lambda r: r.field_number==38).amount}",,,,
"aeat_mod303_2022_sub01_export_line_63","aeat_mod303_2022_sub01_export_config",63,"Liquidación: Regimen General - IVA Deducible - En adquisiciones intracomunitarias de bienes de inversión - Cuota [39]","float",17,2,"right",0,"N",0," ","X","${object.tax_line_ids.filtered(lambda r: r.field_number==39).amount}",,,,
"aeat_mod303_2022_sub01_export_line_64","aeat_mod303_2022_sub01_export_config",64,"Liquidación: Regimen General - IVA Deducible - Rectificación de deducciones - Base [40]","float",17,2,"right",1,"N",0," ","X","${object.tax_line_ids.filtered(lambda r: r.field_number==40).amount}",,,,
"aeat_mod303_2022_sub01_export_line_65","aeat_mod303_2022_sub01_export_config",65,"Liquidación: Regimen General - IVA Deducible - Rectificación de deducciones - Cuota [41]","float",17,2,"right",1,"N",0," ","X","${object.tax_line_ids.filtered(lambda r: r.field_number==41).amount}",,,,
"aeat_mod303_2022_sub01_export_line_66","aeat_mod303_2022_sub01_export_config",66,"Liquidación: Regimen General - IVA Deducible - Compensaciones Régimen Especial A.G. y P. - Cuota [42]","float",17,2,"right",1,"N",0," ","X","${object.tax_line_ids.filtered(lambda r: r.field_number==42).amount}",,,,
"aeat_mod303_2022_sub01_export_line_67","aeat_mod303_2022_sub01_export_config",67,"Liquidación: Regimen General - IVA Deducible - Regularización inversiones - Cuota [43]","float",17,2,"right",1,"N",0," ","X","${object.tax_line_ids.filtered(lambda r: r.field_number==43).amount}",,,,
"aeat_mod303_2022_sub01_export_line_68","aeat_mod303_2022_sub01_export_config",68,"Liquidación: Regimen General - IVA Deducible - Regularización por aplicación del porcentaje definitivo de prorrata - Cuota [44]","float",17,2,"right",1,"N",0," ","X",,0,,,
"aeat_mod303_2022_sub01_export_line_69","aeat_mod303_2022_sub01_export_config",69,"Liquidación: Regimen General - IVA Deducible - Total a deducir - Cuota [45]","float",17,2,"right",1,"N",0," ","X","${object.total_deducir}",,,,
"aeat_mod303_2022_sub01_export_line_70","aeat_mod303_2022_sub01_export_config",70,"Liquidación: Regimen General - IVA Deducible - Resultado régimen general - Cuota [46]","float",17,2,"right",1,"N",0," ","X","${object.casilla_46}",,,,
"aeat_mod303_2022_sub01_export_line_71","aeat_mod303_2022_sub01_export_config",71,"Reservado para la AEAT","string",600,0,"left",1,"N",0," ","X",,,,,
"aeat_mod303_2022_sub01_export_line_72","aeat_mod303_2022_sub01_export_config",72,"Reservado para la AEAT: Sello electrónico reservado para la AEAT","string",13,0,"left",1,"N",0," ","X",,,,,
"aeat_mod303_2022_sub01_export_line_73","aeat_mod303_2022_sub01_export_config",73,"Indicador de fin de registro: </T30301>","string",12,0,"left",1,"N",0," ","X",,"</T30301000>",,,
"aeat_mod303_2022_sub03_export_line_01","aeat_mod303_2022_sub03_export_config",1,"Constante: <T","string",2,0,"left",1,"N",0," ","X",,"<T",,,
"aeat_mod303_2022_sub03_export_line_02","aeat_mod303_2022_sub03_export_config",2,"Modelo: 303","string",3,0,"left",1,"N",0," ","X",,303,,,
"aeat_mod303_2022_sub03_export_line_03","aeat_mod303_2022_sub03_export_config",3,"Página: 03","string",5,0,"left",1,"N",0," ","X",,"03000",,,
"aeat_mod303_2022_sub03_export_line_04","aeat_mod303_2022_sub03_export_config",4,"Constante: >","string",1,0,"left",1,"N",0," ","X",,">",,,
"aeat_mod303_2022_sub03_export_line_05","aeat_mod303_2022_sub03_export_config",5,"Información adicional - Entregas intracomunitarias de bienes y servicios [59]","float",17,2,"right",1,"N",0," ","X","${object.tax_line_ids.filtered(lambda r: r.field_number==59).amount}",,,,
"aeat_mod303_2022_sub03_export_line_06","aeat_mod303_2022_sub03_export_config",6,"Información adicional - Exportaciones y operaciones asimiladas [60]","float",17,2,"right",1,"N",0," ","X","${object.tax_line_ids.filtered(lambda r: r.field_number==60).amount}",,,,
"aeat_mod303_2022_sub03_export_line_08","aeat_mod303_2022_sub03_export_config",7,"Operaciones no sujetas por reglas de localización (excepto las incluidas en la casilla 123) [120]","float",17,2,"right",1,"N",0," ","X","${object.tax_line_ids.filtered(lambda r: r.field_number==120).amount}",,,,
"aeat_mod303_2022_sub03_export_line_10","aeat_mod303_2022_sub03_export_config",8,"Operaciones sujetas con inversión del sujeto pasivo [122]","float",17,2,"right",1,"N",0," ","X","${object.tax_line_ids.filtered(lambda r: r.field_number==122).amount}",,,,
"aeat_mod303_2022_sub03_export_line_11","aeat_mod303_2022_sub03_export_config",9,"OSS. Operaciones no sujetas por reglas de localización acogidas a la OSS [123]","float",17,2,"right",1,"N",0," ","X","${object.tax_line_ids.filtered(lambda r: r.field_number==123).amount}",,,,
"aeat_mod303_2022_sub03_export_line_12","aeat_mod303_2022_sub03_export_config",10,"OSS. Operaciones sujetas y acogidas a la OSS [124]","float",17,2,"right",1,"N",0," ","X","${object.tax_line_ids.filtered(lambda r: r.field_number==124).amount}",,,,
"aeat_mod303_2022_sub03_export_line_13","aeat_mod303_2022_sub03_export_config",11,"Información adicional - Importes devengados en período de liquidación sgún art. 75 LIVA. - Base Imponible [62]","float",17,2,"right",1,"N",0," ","X","${object.tax_line_ids.filtered(lambda r: r.field_number==62).amount}",,,,
"aeat_mod303_2022_sub03_export_line_14","aeat_mod303_2022_sub03_export_config",12,"Información adicional - Importes devengados en período de liquiación sgún art. 75 LIVA. - Cuota [63]","float",17,2,"right",1,"N",0," ","X","${object.tax_line_ids.filtered(lambda r: r.field_number==63).amount}",,,,
"aeat_mod303_2022_sub03_export_line_15","aeat_mod303_2022_sub03_export_config",13,"Información adicional - Cuotas de IVA soportados en operaciones que tributen por el régimen especial del criterio de caja conforme a la regla general de devengo contenida en el artículo 75 LIVA. - Base Imponible [74]","float",17,2,"right",1,"N",0," ","X","${object.tax_line_ids.filtered(lambda r: r.field_number==74).amount}",,,,
"aeat_mod303_2022_sub03_export_line_16","aeat_mod303_2022_sub03_export_config",14,"Información adicional - Cuotas de IVA soportados en operaciones que tributen por el régimen especial del criterio de caja conforme a la regla general de devengo contenida en el artículo 75 LIVA. - Cuota [75]","float",17,2,"right",1,"N",0," ","X","${object.tax_line_ids.filtered(lambda r: r.field_number==75).amount}",,,,
"aeat_mod303_2022_sub03_export_line_17","aeat_mod303_2022_sub03_export_config",15,"Resultado - Regularización cuotas rt. 80 cinco. 5ª LIVA [76] (Forzado a 0)","float",17,2,"right",1,"N",0," ","X",,0,,,
"aeat_mod303_2022_sub03_export_line_18","aeat_mod303_2022_sub03_export_config",16,"Resultado - Suma de resultados [64] (Sólo coge el de RG)","float",17,2,"right",1,"N",0," ","X","${object.casilla_46}",,,,
"aeat_mod303_2022_sub03_export_line_19","aeat_mod303_2022_sub03_export_config",17,"Resultado - % Atribuible a la Administración del Estado [65]","float",5,2,"right",0,"N",0," ","X","${object.porcentaje_atribuible_estado}",,,,
"aeat_mod303_2022_sub03_export_line_20","aeat_mod303_2022_sub03_export_config",18,"Resultado - Atribuible a la Administración del Estado [66]","float",17,2,"right",1,"N",0," ","X","${object.atribuible_estado}",,,,
"aeat_mod303_2022_sub03_export_line_21","aeat_mod303_2022_sub03_export_config",19,"Resultado - IVA a la importación liquidado por la Aduana pendiente de ingreso [77]","float",17,2,"right",0,"N",0," ","X","${object.casilla_77}",,,,
"aeat_mod303_2022_sub03_export_line_22","aeat_mod303_2022_sub03_export_config",20,"Resultado - Cuotas a compensar pendientes de periodos anteriores [110]","float",17,2,"right",0,"N",0," ","X","${object.potential_cuota_compensar}",,,,
"aeat_mod303_2022_sub03_export_line_23","aeat_mod303_2022_sub03_export_config",21,"Resultado - Cuotas a compensar de periodos anteriores aplicadas en este periodo [78]","float",17,2,"right",0,"N",0," ","X","${object.cuota_compensar}",,,,
"aeat_mod303_2022_sub03_export_line_24","aeat_mod303_2022_sub03_export_config",22,"Resultado - Cuotas a compensar de periodos previos pendientes para periodos posteriores ([110] - [78]) [87]","float",17,2,"right",0,"N",0," ","X","${object.remaining_cuota_compensar}",,,,
"aeat_mod303_2022_sub03_export_line_25","aeat_mod303_2022_sub03_export_config",23,"Resultado - Exclusivamente para sujetos pasivos que tributan conjuntamente a la Administración del Estado y a las Diputaciones Forales Resultado de la regularización anual [68]","float",17,2,"right",1,"N",0," ","X","${object.regularizacion_anual}",,,,
"aeat_mod303_2022_sub03_export_line_26","aeat_mod303_2022_sub03_export_config",24,"Resultado - Resultado ([66] + [77] - [78] + [68]) [69]","float",17,2,"right",1,"N",0," ","X","${object.casilla_69}",,,,
"aeat_mod303_2022_sub03_export_line_27","aeat_mod303_2022_sub03_export_config",25,"Resultado - A deducir [70]","float",17,2,"right",1,"N",0," ","X","${object.previous_result}",,,,
"aeat_mod303_2022_sub03_export_line_28","aeat_mod303_2022_sub03_export_config",26,"Resultado - Resultado de la liquidación [71]","float",17,2,"right",1,"N",0," ","X","${object.resultado_liquidacion}",,,,
"aeat_mod303_2022_sub03_export_line_29","aeat_mod303_2022_sub03_export_config",27,"Declaración complementaria","boolean",1,0,"left",1,"N",0," ","X","${object.statement_type == 'C'}",,,,
"aeat_mod303_2022_sub03_export_line_30","aeat_mod303_2022_sub03_export_config",28,"Numero justificante declaración anterior","string",13,0,"left",1,"N",0," ","X","${object.previous_number}",,,,
"aeat_mod303_2022_sub03_export_line_31","aeat_mod303_2022_sub03_export_config",29,"Declaración sin actividad","boolean",1,0,"left",1,"N",0," ","X","${object.result_type == 'N'}",,,,
"aeat_mod303_2022_sub03_export_line_32","aeat_mod303_2022_sub03_export_config",30,"Devolución. SWIFT-BIC","string",11,0,"left",1,"N",0," ","X","${object.result_type == 'D' and object.marca_sepa == '3' and object.partner_bank_id.bank_bic or ''}",,,,
"aeat_mod303_2022_sub03_export_line_33","aeat_mod303_2022_sub03_export_config",31,"Domiciliación/Devolución - IBAN","string",34,0,"left",1,"N",0," ","X","${object.partner_bank_id and object.partner_bank_id.acc_number.replace(' ', '') or ''}",,,,
"aeat_mod303_2022_sub03_export_line_34","aeat_mod303_2022_sub03_export_config",32,"Reservado para la AEAT","string",17,0,"left",1,"N",0," ","X",,,,,
"aeat_mod303_2022_sub03_export_line_35","aeat_mod303_2022_sub03_export_config",33,"Devolución - Banco/Bank name","string",70,0,"left",1,"N",0," ","X","${object.result_type == 'D' and object.partner_bank_id.bank_id.name or ''}",,,,
"aeat_mod303_2022_sub03_export_line_36","aeat_mod303_2022_sub03_export_config",34,"Devolución - Dirección del Banco/ Bank address","string",35,0,"left",1,"N",0," ","X","${object.result_type == 'D' and object.partner_bank_id.bank_id.street or ''}",,,,
"aeat_mod303_2022_sub03_export_line_37","aeat_mod303_2022_sub03_export_config",35,"Devolución - Ciudad/City","string",30,0,"left",1,"N",0," ","X","${object.result_type == 'D' and object.partner_bank_id.bank_id.city or ''}",,,,
"aeat_mod303_2022_sub03_export_line_38","aeat_mod303_2022_sub03_export_config",36,"Devolución - Código País/Country code","string",2,0,"left",1,"N",0," ","X","${object.result_type == 'D' and object.partner_bank_id.bank_id.country.code or ''}",,,,
"aeat_mod303_2022_sub03_export_line_39","aeat_mod303_2022_sub03_export_config",37,"Devolución - Marca SEPA","integer",1,0,"left",0,"N",0," ","X","${object.result_type in ['X', 'D'] and int(object.marca_sepa) or 0}",,,,
"aeat_mod303_2022_sub03_export_line_40","aeat_mod303_2022_sub03_export_config",38,"Reservado para la AEAT","string",600,0,"left",1,"N",0," ","X",,,,,
"aeat_mod303_2022_sub03_export_line_41","aeat_mod303_2022_sub03_export_config",39,"Indicador de fin de registro: </T30303>","string",12,0,"left",1,"N",0," ","X",,"</T30303000>",,,
"aeat_mod303_2022_sub04_export_line_01","aeat_mod303_2022_sub04_export_config",1,"Constante: <T","string",2,0,"left",1,"N",0," ","X",,"<T",,,
"aeat_mod303_2022_sub04_export_line_02","aeat_mod303_2022_sub04_export_config",2,"Modelo: 303","string",3,0,"left",1,"N",0," ","X",,303,,,
"aeat_mod303_2022_sub04_export_line_03","aeat_mod303_2022_sub04_export_config",3,"Constante: 04000","string",5,0,"left",1,"N",0," ","X",,"04000",,,
"aeat_mod303_2022_sub04_export_line_04","aeat_mod303_2022_sub04_export_config",4,"Constante: >","string",1,0,"left",1,"N",0," ","X",,">",,,
"aeat_mod303_2022_sub04_export_line_05","aeat_mod303_2022_sub04_export_config",5,"Indicador de página complementaria (En blanco)","string",1,0,"left",1,"N",0," ","X",,,,,
"aeat_mod303_2022_sub04_export_line_06","aeat_mod303_2022_sub04_export_config",6,"Información adicional - B- Clave - Principal","string",3,0,"left",0,"N",0," ","X","${object.main_activity_code.code}",,,,
"aeat_mod303_2022_sub04_export_line_07","aeat_mod303_2022_sub04_export_config",7,"Información adicional - C- Epígrafe IAE - Principal","string",4,0,"left",1,"N",0," ","X","${object.main_activity_iae or ''}",,,,
"aeat_mod303_2022_sub04_export_line_08","aeat_mod303_2022_sub04_export_config",8,"Información adicional - B- Clave - Otras 1ª","string",3,0,"left",0,"N",0," ","X","${object.other_first_activity_code.code}",,,,
"aeat_mod303_2022_sub04_export_line_09","aeat_mod303_2022_sub04_export_config",9,"Información adicional - C- Epígrafe IAE - Otras 1ª","string",4,0,"left",1,"N",0," ","X","${object.other_first_activity_iae or ''}",,,,
"aeat_mod303_2022_sub04_export_line_10","aeat_mod303_2022_sub04_export_config",10,"Información adicional - B- Clave - Otras 2ª","string",3,0,"left",0,"N",0," ","X","${object.other_second_activity_code.code}",,,,
"aeat_mod303_2022_sub04_export_line_11","aeat_mod303_2022_sub04_export_config",11,"Información adicional - C- Epígrafe IAE - Otras 2ª","string",4,0,"left",1,"N",0," ","X","${object.other_second_activity_iae or ''}",,,,
"aeat_mod303_2022_sub04_export_line_12","aeat_mod303_2022_sub04_export_config",12,"Información adicional - B- Clave - Otras 3ª","string",3,0,"left",0,"N",0," ","X","${object.other_third_activity_code.code}",,,,
"aeat_mod303_2022_sub04_export_line_13","aeat_mod303_2022_sub04_export_config",13,"Información adicional - C- Epígrafe IAE - Otras 3ª","string",4,0,"left",1,"N",0," ","X","${object.other_third_activity_iae or ''}",,,,
"aeat_mod303_2022_sub04_export_line_14","aeat_mod303_2022_sub04_export_config",14,"Información adicional - B- Clave - Otras 4ª","string",3,0,"left",0,"N",0," ","X","${object.other_fourth_activity_code.code}",,,,
"aeat_mod303_2022_sub04_export_line_15","aeat_mod303_2022_sub04_export_config",15,"Información adicional - C- Epígrafe IAE - Otras 4ª","string",4,0,"left",1,"N",0," ","X","${object.other_fourth_activity_iae or ''}",,,,
"aeat_mod303_2022_sub04_export_line_16","aeat_mod303_2022_sub04_export_config",16,"Información adicional - B- Clave - Otras 5ª","string",3,0,"left",0,"N",0," ","X","${object.other_fifth_activity_code.code}",,,,
"aeat_mod303_2022_sub04_export_line_17","aeat_mod303_2022_sub04_export_config",17,"Información adicional - C- Epígrafe IAE - Otras 5ª","string",4,0,"left",1,"N",0," ","X","${object.other_fifth_activity_iae or ''}",,,,
"aeat_mod303_2022_sub04_export_line_18","aeat_mod303_2022_sub04_export_config",18,"Información adicional - D- Marque si ha efectuado operaciones por las que tenga obligación de presentar la declaración anual de operaciones con terceras personas","boolean",1,0,"left",1,"N",0," ","X","${object.has_347}",,,,
"aeat_mod303_2022_sub04_export_line_19","aeat_mod303_2022_sub04_export_config",19,"Información de la tributación por razón de territorio: Álava [89] (a cero)","float",5,2,"left",0,"N",0," ","X",,0,,,
"aeat_mod303_2022_sub04_export_line_20","aeat_mod303_2022_sub04_export_config",20,"Información de la tributación por razón de territorio: Guipuzcoa [90] (a cero)","float",5,2,"left",0,"N",0," ","X",,0,,,
"aeat_mod303_2022_sub04_export_line_21","aeat_mod303_2022_sub04_export_config",21,"Información de la tributación por razón de territorio: Vizcaya [91] (a cero)","float",5,2,"left",0,"N",0," ","X",,0,,,
"aeat_mod303_2022_sub04_export_line_22","aeat_mod303_2022_sub04_export_config",22,"Información de la tributación por razón de territorio: Navarra [92] (a cero)","float",5,2,"left",0,"N",0," ","X",,0,,,
"aeat_mod303_2022_sub04_export_line_23","aeat_mod303_2022_sub04_export_config",23,"Información de la tributación por razón de territorio: Territorio común [107] (a cero)","float",5,2,"left",0,"N",0," ","X",,0,,,
"aeat_mod303_2022_sub04_export_line_24","aeat_mod303_2022_sub04_export_config",24,"Información adicional - Operaciones realizadas en el ejercicio - Operaciones en régimen general [80]","float",17,2,"right",1,"N",0," ","X","${object.tax_line_ids.filtered(lambda r: r.field_number==80).amount}",,,,
"aeat_mod303_2022_sub04_export_line_25","aeat_mod303_2022_sub04_export_config",25,"Información adicional - Operaciones realizadas en el ejercicio - Operaciones en régimen especial del criterio de caja conforme art.75 LIVA [81]","float",17,2,"right",1,"N",0," ","X","${object.tax_line_ids.filtered(lambda r: r.field_number==81).amount}",,,,
"aeat_mod303_2022_sub04_export_line_26","aeat_mod303_2022_sub04_export_config",26,"Información adicional - Operaciones realizadas en el ejercicio - Entregas intracomunitarias de bienes y servicios [93]","float",17,2,"right",1,"N",0," ","X","${object.tax_line_ids.filtered(lambda r: r.field_number==93).amount}",,,,
"aeat_mod303_2022_sub04_export_line_27","aeat_mod303_2022_sub04_export_config",27,"Información adicional - Operaciones realizadas en el ejercicio - Exportaciones y otras operaciones exentas con derecho a deducción [94]","float",17,2,"left",1,"N",0," ","X","${object.tax_line_ids.filtered(lambda r: r.field_number==94).amount}",,,,
"aeat_mod303_2022_sub04_export_line_28","aeat_mod303_2022_sub04_export_config",28,"Información adicional - Operaciones realizadas en el ejercicio - Operaciones exentas sin derecho a deducción [83]","float",17,2,"right",1,"N",0," ","X","${object.tax_line_ids.filtered(lambda r: r.field_number==83).amount}",,,,
"aeat_mod303_2022_sub04_export_line_29","aeat_mod303_2022_sub04_export_config",29,"Información adicional - Operaciones realizadas en el ejercicio - Operaciones no sujetas por reglas de localización o con inversión del sujeto pasivo [84]","float",17,2,"right",1,"N",0," ","X","${object.tax_line_ids.filtered(lambda r: r.field_number==84).amount}",,,,
"aeat_mod303_2022_sub04_export_line_30","aeat_mod303_2022_sub04_export_config",30,"Operaciones sujetas con inversión del sujeto pasivo [125]","float",17,2,"right",1,"N",0," ","X","${object.tax_line_ids.filtered(lambda r: r.field_number==125).amount}",,,,
"aeat_mod303_2022_sub04_export_line_31","aeat_mod303_2022_sub04_export_config",31,"OSS. Operaciones no sujetas por reglas de localización acogidas a la OSS [126]","float",17,2,"right",1,"N",0," ","X","${object.tax_line_ids.filtered(lambda r: r.field_number==126).amount}",,,,
"aeat_mod303_2022_sub04_export_line_32","aeat_mod303_2022_sub04_export_config",32,"OSS. Operaciones sujetas y acogidas a la OSS [127]","float",17,2,"right",1,"N",0," ","X","${object.tax_line_ids.filtered(lambda r: r.field_number==127).amount}",,,,
"aeat_mod303_2022_sub04_export_line_33","aeat_mod303_2022_sub04_export_config",33,"Operaciones intragrupo valoradas conforme a lo dispuesto en los arts. 78 y 79 LIVA [128] (FORZADO A 0)","float",17,2,"right",1,"N",0," ","X",0,,,,
"aeat_mod303_2022_sub04_export_line_34","aeat_mod303_2022_sub04_export_config",34,"Información adicional - Operaciones realizadas en el ejercicio - Operaciones de régimen simplificado [86]","float",17,2,"right",1,"N",0," ","X","${object.tax_line_ids.filtered(lambda r: r.field_number==86).amount}",,,,
"aeat_mod303_2022_sub04_export_line_35","aeat_mod303_2022_sub04_export_config",35,"Información adicional - Operaciones realizadas en el ejercicio - Operaciones en régimen especial de la agricultura, ganadería y pesca [95]","float",17,2,"left",1,"N",0," ","X","${object.tax_line_ids.filtered(lambda r: r.field_number==95).amount}",,,,
"aeat_mod303_2022_sub04_export_line_36","aeat_mod303_2022_sub04_export_config",36,"Información adicional - Operaciones realizadas en el ejercicio - Operaciones realizadas por sujetos pasivos acogidos al régimen especial del recargo de equivalencia [96]","float",17,2,"left",1,"N",0," ","X","${object.tax_line_ids.filtered(lambda r: r.field_number==96).amount}",,,,
"aeat_mod303_2022_sub04_export_line_37","aeat_mod303_2022_sub04_export_config",37,"Información adicional - Operaciones realizadas en el ejercicio - Operaciones en Régimen especial de bienes usados, objetos de arte, antigüedades y objetos de colección [97]","float",17,2,"left",1,"N",0," ","X","${object.tax_line_ids.filtered(lambda r: r.field_number==97).amount}",,,,
"aeat_mod303_2022_sub04_export_line_38","aeat_mod303_2022_sub04_export_config",38,"Información adicional - Operaciones realizadas en el ejercicio - Operaciones en régimen especial de Agencias de Viajes [98]","float",17,2,"left",1,"N",0," ","X","${object.tax_line_ids.filtered(lambda r: r.field_number==98).amount}",,,,
"aeat_mod303_2022_sub04_export_line_39","aeat_mod303_2022_sub04_export_config",39,"Información adicional - Operaciones realizadas en el ejercicio - Entregas de bienes inmuebles no habituales, operaciones financieras y relativas al oro de inversión no habituales [79]","float",17,2,"right",1,"N",0," ","X","${object.tax_line_ids.filtered(lambda r: r.field_number==79).amount}",,,,
"aeat_mod303_2022_sub04_export_line_40","aeat_mod303_2022_sub04_export_config",40,"Información adicional - Operaciones realizadas en el ejercicio - Entregas de bienes de inversión [99]","float",17,2,"left",1,"N",0," ","X","${object.tax_line_ids.filtered(lambda r: r.field_number==99).amount}",,,,
"aeat_mod303_2022_sub04_export_line_41","aeat_mod303_2022_sub04_export_config",41,"Información adicional - Exclusivamente a cumplimentar en el último periodo exonerados de la Declaración-resumen anual del IVA - Operaciones realizadas en el ejercicio - Total volumen de operaciones ([80]+[81]+[93]+[94]+[83]+[84]+[125]+[126]+[127]+[128]+[86]+[95]+[96]+[97]+[98]-[79]-[99]) [88]","float",17,2,"right",1,"N",0," ","X","${object.casilla_88}",,,,
"aeat_mod303_2022_sub04_export_line_42","aeat_mod303_2022_sub04_export_config",42,"Reservado para la AEAT","string",600,0,"left",1,"N",0," ","X",,,,,
"aeat_mod303_2022_sub04_export_line_43","aeat_mod303_2022_sub04_export_config",43,"Indicador de fin de registro: </T30303>","string",12,0,"left",1,"N",0," ","X",,"</T30304000>",,,
"aeat_mod303_2022_main_export_line_01","aeat_mod303_2022_main_export_config",1,"Constante: <T","string",2,0,"left",1,"N",0," ","X",,"<T",,,
"aeat_mod303_2022_main_export_line_02","aeat_mod303_2022_main_export_config",2,"Modelo: 303","string",3,0,"left",1,"N",0," ","X",,303,,,
"aeat_mod303_2022_main_export_line_03","aeat_mod303_2022_main_export_config",3,"Constante: 0","string",1,0,"left",1,"N",0," ","X",,0,,,
"aeat_mod303_2022_main_export_line_04","aeat_mod303_2022_main_export_config",4,"Ejercicio devengo: AAAA","string",4,0,"left",1,"N",0," ","X","${object.year}",,,,
"aeat_mod303_2022_main_export_line_05","aeat_mod303_2022_main_export_config",5,"Periodo: PP","string",2,0,"left",1,"N",0," ","X","${object.period_type}",,,,
"aeat_mod303_2022_main_export_line_06","aeat_mod303_2022_main_export_config",6,"Constante: 0000>","string",5,0,"left",1,"N",0," ","X",,"0000>",,,
"aeat_mod303_2022_main_export_line_07","aeat_mod303_2022_main_export_config",7,"Constante: <AUX>","string",5,0,"left",1,"N",0," ","X",,"<AUX>",,,
"aeat_mod303_2022_main_export_line_08","aeat_mod303_2022_main_export_config",8,"Reservado para la Administración: Rellenar con blancos","string",70,0,"left",1,"N",0," ","X",,,,,
"aeat_mod303_2022_main_export_line_09","aeat_mod303_2022_main_export_config",9,"Versión del Programa: ","string",4,0,"left",1,"N",0," ","X",,"odoo",,,
"aeat_mod303_2022_main_export_line_10","aeat_mod303_2022_main_export_config",10,"Reservado para la Administración: Rellenar con blancos","string",4,0,"left",1,"N",0," ","X",,,,,
"aeat_mod303_2022_main_export_line_11","aeat_mod303_2022_main_export_config",11,"NIF Empresa Desarrollo","string",9,0,"left",1,"N",0," ","X",,"G87846952",,,
"aeat_mod303_2022_main_export_line_12","aeat_mod303_2022_main_export_config",12,"Reservado para la Administración: Rellenar con blancos","string",213,0,"left",1,"N",0," ","X",,,,,
"aeat_mod303_2022_main_export_line_13","aeat_mod303_2022_main_export_config",13,"Constante: </AUX>","string",6,0,"left",1,"N",0," ","X",,"</AUX>",,,
"aeat_mod303_2022_main_export_line_14","aeat_mod303_2022_main_export_config",14,"P01 - Régimen general/simplificado","subconfig",0,0,"left",1,"N",0," ","X",,,,,"aeat_mod303_2022_sub01_export_config"
"aeat_mod303_2022_main_export_line_15","aeat_mod303_2022_main_export_config",15,"P02 - Régimen agrícola, ganadero y forestal (Omitido)","string",0,0,"left",1,"N",0," ","X",,,,,
"aeat_mod303_2022_main_export_line_16","aeat_mod303_2022_main_export_config",16,"P03 - Informacion adicional + resultado","subconfig",0,0,"left",1,"N",0," ","X",,,,,"aeat_mod303_2022_sub03_export_config"
"aeat_mod303_2022_main_export_line_17","aeat_mod303_2022_main_export_config",17,"P04 - Informacion adicional - Último periodo exonerados 390","subconfig",0,0,"left",1,"N",0," ","X",,,"object.period_type in ('4T', '12') and object.exonerated_390 == '1'",,"aeat_mod303_2022_sub04_export_config"
"aeat_mod303_2022_main_export_line_18","aeat_mod303_2022_main_export_config",18,"P05 - Prorratas y deducciones diferenciales (Omitido)","string",0,0,"left",1,"N",0," ","X",,,,,
"aeat_mod303_2022_main_export_line_19","aeat_mod303_2022_main_export_config",19,"Constante. </T3030+Ejercicio+periodo+0000>","string",18,0,"left",1,"N",0," ","X","</T3030${object.year}${object.period_type}0000>",,,,
