<?xml version="1.0" encoding="UTF-8" ?>
<odoo>
    <!--  SUB-123-01  -->
    <record id="aeat_mod123_sub01_export_config" model="aeat.model.export.config">
        <field name="name">Mod. 123 2016 - Página</field>
        <field name="model_number">123</field>
        <field name="active" eval="False" />
    </record>
    <record id="aeat_mod123_sub01_export_line_01" model="aeat.model.export.config.line">
        <field name="sequence">1</field>
        <field name="export_config_id" ref="aeat_mod123_sub01_export_config" />
        <field name="name">Constante: &lt;T</field>
        <field name="fixed_value">&lt;T</field>
        <field name="export_type">string</field>
        <field name="size">2</field>
        <field name="alignment">left</field>
    </record>
    <record id="aeat_mod123_sub01_export_line_02" model="aeat.model.export.config.line">
        <field name="sequence">2</field>
        <field name="export_config_id" ref="aeat_mod123_sub01_export_config" />
        <field name="name">Constante: 123</field>
        <field name="fixed_value">123</field>
        <field name="export_type">string</field>
        <field name="size">3</field>
        <field name="alignment">left</field>
    </record>
    <record id="aeat_mod123_sub01_export_line_03" model="aeat.model.export.config.line">
        <field name="sequence">3</field>
        <field name="export_config_id" ref="aeat_mod123_sub01_export_config" />
        <field name="name">Constante: 01</field>
        <field name="fixed_value">01</field>
        <field name="export_type">string</field>
        <field name="size">2</field>
        <field name="alignment">left</field>
    </record>
    <record id="aeat_mod123_sub01_export_line_04" model="aeat.model.export.config.line">
        <field name="sequence">4</field>
        <field name="export_config_id" ref="aeat_mod123_sub01_export_config" />
        <field name="name">Constante: 000&gt;</field>
        <field name="fixed_value">000&gt;</field>
        <field name="export_type">string</field>
        <field name="size">4</field>
        <field name="alignment">left</field>
    </record>
    <record id="aeat_mod123_sub01_export_line_05" model="aeat.model.export.config.line">
        <field name="sequence">5</field>
        <field name="export_config_id" ref="aeat_mod123_sub01_export_config" />
        <field name="name">Indicador de página complementaria: En blanco</field>
        <field name="fixed_value" />
        <field name="export_type">string</field>
        <field name="size">1</field>
        <field name="alignment">left</field>
    </record>
    <record id="aeat_mod123_sub01_export_line_06" model="aeat.model.export.config.line">
        <field name="sequence">6</field>
        <field name="export_config_id" ref="aeat_mod123_sub01_export_config" />
        <field name="name">Tipo de declaración</field>
        <field name="expression">${object.tipo_declaracion}</field>
        <field name="export_type">string</field>
        <field name="size">1</field>
        <field name="alignment">left</field>
    </record>
    <record id="aeat_mod123_sub01_export_line_07" model="aeat.model.export.config.line">
        <field name="sequence">7</field>
        <field name="export_config_id" ref="aeat_mod123_sub01_export_config" />
        <field name="name">Identificación: NIF</field>
        <field name="expression">${object.company_vat}</field>
        <field name="export_type">string</field>
        <field name="size">9</field>
        <field name="alignment">left</field>
    </record>
    <record id="aeat_mod123_sub01_export_line_08" model="aeat.model.export.config.line">
        <field name="sequence">8</field>
        <field name="export_config_id" ref="aeat_mod123_sub01_export_config" />
        <field name="name">Identificación: Denominación o Apellidos</field>
        <field name="expression">${object.company_id.name}</field>
        <field name="export_type">string</field>
        <field name="size">60</field>
        <field name="alignment">left</field>
    </record>
    <record id="aeat_mod123_sub01_export_line_09" model="aeat.model.export.config.line">
        <field name="sequence">9</field>
        <field name="export_config_id" ref="aeat_mod123_sub01_export_config" />
        <field name="name">Identificación: Nombre</field>
        <field
            name="expression"
        >${object.company_id.name if object.company_vat[0].isdigit() else ''}</field>
        <field name="export_type">string</field>
        <field name="size">20</field>
        <field name="alignment">left</field>
    </record>
    <record id="aeat_mod123_sub01_export_line_10" model="aeat.model.export.config.line">
        <field name="sequence">10</field>
        <field name="export_config_id" ref="aeat_mod123_sub01_export_config" />
        <field name="name">Identificación: Ejercicio</field>
        <field name="expression">${object.year}</field>
        <field name="export_type">string</field>
        <field name="size">4</field>
        <field name="alignment">left</field>
    </record>
    <record id="aeat_mod123_sub01_export_line_11" model="aeat.model.export.config.line">
        <field name="sequence">11</field>
        <field name="export_config_id" ref="aeat_mod123_sub01_export_config" />
        <field name="name">Identificación: Periodo</field>
        <field name="expression">${object.period_type}</field>
        <field name="export_type">string</field>
        <field name="size">2</field>
        <field name="alignment">left</field>
    </record>
    <record id="aeat_mod123_sub01_export_line_12" model="aeat.model.export.config.line">
        <field name="sequence">12</field>
        <field name="export_config_id" ref="aeat_mod123_sub01_export_config" />
        <field
            name="name"
        >Liquidación(3). Retenciones e ingresos a cuenta. Número perceptores [01]</field>
        <field name="expression">${object.casilla_01}</field>
        <field name="export_type">integer</field>
        <field name="size">15</field>
        <field name="alignment">right</field>
    </record>
    <record id="aeat_mod123_sub01_export_line_13" model="aeat.model.export.config.line">
        <field name="sequence">13</field>
        <field name="export_config_id" ref="aeat_mod123_sub01_export_config" />
        <field
            name="name"
        >Liquidación(3). Retenciones e ingresos a cuenta. Base retenciones e ingresos
            a cuenta [02]</field>
        <field name="expression">${object.casilla_02}</field>
        <field name="export_type">float</field>
        <field name="apply_sign" eval="True" />
        <field name="size">17</field>
        <field name="decimal_size">2</field>
        <field name="alignment">right</field>
    </record>
    <record id="aeat_mod123_sub01_export_line_14" model="aeat.model.export.config.line">
        <field name="sequence">14</field>
        <field name="export_config_id" ref="aeat_mod123_sub01_export_config" />
        <field
            name="name"
        >Liquidación(3). Retenciones e ingresos a cuenta. Retenciones e ingresos a
            cuenta, [03]</field>
        <field name="expression">${object.casilla_03}</field>
        <field name="export_type">float</field>
        <field name="apply_sign" eval="True" />
        <field name="size">17</field>
        <field name="decimal_size">2</field>
        <field name="alignment">right</field>
    </record>
    <record id="aeat_mod123_sub01_export_line_15" model="aeat.model.export.config.line">
        <field name="sequence">15</field>
        <field name="export_config_id" ref="aeat_mod123_sub01_export_config" />
        <field
            name="name"
        >Liquidación(3). Periodificación. Ingresos ejercicios anteriores. [04]</field>
        <field name="expression">${object.casilla_04}</field>
        <field name="export_type">float</field>
        <field name="apply_sign" eval="True" />
        <field name="size">17</field>
        <field name="decimal_size">2</field>
        <field name="alignment">right</field>
    </record>
    <record id="aeat_mod123_sub01_export_line_16" model="aeat.model.export.config.line">
        <field name="sequence">16</field>
        <field name="export_config_id" ref="aeat_mod123_sub01_export_config" />
        <field name="name">Liquidación(3). Periodificación. Regularización. [05]</field>
        <field name="expression">${object.casilla_05}</field>
        <field name="export_type">float</field>
        <field name="apply_sign" eval="True" />
        <field name="size">17</field>
        <field name="decimal_size">2</field>
        <field name="alignment">right</field>
    </record>
    <record id="aeat_mod123_sub01_export_line_17" model="aeat.model.export.config.line">
        <field name="sequence">17</field>
        <field name="export_config_id" ref="aeat_mod123_sub01_export_config" />
        <field
            name="name"
        >Liquidación(3). Total liquidación. Suma de retenciones e ingresos a cuenta y
            regularización. [03] + [05]</field>
        <field name="expression">${object.casilla_06}</field>
        <field name="export_type">float</field>
        <field name="apply_sign" eval="True" />
        <field name="size">17</field>
        <field name="decimal_size">2</field>
        <field name="alignment">right</field>
    </record>
    <record id="aeat_mod123_sub01_export_line_18" model="aeat.model.export.config.line">
        <field name="sequence">18</field>
        <field name="export_config_id" ref="aeat_mod123_sub01_export_config" />
        <field
            name="name"
        >Liquidación(3). Total liquidación. Resultado de anteriores declaraciones.
            [07]</field>
        <field name="expression">${object.casilla_07}</field>
        <field name="export_type">float</field>
        <field name="apply_sign" eval="True" />
        <field name="size">17</field>
        <field name="decimal_size">2</field>
        <field name="alignment">right</field>
    </record>
    <record id="aeat_mod123_sub01_export_line_19" model="aeat.model.export.config.line">
        <field name="sequence">19</field>
        <field name="export_config_id" ref="aeat_mod123_sub01_export_config" />
        <field
            name="name"
        >Liquidación(3). Total liquidación. Resultado a ingresar. [08]</field>
        <field name="expression">${object.casilla_08}</field>
        <field name="export_type">float</field>
        <field name="apply_sign" eval="True" />
        <field name="size">17</field>
        <field name="decimal_size">2</field>
        <field name="alignment">right</field>
    </record>
    <record id="aeat_mod123_sub01_export_line_20" model="aeat.model.export.config.line">
        <field name="sequence">20</field>
        <field name="export_config_id" ref="aeat_mod123_sub01_export_config" />
        <field name="name">Declaración complementaria</field>
        <field name="expression">${object.statement_type == 'C'}</field>
        <field name="export_type">boolean</field>
        <field name="size">1</field>
        <field name="bool_yes">X</field>
        <field name="bool_no"> </field>
        <field name="alignment">left</field>
    </record>
    <record id="aeat_mod123_sub01_export_line_21" model="aeat.model.export.config.line">
        <field name="sequence">21</field>
        <field name="export_config_id" ref="aeat_mod123_sub01_export_config" />
        <field name="name">Número de justificante de la declaración anterior</field>
        <field
            name="expression"
        >${object.previous_number if object.statement_type == 'C' else ''}</field>
        <field name="export_type">string</field>
        <field name="size">13</field>
        <field name="alignment">left</field>
    </record>
    <record id="aeat_mod123_sub01_export_line_22" model="aeat.model.export.config.line">
        <field name="sequence">22</field>
        <field name="export_config_id" ref="aeat_mod123_sub01_export_config" />
        <field name="name">Domiciliación IBAN</field>
        <!-- TODO: Allow to put IBAN -->
        <field name="fixed_value" />
        <field name="export_type">string</field>
        <field name="size">34</field>
        <field name="alignment">left</field>
    </record>
    <record id="aeat_mod123_sub01_export_line_23" model="aeat.model.export.config.line">
        <field name="sequence">23</field>
        <field name="export_config_id" ref="aeat_mod123_sub01_export_config" />
        <field name="name">Reservado AEAT</field>
        <field name="fixed_value" />
        <field name="export_type">string</field>
        <field name="size">185</field>
        <field name="alignment">left</field>
    </record>
    <record id="aeat_mod123_sub01_export_line_24" model="aeat.model.export.config.line">
        <field name="sequence">24</field>
        <field name="export_config_id" ref="aeat_mod123_sub01_export_config" />
        <field name="name">Reservado para la Administración. Sello electronico</field>
        <field name="fixed_value" />
        <field name="export_type">string</field>
        <field name="size">13</field>
        <field name="alignment">left</field>
    </record>
    <record id="aeat_mod123_sub01_export_line_25" model="aeat.model.export.config.line">
        <field name="sequence">25</field>
        <field name="export_config_id" ref="aeat_mod123_sub01_export_config" />
        <field name="name">Indicador de fin de registro</field>
        <field name="fixed_value">&lt;/T12301000&gt;</field>
        <field name="export_type">string</field>
        <field name="size">12</field>
        <field name="alignment">left</field>
    </record>
    <!--  MAIN-123  -->
    <record id="aeat_mod123_main_export_config" model="aeat.model.export.config">
        <field name="name">Mod. 123 2016-2023</field>
        <field name="date_start">2016-01-01</field>
        <field name="date_end">2023-12-31</field>
        <field name="model_number">123</field>
        <field name="model_id" ref="model_l10n_es_aeat_mod123_report" />
    </record>
    <record id="aeat_mod123_main_export_line_01" model="aeat.model.export.config.line">
        <field name="sequence">1</field>
        <field name="export_config_id" ref="aeat_mod123_main_export_config" />
        <field name="name">Constante: &lt;T</field>
        <field name="fixed_value">&lt;T</field>
        <field name="export_type">string</field>
        <field name="size">2</field>
        <field name="alignment">left</field>
    </record>
    <record id="aeat_mod123_main_export_line_02" model="aeat.model.export.config.line">
        <field name="sequence">2</field>
        <field name="export_config_id" ref="aeat_mod123_main_export_config" />
        <field name="name">Constante: 123</field>
        <field name="fixed_value">123</field>
        <field name="export_type">string</field>
        <field name="size">3</field>
        <field name="alignment">left</field>
    </record>
    <record id="aeat_mod123_main_export_line_03" model="aeat.model.export.config.line">
        <field name="sequence">3</field>
        <field name="export_config_id" ref="aeat_mod123_main_export_config" />
        <field name="name">Constante: 0</field>
        <field name="fixed_value">0</field>
        <field name="export_type">string</field>
        <field name="size">1</field>
        <field name="alignment">left</field>
    </record>
    <record id="aeat_mod123_main_export_line_04" model="aeat.model.export.config.line">
        <field name="sequence">4</field>
        <field name="export_config_id" ref="aeat_mod123_main_export_config" />
        <field name="name">Ejercicio devengo (AAAA)</field>
        <field name="expression">${object.year}</field>
        <field name="export_type">string</field>
        <field name="size">4</field>
        <field name="alignment">left</field>
    </record>
    <record id="aeat_mod123_main_export_line_05" model="aeat.model.export.config.line">
        <field name="sequence">5</field>
        <field name="export_config_id" ref="aeat_mod123_main_export_config" />
        <field name="name">Periodo (PP)</field>
        <field name="expression">${object.period_type}</field>
        <field name="export_type">string</field>
        <field name="size">2</field>
        <field name="alignment">left</field>
    </record>
    <record id="aeat_mod123_main_export_line_06" model="aeat.model.export.config.line">
        <field name="sequence">6</field>
        <field name="export_config_id" ref="aeat_mod123_main_export_config" />
        <field name="name">Constante: 0000&gt;</field>
        <field name="fixed_value">0000&gt;</field>
        <field name="export_type">string</field>
        <field name="size">5</field>
        <field name="alignment">left</field>
    </record>
    <record id="aeat_mod123_main_export_line_07" model="aeat.model.export.config.line">
        <field name="sequence">7</field>
        <field name="export_config_id" ref="aeat_mod123_main_export_config" />
        <field name="name">Constante: &lt;AUX&gt;</field>
        <field name="fixed_value">&lt;AUX&gt;</field>
        <field name="export_type">string</field>
        <field name="size">5</field>
        <field name="alignment">left</field>
    </record>
    <record id="aeat_mod123_main_export_line_08" model="aeat.model.export.config.line">
        <field name="sequence">8</field>
        <field name="export_config_id" ref="aeat_mod123_main_export_config" />
        <field
            name="name"
        >Reservado para la Administración: Rellenar con blancos</field>
        <field name="fixed_value" />
        <field name="export_type">string</field>
        <field name="size">70</field>
        <field name="alignment">left</field>
    </record>
    <record id="aeat_mod123_main_export_line_09" model="aeat.model.export.config.line">
        <field name="sequence">9</field>
        <field name="export_config_id" ref="aeat_mod123_main_export_config" />
        <field name="name">Versión del programa</field>
        <field name="fixed_value">odoo</field>
        <field name="export_type">string</field>
        <field name="size">4</field>
        <field name="alignment">left</field>
    </record>
    <record id="aeat_mod123_main_export_line_10" model="aeat.model.export.config.line">
        <field name="sequence">10</field>
        <field name="export_config_id" ref="aeat_mod123_main_export_config" />
        <field
            name="name"
        >Reservado para la Administración. Rellenar con blancos</field>
        <field name="fixed_value" />
        <field name="export_type">string</field>
        <field name="size">4</field>
        <field name="alignment">left</field>
    </record>
    <record id="aeat_mod123_main_export_line_11" model="aeat.model.export.config.line">
        <field name="sequence">11</field>
        <field name="export_config_id" ref="aeat_mod123_main_export_config" />
        <field name="name">NIF Empresa Desarrollo</field>
        <field name="fixed_value">G87846952</field>
        <field name="export_type">string</field>
        <field name="size">9</field>
        <field name="alignment">left</field>
    </record>
    <record id="aeat_mod123_main_export_line_12" model="aeat.model.export.config.line">
        <field name="sequence">12</field>
        <field name="export_config_id" ref="aeat_mod123_main_export_config" />
        <field
            name="name"
        >Reservado para la Administración. Rellenar con blancos</field>
        <field name="fixed_value" />
        <field name="export_type">string</field>
        <field name="size">213</field>
        <field name="alignment">left</field>
    </record>
    <record id="aeat_mod123_main_export_line_13" model="aeat.model.export.config.line">
        <field name="sequence">13</field>
        <field name="export_config_id" ref="aeat_mod123_main_export_config" />
        <field name="name">Constante: &lt;/AUX&gt;</field>
        <field name="fixed_value">&lt;/AUX&gt;</field>
        <field name="export_type">string</field>
        <field name="size">6</field>
        <field name="alignment">left</field>
    </record>
    <record id="aeat_mod123_main_export_line_14" model="aeat.model.export.config.line">
        <field name="sequence">14</field>
        <field name="export_config_id" ref="aeat_mod123_main_export_config" />
        <field name="name">Contenido del fichero [sub01]</field>
        <field name="conditional_expression">True</field>
        <field name="subconfig_id" ref="aeat_mod123_sub01_export_config" />
        <field name="export_type">subconfig</field>
    </record>
    <record id="aeat_mod123_main_export_line_15" model="aeat.model.export.config.line">
        <field name="sequence">15</field>
        <field name="export_config_id" ref="aeat_mod123_main_export_config" />
        <field name="name">Constante: &lt;/T1230+Ejercicio+periodo+0000&gt;</field>
        <field
            name="expression"
        >&lt;/T1230${object.year}${object.period_type}0000&gt;</field>
        <field name="export_type">string</field>
        <field name="size">18</field>
        <field name="alignment">left</field>
    </record>
    <record id="aeat_mod123_main_export_line_16" model="aeat.model.export.config.line">
        <field name="sequence">16</field>
        <field name="export_config_id" ref="aeat_mod123_main_export_config" />
        <field
            name="name"
        >Fin de Registro. Constante CRLF (Hexadecimal 0D0A, Decimal 1310)</field>
        <field name="expression">${"\r\n".encode("ascii")}</field>
        <field name="export_type">string</field>
        <field name="size">2</field>
        <field name="alignment">left</field>
    </record>
</odoo>
