<?xml version="1.0" encoding="UTF-8" ?>
<odoo>
    <record id="aeat_mod123_map" model="l10n.es.aeat.map.tax">
        <field name="model">123</field>
        <field name="date_to">2023-12-31</field>
    </record>
    <record id="aeat_mod123_map_line_02" model="l10n.es.aeat.map.tax.line">
        <field name="map_parent_id" ref="aeat_mod123_map" />
        <field name="field_number">02</field>
        <field name="name">Base retenciones</field>
        <field name="to_regularize" eval="True" />
        <field name="move_type">regular</field>
        <field name="field_type">base</field>
        <field name="sum_type">both</field>
        <field name="inverse" eval="True" />
        <field
            name="tax_ids"
            eval="[(4, ref('l10n_es.account_tax_template_p_rp19')), (4, ref('l10n_es.account_tax_template_p_rrD19')), (4, ref('l10n_es.account_tax_template_p_irpf24_rdc'))]"
        />
    </record>
    <record id="aeat_mod123_map_line_03" model="l10n.es.aeat.map.tax.line">
        <field name="map_parent_id" ref="aeat_mod123_map" />
        <field name="field_number">03</field>
        <field name="name">Retenciones</field>
        <field name="to_regularize" eval="True" />
        <field name="move_type">regular</field>
        <field name="field_type">amount</field>
        <field name="sum_type">credit</field>
        <field name="inverse" eval="False" />
        <field
            name="tax_ids"
            eval="[(4, ref('l10n_es.account_tax_template_p_rp19')), (4, ref('l10n_es.account_tax_template_p_rrD19')), (4, ref('l10n_es.account_tax_template_p_irpf24_rdc'))]"
        />
    </record>
</odoo>
