<?xml version="1.0" encoding="utf-8"?>
<odoo>

    <!-- Menu needed for enterprise -->

    <menuitem
            id="account_reports_es_statements_menu"
            name="Spanish Statements"
            parent="account.menu_finance_reports"
            sequence="3"
            groups="account.group_account_user"
    />

    <!-- Cuenta extra necesaria porque es campo requerido en el chart template -->

    <record model="account.account.template" id="common_transfer_account_id">
       <field name="name">Cuenta de transferencia inter-bancos</field>
       <field name="code">572999</field>
       <field name="user_type_id" ref="account.data_account_type_current_assets" />
       <field name="reconcile" eval="True" />
    </record>

    <!-- Plantillas de los planes contables -->

    <record id="account_chart_template_common" model="account.chart.template">
        <field name="name">PGCE común</field>
        <field name="visible" eval="0"/>
        <field name="currency_id" ref="base.EUR"/>
        <field name="cash_account_code_prefix">570</field>
        <field name="bank_account_code_prefix">572</field>
        <field name="transfer_account_id" ref="common_transfer_account_id"/>
    </record>

    <record id="account_chart_template_assoc" model="account.chart.template">
        <field name="name">PGCE entidades sin ánimo de lucro 2008</field>
        <field name="complete_tax_set" eval="True"/>
        <field name="currency_id" ref="base.EUR"/>
        <field name="cash_account_code_prefix">570</field>
        <field name="bank_account_code_prefix">572</field>
        <field name="transfer_account_id" ref="common_transfer_account_id"/>
        <field name="parent_id" ref="account_chart_template_common"/>
    </record>

    <record id="account_chart_template_pymes" model="account.chart.template">
        <field name="name">PGCE PYMEs 2008</field>
        <field name="complete_tax_set" eval="True"/>
        <field name="currency_id" ref="base.EUR"/>
        <field name="cash_account_code_prefix">570</field>
        <field name="bank_account_code_prefix">572</field>
        <field name="transfer_account_id" ref="common_transfer_account_id"/>
        <field name="parent_id" ref="account_chart_template_common"/>
    </record>

    <record id="account_chart_template_full" model="account.chart.template">
        <field name="name">PGCE completo 2008</field>
        <field name="complete_tax_set" eval="True"/>
        <field name="currency_id" ref="base.EUR"/>
        <field name="cash_account_code_prefix">570</field>
        <field name="bank_account_code_prefix">572</field>
        <field name="transfer_account_id" ref="common_transfer_account_id"/>
        <field name="parent_id" ref="account_chart_template_common"/>
    </record>

    <!-- Asignación del plan para la cuenta extra -->

    <record id="common_transfer_account_id" model="account.account.template">
        <field name="chart_template_id" ref="account_chart_template_common"/>
    </record>

</odoo>
