<?xml version="1.0" encoding="utf-8"?>
<!-- © 2013-2016 Pedro M. Baeza
     License AGPL-3.0 or later (http://www.gnu.org/licenses/agpl). -->
<odoo>

    <!--Cuentas que sólo están en el PGC completo:
            (111), (1110), (1111), (1143), (115), (133), (134), (1340), (1341),
                (135), (136), (140), (146), (147), (1765), (1768), (178), (189);
            (204), (2550), (2553), (257);
            (466);
            (501), (5091), (5296), (5297), (553), (5530), (5531), (5532),
                (5533), (5593), (5598), (569), (58), (580), (581), (582),
                (583), (584), (585), (586), (587), (588), (589),
                (599), (5990), (5991), (5992), (5993), (5994);
            (643), (644), (645), (644), (6440), (6442), (645), (6450), (6457),
                (6630), (6631), (6632), (6633);
            (7630), (7631), (7632), (7633), (767), (774), (7950), (7956), (7957);
            (8);
            (9);

        Cuentas que tienen un nombre distinto en el plan de asociaciones:
            (100), (103), (104), (1040), (1044), (12), (130);
            (240), (249);
            (490);
            (65), (671), (691), (694);
            (791), (794);    -->

    <record id="pgc_full_100_child" model="account.account.template">
        <field name="code">100</field>
        <field name="reconcile" eval="False"/>
        <field name="name">Capital social</field>
        <field name="user_type_id" ref="account.data_account_type_non_current_liabilities"/>
        <field name="chart_template_id" ref="account_chart_template_full"/>
    </record>
    <record id="pgc_full_1030_child" model="account.account.template">
        <field name="code">1030</field>
        <field name="reconcile" eval="False"/>
        <field name="name">Socios por desembolsos no exigidos, capital social</field>
        <field name="user_type_id" ref="account.data_account_type_non_current_liabilities"/>
        <field name="chart_template_id" ref="account_chart_template_full"/>
    </record>
    <record id="pgc_full_1034_child" model="account.account.template">
        <field name="code">1034</field>
        <field name="reconcile" eval="False"/>
        <field name="name">Socios por desembolsos no exigidos, capital pendiente de inscripción</field>
        <field name="user_type_id" ref="account.data_account_type_non_current_liabilities"/>
        <field name="chart_template_id" ref="account_chart_template_full"/>
    </record>
    <record id="pgc_full_1040_child" model="account.account.template">
        <field name="code">1040</field>
        <field name="reconcile" eval="False"/>
        <field name="name">Socios por aportaciones no dinerarias pendientes, capital social</field>
        <field name="user_type_id" ref="account.data_account_type_non_current_liabilities"/>
        <field name="chart_template_id" ref="account_chart_template_full"/>
    </record>
    <record id="pgc_full_1044_child" model="account.account.template">
        <field name="code">1044</field>
        <field name="reconcile" eval="False"/>
        <field name="name">Socios por aportaciones no dinerarias pendientes, capital pendiente de inscripción</field>
        <field name="user_type_id" ref="account.data_account_type_non_current_liabilities"/>
        <field name="chart_template_id" ref="account_chart_template_full"/>
    </record>
    <record id="pgc_full_1110_child" model="account.account.template">
        <field name="code">1110</field>
        <field name="reconcile" eval="False"/>
        <field name="name">Patrimonio neto por emision de instrumentos financieros compuestos</field>
        <field name="user_type_id" ref="account_type_capital"/>
        <field name="chart_template_id" ref="account_chart_template_full"/>
    </record>
    <record id="pgc_full_1111_child" model="account.account.template">
        <field name="code">111100</field>
        <field name="reconcile" eval="False"/>
        <field name="name">Resto de instrumentos de patrimonio neto</field>
        <field name="user_type_id" ref="account_type_capital"/>
        <field name="chart_template_id" ref="account_chart_template_full"/>
    </record>
    <record id="pgc_full_1143_child" model="account.account.template">
        <field name="code">1143</field>
        <field name="reconcile" eval="False"/>
        <field name="name">Reserva por fondo de comercio</field>
        <field name="user_type_id" ref="account_type_capital"/>
        <field name="chart_template_id" ref="account_chart_template_full"/>
    </record>
    <record id="pgc_full_115_child" model="account.account.template">
        <field name="code">115</field>
        <field name="reconcile" eval="False"/>
        <field name="name">Reservas por pérdidas y ganancias actuariales y otros ajustes</field>
        <field name="user_type_id" ref="account_type_capital"/>
        <field name="chart_template_id" ref="account_chart_template_full"/>
    </record>
    <record id="pgc_full_120_child" model="account.account.template">
        <field name="code">120</field>
        <field name="reconcile" eval="False"/>
        <field name="name">Remanente</field>
        <field name="user_type_id" ref="account.data_account_type_non_current_liabilities"/>
        <field name="chart_template_id" ref="account_chart_template_full"/>
    </record>
    <record id="pgc_full_121_child" model="account.account.template">
        <field name="code">121</field>
        <field name="reconcile" eval="False"/>
        <field name="name">Resultados negativos de ejercicios anteriores</field>
        <field name="user_type_id" ref="account.data_account_type_non_current_liabilities"/>
        <field name="chart_template_id" ref="account_chart_template_full"/>
    </record>
    <record id="pgc_full_129_child" model="account.account.template">
        <field name="code">129</field>
        <field name="reconcile" eval="False"/>
        <field name="name">Resultado del ejercicio</field>
        <field name="user_type_id" ref="account.data_unaffected_earnings"/>
        <field name="chart_template_id" ref="account_chart_template_full"/>
    </record>
    <record id="pgc_full_130_child" model="account.account.template">
        <field name="code">130</field>
        <field name="reconcile" eval="False"/>
        <field name="name">Subvenciones oficiales de capital</field>
        <field name="user_type_id" ref="account.data_account_type_non_current_liabilities"/>
        <field name="chart_template_id" ref="account_chart_template_full"/>
    </record>
    <record id="pgc_full_132_child" model="account.account.template">
        <field name="code">132</field>
        <field name="reconcile" eval="False"/>
        <field name="name">Otras subvenciones, donaciones y legados</field>
        <field name="user_type_id" ref="account.data_account_type_non_current_liabilities"/>
        <field name="chart_template_id" ref="account_chart_template_full"/>
    </record>
    <record id="pgc_full_133_child" model="account.account.template">
        <field name="code">133</field>
        <field name="reconcile" eval="False"/>
        <field name="name">Ajustes por valoración en activos financieros disponibles para la venta</field>
        <field name="user_type_id" ref="account_type_capital"/>
        <field name="chart_template_id" ref="account_chart_template_full"/>
    </record>
    <record id="pgc_full_1340_child" model="account.account.template">
        <field name="code">1340</field>
        <field name="reconcile" eval="False"/>
        <field name="name">Cobertura de flujos de efectivo</field>
        <field name="user_type_id" ref="account_type_capital"/>
        <field name="chart_template_id" ref="account_chart_template_full"/>
    </record>
    <record id="pgc_full_1341_child" model="account.account.template">
        <field name="code">1341</field>
        <field name="reconcile" eval="False"/>
        <field name="name">Cobertura de una inversión neta en un negocio en el extranjero</field>
        <field name="user_type_id" ref="account_type_capital"/>
        <field name="chart_template_id" ref="account_chart_template_full"/>
    </record>
    <record id="pgc_full_135_child" model="account.account.template">
        <field name="code">135</field>
        <field name="reconcile" eval="False"/>
        <field name="name">Diferencias de conversión</field>
        <field name="user_type_id" ref="account_type_capital"/>
        <field name="chart_template_id" ref="account_chart_template_full"/>
    </record>
    <record id="pgc_full_136_child" model="account.account.template">
        <field name="code">136</field>
        <field name="reconcile" eval="False"/>
        <field name="name">Ajustes por valoración de activos no corrientes y grupos enajenables de elementos, mantenidos para la venta</field>
        <field name="user_type_id" ref="account_type_capital"/>
        <field name="chart_template_id" ref="account_chart_template_full"/>
    </record>
    <record id="pgc_full_140_child" model="account.account.template">
        <field name="code">140</field>
        <field name="reconcile" eval="True"/>
        <field name="name">Provisión por retribuciones del personal</field>
        <field name="user_type_id" ref="account_type_capital"/>
        <field name="chart_template_id" ref="account_chart_template_full"/>
    </record>
    <record id="pgc_full_146_child" model="account.account.template">
        <field name="code">146</field>
        <field name="reconcile" eval="True"/>
        <field name="name">Provisión para reestructuraciones</field>
        <field name="user_type_id" ref="account_type_capital"/>
        <field name="chart_template_id" ref="account_chart_template_full"/>
    </record>
    <record id="pgc_full_147_child" model="account.account.template">
        <field name="code">147</field>
        <field name="reconcile" eval="True"/>
        <field name="name">Provisión por transacciones con pagos basados en instrumentos de patrimonio</field>
        <field name="user_type_id" ref="account_type_capital"/>
        <field name="chart_template_id" ref="account_chart_template_full"/>
    </record>
    <record id="pgc_full_1765_child" model="account.account.template">
        <field name="code">1765</field>
        <field name="reconcile" eval="True"/>
        <field name="name">Pasivos por derivados financieros, carter de negociación</field>
        <field name="user_type_id" ref="account_type_capital"/>
        <field name="chart_template_id" ref="account_chart_template_full"/>
    </record>
    <record id="pgc_full_1768_child" model="account.account.template">
        <field name="code">1768</field>
        <field name="reconcile" eval="True"/>
        <field name="name">Pasivos por derivados financieros, instrumentos de cobertura</field>
        <field name="user_type_id" ref="account_type_capital"/>
        <field name="chart_template_id" ref="account_chart_template_full"/>
    </record>
    <record id="pgc_full_178_child" model="account.account.template">
        <field name="code">178</field>
        <field name="reconcile" eval="False"/>
        <field name="name">Obligaciones y bonos convertibles</field>
        <field name="user_type_id" ref="account_type_capital"/>
        <field name="chart_template_id" ref="account_chart_template_full"/>
    </record>
    <record id="pgc_full_189_child" model="account.account.template">
        <field name="code">189</field>
        <field name="reconcile" eval="False"/>
        <field name="name">Garantías financieras</field>
        <field name="user_type_id" ref="account_type_capital"/>
        <field name="chart_template_id" ref="account_chart_template_full"/>
    </record>
    <record id="pgc_full_204_child" model="account.account.template">
        <field name="code">204</field>
        <field name="reconcile" eval="False"/>
        <field name="name">Fondo de comercio</field>
        <field name="user_type_id" ref="account.data_account_type_fixed_assets"/>
        <field name="chart_template_id" ref="account_chart_template_full"/>
    </record>
    <record id="pgc_full_2403_child" model="account.account.template">
        <field name="code">2403</field>
        <field name="reconcile" eval="False"/>
        <field name="name">Participaciones en empresas del grupo</field>
        <field name="user_type_id" ref="account.data_account_type_fixed_assets"/>
        <field name="chart_template_id" ref="account_chart_template_full"/>
    </record>
    <record id="pgc_full_2404_child" model="account.account.template">
        <field name="code">2404</field>
        <field name="reconcile" eval="False"/>
        <field name="name">Participaciones en empresas asociadas</field>
        <field name="user_type_id" ref="account.data_account_type_fixed_assets"/>
        <field name="chart_template_id" ref="account_chart_template_full"/>
    </record>
    <record id="pgc_full_2405_child" model="account.account.template">
        <field name="code">2405</field>
        <field name="reconcile" eval="False"/>
        <field name="name">Participaciones en otras partes vinculadas</field>
        <field name="user_type_id" ref="account.data_account_type_fixed_assets"/>
        <field name="chart_template_id" ref="account_chart_template_full"/>
    </record>
    <record id="pgc_full_2493_child" model="account.account.template">
        <field name="code">2493</field>
        <field name="reconcile" eval="False"/>
        <field name="name">Desembolsos pendientes sobre participaciones en empresas del grupo</field>
        <field name="user_type_id" ref="account.data_account_type_fixed_assets"/>
        <field name="chart_template_id" ref="account_chart_template_full"/>
    </record>
    <record id="pgc_full_2494_child" model="account.account.template">
        <field name="code">2494</field>
        <field name="reconcile" eval="False"/>
        <field name="name">Desembolsos pendientes sobre participaciones en empresas asociadas</field>
        <field name="user_type_id" ref="account.data_account_type_fixed_assets"/>
        <field name="chart_template_id" ref="account_chart_template_full"/>
    </record>
    <record id="pgc_full_2495_child" model="account.account.template">
        <field name="code">2495</field>
        <field name="reconcile" eval="False"/>
        <field name="name">Desembolsos pendientes sobre participaciones en otras partes vinculadas</field>
        <field name="user_type_id" ref="account.data_account_type_fixed_assets"/>
        <field name="chart_template_id" ref="account_chart_template_full"/>
    </record>
    <record id="pgc_full_2550_child" model="account.account.template">
        <field name="code">2550</field>
        <field name="reconcile" eval="False"/>
        <field name="name">Activos por derivados financieros, cartera de negociación</field>
        <field name="user_type_id" ref="account.data_account_type_fixed_assets"/>
        <field name="chart_template_id" ref="account_chart_template_full"/>
    </record>
    <record id="pgc_full_2553_child" model="account.account.template">
        <field name="code">2553</field>
        <field name="reconcile" eval="False"/>
        <field name="name">Activos por derivados financieros, instrumentos de cobertura</field>
        <field name="user_type_id" ref="account.data_account_type_fixed_assets"/>
        <field name="chart_template_id" ref="account_chart_template_full"/>
    </record>
    <record id="pgc_full_257_child" model="account.account.template">
        <field name="code">257</field>
        <field name="reconcile" eval="False"/>
        <field name="name">Derechos de reembolso derivados de contratos de seguro relativos a retribuciones al personal</field>
        <field name="user_type_id" ref="account.data_account_type_fixed_assets"/>
        <field name="chart_template_id" ref="account_chart_template_full"/>
    </record>
    <record id="pgc_full_466_child" model="account.account.template">
        <field name="code">466</field>
        <field name="reconcile" eval="True"/>
        <field name="name">Remuneraciones mediante sistemas de aportación definida pendientes de pago</field>
        <field name="user_type_id" ref="account.data_account_type_payable"/>
        <field name="chart_template_id" ref="account_chart_template_full"/>
    </record>
    <record id="pgc_full_490_child" model="account.account.template">
        <field name="code">490</field>
        <field name="reconcile" eval="False"/>
        <field name="name">Deterioro de valor de créditos por operaciones comerciales</field>
        <field name="user_type_id" ref="account_type_terceros"/>
        <field name="chart_template_id" ref="account_chart_template_full"/>
    </record>
    <record id="pgc_full_501_child" model="account.account.template">
        <field name="code">501</field>
        <field name="reconcile" eval="False"/>
        <field name="name">Obligaciones y bonos convertibles a corto plazo</field>
        <field name="user_type_id" ref="account_type_financieras"/>
        <field name="chart_template_id" ref="account_chart_template_full"/>
    </record>
    <record id="pgc_full_5091_child" model="account.account.template">
        <field name="code">5091</field>
        <field name="reconcile" eval="True"/>
        <field name="name">Obligaciones y bonos convertibles amortizados</field>
        <field name="user_type_id" ref="account_type_financieras"/>
        <field name="chart_template_id" ref="account_chart_template_full"/>
    </record>
    <record id="pgc_full_5296_child" model="account.account.template">
        <field name="code">5296</field>
        <field name="reconcile" eval="True"/>
        <field name="name">Provisión a corto plazo para reestructuraciones de patrimonio</field>
        <field name="user_type_id" ref="account_type_financieras"/>
        <field name="chart_template_id" ref="account_chart_template_full"/>
    </record>
    <record id="pgc_full_5297_child" model="account.account.template">
        <field name="code">5297</field>
        <field name="reconcile" eval="True"/>
        <field name="name">Provisión a corto plazo por transacciones con pagos basados en instrumentos</field>
        <field name="user_type_id" ref="account_type_financieras"/>
        <field name="chart_template_id" ref="account_chart_template_full"/>
    </record>
    <record id="pgc_full_551_child" model="account.account.template">
        <field name="code">551</field>
        <field name="reconcile" eval="False"/>
        <field name="name">Cuenta corriente con socios y administradores</field>
        <field name="user_type_id" ref="account_type_financieras"/>
        <field name="chart_template_id" ref="account_chart_template_full"/>
    </record>
    <record id="pgc_full_5530_child" model="account.account.template">
        <field name="code">5530</field>
        <field name="reconcile" eval="False"/>
        <field name="name">Socios de sociedad disuelta</field>
        <field name="user_type_id" ref="account_type_financieras"/>
        <field name="chart_template_id" ref="account_chart_template_full"/>
    </record>
    <record id="pgc_full_5531_child" model="account.account.template">
        <field name="code">5531</field>
        <field name="reconcile" eval="False"/>
        <field name="name">Socios, cuenta de fusión</field>
        <field name="user_type_id" ref="account_type_financieras"/>
        <field name="chart_template_id" ref="account_chart_template_full"/>
    </record>
    <record id="pgc_full_5532_child" model="account.account.template">
        <field name="code">5532</field>
        <field name="reconcile" eval="False"/>
        <field name="name">Socios de sociedad escindida</field>
        <field name="user_type_id" ref="account_type_financieras"/>
        <field name="chart_template_id" ref="account_chart_template_full"/>
    </record>
    <record id="pgc_full_5533_child" model="account.account.template">
        <field name="code">5533</field>
        <field name="reconcile" eval="False"/>
        <field name="name">Socios, cuenta de escisión</field>
        <field name="user_type_id" ref="account_type_financieras"/>
        <field name="chart_template_id" ref="account_chart_template_full"/>
    </record>
    <record id="pgc_full_5593_child" model="account.account.template">
        <field name="code">5593</field>
        <field name="reconcile" eval="False"/>
        <field name="name">Activos por derivados financieros a corto plazo, instrumentos de cobertura</field>
        <field name="user_type_id" ref="account_type_financieras"/>
        <field name="chart_template_id" ref="account_chart_template_full"/>
    </record>
    <record id="pgc_full_5598_child" model="account.account.template">
        <field name="code">5598</field>
        <field name="reconcile" eval="False"/>
        <field name="name">Pasivos por derivados financieros a corto plazo, instrumentos de cobertura</field>
        <field name="user_type_id" ref="account_type_financieras"/>
        <field name="chart_template_id" ref="account_chart_template_full"/>
    </record>
    <record id="pgc_full_569_child" model="account.account.template">
        <field name="code">569</field>
        <field name="reconcile" eval="False"/>
        <field name="name">Garantías financieras a corto plazo</field>
        <field name="user_type_id" ref="account_type_financieras"/>
        <field name="chart_template_id" ref="account_chart_template_full"/>
    </record>
    <record id="pgc_full_580_child" model="account.account.template">
        <field name="code">580</field>
        <field name="reconcile" eval="False"/>
        <field name="name">Inmovilizado</field>
        <field name="user_type_id" ref="account_type_financieras"/>
        <field name="chart_template_id" ref="account_chart_template_full"/>
    </record>
    <record id="pgc_full_581_child" model="account.account.template">
        <field name="code">581</field>
        <field name="reconcile" eval="False"/>
        <field name="name">Inversiones con personas y entidades vinculadas</field>
        <field name="user_type_id" ref="account_type_financieras"/>
        <field name="chart_template_id" ref="account_chart_template_full"/>
    </record>
    <record id="pgc_full_582_child" model="account.account.template">
        <field name="code">582</field>
        <field name="reconcile" eval="False"/>
        <field name="name">Inversiones financieras</field>
        <field name="user_type_id" ref="account_type_financieras"/>
        <field name="chart_template_id" ref="account_chart_template_full"/>
    </record>
    <record id="pgc_full_583_child" model="account.account.template">
        <field name="code">583</field>
        <field name="reconcile" eval="False"/>
        <field name="name">Existencias, deudores comerciales y otras cuentas a cobrar</field>
        <field name="user_type_id" ref="account_type_financieras"/>
        <field name="chart_template_id" ref="account_chart_template_full"/>
    </record>
    <record id="pgc_full_584_child" model="account.account.template">
        <field name="code">584</field>
        <field name="reconcile" eval="False"/>
        <field name="name">Otros activos</field>
        <field name="user_type_id" ref="account_type_financieras"/>
        <field name="chart_template_id" ref="account_chart_template_full"/>
    </record>
    <record id="pgc_full_585_child" model="account.account.template">
        <field name="code">585</field>
        <field name="reconcile" eval="False"/>
        <field name="name">Provisiones</field>
        <field name="user_type_id" ref="account_type_financieras"/>
        <field name="chart_template_id" ref="account_chart_template_full"/>
    </record>
    <record id="pgc_full_586_child" model="account.account.template">
        <field name="code">586</field>
        <field name="reconcile" eval="False"/>
        <field name="name">Deudas con características especiales</field>
        <field name="user_type_id" ref="account_type_financieras"/>
        <field name="chart_template_id" ref="account_chart_template_full"/>
    </record>
    <record id="pgc_full_587_child" model="account.account.template">
        <field name="code">587</field>
        <field name="reconcile" eval="False"/>
        <field name="name">Deudas con personas y entidades vinculadas</field>
        <field name="user_type_id" ref="account_type_financieras"/>
        <field name="chart_template_id" ref="account_chart_template_full"/>
    </record>
    <record id="pgc_full_588_child" model="account.account.template">
        <field name="code">588</field>
        <field name="reconcile" eval="False"/>
        <field name="name">Acreedores comerciales y otras cuentas a pagar</field>
        <field name="user_type_id" ref="account_type_financieras"/>
        <field name="chart_template_id" ref="account_chart_template_full"/>
    </record>
    <record id="pgc_full_589_child" model="account.account.template">
        <field name="code">589</field>
        <field name="reconcile" eval="False"/>
        <field name="name">Otros pasivos</field>
        <field name="user_type_id" ref="account_type_financieras"/>
        <field name="chart_template_id" ref="account_chart_template_full"/>
    </record>
    <record id="pgc_full_5990_child" model="account.account.template">
        <field name="code">5990</field>
        <field name="reconcile" eval="False"/>
        <field name="name">Deterioro de valor de inmovilizado no corriente mantenido para la venta</field>
        <field name="user_type_id" ref="account_type_financieras"/>
        <field name="chart_template_id" ref="account_chart_template_full"/>
    </record>
    <record id="pgc_full_5991_child" model="account.account.template">
        <field name="code">5991</field>
        <field name="reconcile" eval="False"/>
        <field name="name">Deterioro de valor de inversiones y entidades vinculadas no corrientes mantenidas para la venta</field>
        <field name="user_type_id" ref="account_type_financieras"/>
        <field name="chart_template_id" ref="account_chart_template_full"/>
    </record>
    <record id="pgc_full_5992_child" model="account.account.template">
        <field name="code">5992</field>
        <field name="reconcile" eval="False"/>
        <field name="name">Deterioro de valor de inversiones financieras no corrientes mantenidas para la venta</field>
        <field name="user_type_id" ref="account_type_financieras"/>
        <field name="chart_template_id" ref="account_chart_template_full"/>
    </record>
    <record id="pgc_full_5993_child" model="account.account.template">
        <field name="code">5993</field>
        <field name="reconcile" eval="False"/>
        <field name="name">Deterioro de valor de existencias, deudores comerciales y otras cuentas a cobrar integrados en un grupo enajenable mantenido para la venta</field>
        <field name="user_type_id" ref="account_type_financieras"/>
        <field name="chart_template_id" ref="account_chart_template_full"/>
    </record>
    <record id="pgc_full_5994_child" model="account.account.template">
        <field name="code">5994</field>
        <field name="reconcile" eval="False"/>
        <field name="name">Deterioro de valor de otros activos mantenidos para la venta</field>
        <field name="user_type_id" ref="account_type_financieras"/>
        <field name="chart_template_id" ref="account_chart_template_full"/>
    </record>
    <record id="pgc_full_643_child" model="account.account.template">
        <field name="code">643</field>
        <field name="reconcile" eval="False"/>
        <field name="name">Retribuciones mediante sistemas de aportación definida</field>
        <field name="user_type_id" ref="account.data_account_type_expenses"/>
        <field name="chart_template_id" ref="account_chart_template_full"/>
    </record>
    <record id="pgc_full_6440_child" model="account.account.template">
        <field name="code">6440</field>
        <field name="reconcile" eval="False"/>
        <field name="name">Contribuciones anuales</field>
        <field name="user_type_id" ref="account.data_account_type_expenses"/>
        <field name="chart_template_id" ref="account_chart_template_full"/>
    </record>
    <record id="pgc_full_6442_child" model="account.account.template">
        <field name="code">6442</field>
        <field name="reconcile" eval="False"/>
        <field name="name">Otros costes</field>
        <field name="user_type_id" ref="account.data_account_type_expenses"/>
        <field name="chart_template_id" ref="account_chart_template_full"/>
    </record>
    <record id="pgc_full_6450_child" model="account.account.template">
        <field name="code">6450</field>
        <field name="reconcile" eval="False"/>
        <field name="name">Retribuciones al personal liquidados con instrumentos de patrimonio</field>
        <field name="user_type_id" ref="account.data_account_type_expenses"/>
        <field name="chart_template_id" ref="account_chart_template_full"/>
    </record>
    <record id="pgc_full_6457_child" model="account.account.template">
        <field name="code">6457</field>
        <field name="reconcile" eval="False"/>
        <field name="name">Retribuciones al personal liquidados en efectivo basado en instrumentos de patrimonio</field>
        <field name="user_type_id" ref="account.data_account_type_expenses"/>
        <field name="chart_template_id" ref="account_chart_template_full"/>
    </record>
    <record id="pgc_full_650_child" model="account.account.template">
        <field name="code">650</field>
        <field name="reconcile" eval="False"/>
        <field name="name">Pérdidas de créditos comerciales incobrables</field>
        <field name="user_type_id" ref="account.data_account_type_expenses"/>
        <field name="chart_template_id" ref="account_chart_template_full"/>
    </record>
    <record id="pgc_full_6510_child" model="account.account.template">
        <field name="code">6510</field>
        <field name="reconcile" eval="False"/>
        <field name="name">Beneficio transferido (gestor)</field>
        <field name="user_type_id" ref="account.data_account_type_expenses"/>
        <field name="chart_template_id" ref="account_chart_template_full"/>
    </record>
    <record id="pgc_full_6511_child" model="account.account.template">
        <field name="code">6511</field>
        <field name="reconcile" eval="False"/>
        <field name="name">Pérdida soportada (partícipe o asociado no gestor)</field>
        <field name="user_type_id" ref="account.data_account_type_expenses"/>
        <field name="chart_template_id" ref="account_chart_template_full"/>
    </record>
    <record id="pgc_full_659_child" model="account.account.template">
        <field name="code">659</field>
        <field name="reconcile" eval="False"/>
        <field name="name">Otras pérdidas en gestión corriente</field>
        <field name="user_type_id" ref="account.data_account_type_expenses"/>
        <field name="chart_template_id" ref="account_chart_template_full"/>
    </record>
    <record id="pgc_full_6630_child" model="account.account.template">
        <field name="code">6630</field>
        <field name="reconcile" eval="False"/>
        <field name="name">Pérdidas de cartera de negociación</field>
        <field name="user_type_id" ref="account.data_account_type_expenses"/>
        <field name="chart_template_id" ref="account_chart_template_full"/>
    </record>
    <record id="pgc_full_6631_child" model="account.account.template">
        <field name="code">6631</field>
        <field name="reconcile" eval="False"/>
        <field name="name">Pérdidas de designados por la empresa</field>
        <field name="user_type_id" ref="account.data_account_type_expenses"/>
        <field name="chart_template_id" ref="account_chart_template_full"/>
    </record>
    <record id="pgc_full_6632_child" model="account.account.template">
        <field name="code">6632</field>
        <field name="reconcile" eval="False"/>
        <field name="name">Pérdidas de disponibles para la venta</field>
        <field name="user_type_id" ref="account.data_account_type_expenses"/>
        <field name="chart_template_id" ref="account_chart_template_full"/>
    </record>
    <record id="pgc_full_6633_child" model="account.account.template">
        <field name="code">6633</field>
        <field name="reconcile" eval="False"/>
        <field name="name">Pérdidas de instrumentos de cobertura</field>
        <field name="user_type_id" ref="account.data_account_type_expenses"/>
        <field name="chart_template_id" ref="account_chart_template_full"/>
    </record>
    <record id="pgc_full_671_child" model="account.account.template">
        <field name="code">671</field>
        <field name="reconcile" eval="False"/>
        <field name="name">Pérdidas procedentes del inmovilizado material</field>
        <field name="user_type_id" ref="account.data_account_type_expenses"/>
        <field name="chart_template_id" ref="account_chart_template_full"/>
    </record>
    <record id="pgc_full_691_child" model="account.account.template">
        <field name="code">691</field>
        <field name="reconcile" eval="False"/>
        <field name="name">Pérdidas por deterioro del inmovilizado material</field>
        <field name="user_type_id" ref="account.data_account_type_expenses"/>
        <field name="chart_template_id" ref="account_chart_template_full"/>
    </record>
    <record id="pgc_full_694_child" model="account.account.template">
        <field name="code">694</field>
        <field name="reconcile" eval="False"/>
        <field name="name">Pérdidas por deterioro de créditos por operaciones comerciales</field>
        <field name="user_type_id" ref="account.data_account_type_expenses"/>
        <field name="chart_template_id" ref="account_chart_template_full"/>
    </record>
    <record id="pgc_full_7630_child" model="account.account.template">
        <field name="code">7630</field>
        <field name="reconcile" eval="False"/>
        <field name="name">Beneficios de cartera de negociación</field>
        <field name="user_type_id" ref="account.data_account_type_revenue"/>
        <field name="chart_template_id" ref="account_chart_template_full"/>
    </record>
    <record id="pgc_full_7631_child" model="account.account.template">
        <field name="code">7631</field>
        <field name="reconcile" eval="False"/>
        <field name="name">Beneficios de designados por la empresa</field>
        <field name="user_type_id" ref="account.data_account_type_revenue"/>
        <field name="chart_template_id" ref="account_chart_template_full"/>
    </record>
    <record id="pgc_full_7632_child" model="account.account.template">
        <field name="code">7632</field>
        <field name="reconcile" eval="False"/>
        <field name="name">Beneficios de disponibles para la venta</field>
        <field name="user_type_id" ref="account.data_account_type_revenue"/>
        <field name="chart_template_id" ref="account_chart_template_full"/>
    </record>
    <record id="pgc_full_7633_child" model="account.account.template">
        <field name="code">7633</field>
        <field name="reconcile" eval="False"/>
        <field name="name">Beneficios de instrumentos de cobertura</field>
        <field name="user_type_id" ref="account.data_account_type_revenue"/>
        <field name="chart_template_id" ref="account_chart_template_full"/>
    </record>
    <record id="pgc_full_767_child" model="account.account.template">
        <field name="code">767</field>
        <field name="reconcile" eval="False"/>
        <field name="name">Ingresos de activos afectos y de derechos de reembolso relativos a retribuciones a largo plazo</field>
        <field name="user_type_id" ref="account.data_account_type_revenue"/>
        <field name="chart_template_id" ref="account_chart_template_full"/>
    </record>
    <record id="pgc_full_774_child" model="account.account.template">
        <field name="code">774</field>
        <field name="reconcile" eval="False"/>
        <field name="name">Diferencia negativa en combinaciones de negocios</field>
        <field name="user_type_id" ref="account.data_account_type_revenue"/>
        <field name="chart_template_id" ref="account_chart_template_full"/>
    </record>
    <record id="pgc_full_791_child" model="account.account.template">
        <field name="code">791</field>
        <field name="reconcile" eval="False"/>
        <field name="name">Reversión del deterioro del inmovilizado material</field>
        <field name="user_type_id" ref="account.data_account_type_revenue"/>
        <field name="chart_template_id" ref="account_chart_template_full"/>
    </record>
    <record id="pgc_full_794_child" model="account.account.template">
        <field name="code">794</field>
        <field name="reconcile" eval="False"/>
        <field name="name">Reversión del deterioro de créditos por operaciones comerciales</field>
        <field name="user_type_id" ref="account.data_account_type_revenue"/>
        <field name="chart_template_id" ref="account_chart_template_full"/>
    </record>
    <record id="pgc_full_7950_child" model="account.account.template">
        <field name="code">7950</field>
        <field name="reconcile" eval="False"/>
        <field name="name">Exceso de provisión por retribuciones al personal</field>
        <field name="user_type_id" ref="account.data_account_type_revenue"/>
        <field name="chart_template_id" ref="account_chart_template_full"/>
    </record>
    <record id="pgc_full_7956_child" model="account.account.template">
        <field name="code">7956</field>
        <field name="reconcile" eval="False"/>
        <field name="name">Exceso de provisión para reestructuraciones</field>
        <field name="user_type_id" ref="account.data_account_type_revenue"/>
        <field name="chart_template_id" ref="account_chart_template_full"/>
    </record>
    <record id="pgc_full_7957_child" model="account.account.template">
        <field name="code">7957</field>
        <field name="reconcile" eval="False"/>
        <field name="name">Exceso de provisión por transacciones con pagos basados en instrumentos de patrimonio</field>
        <field name="user_type_id" ref="account.data_account_type_revenue"/>
        <field name="chart_template_id" ref="account_chart_template_full"/>
    </record>
    <record id="pgc_full_800_child" model="account.account.template">
        <field name="code">800</field>
        <field name="reconcile" eval="False"/>
        <field name="name">Pérdidas en activos financieros disponibles para la venta</field>
        <field name="user_type_id" ref="account_type_gastos_neto"/>
        <field name="chart_template_id" ref="account_chart_template_full"/>
    </record>
    <record id="pgc_full_802_child" model="account.account.template">
        <field name="code">802</field>
        <field name="reconcile" eval="False"/>
        <field name="name">Transferencia de beneficios en activos financieros disponibles para la venta</field>
        <field name="user_type_id" ref="account_type_gastos_neto"/>
        <field name="chart_template_id" ref="account_chart_template_full"/>
    </record>
    <record id="pgc_full_810_child" model="account.account.template">
        <field name="code">810</field>
        <field name="reconcile" eval="False"/>
        <field name="name">Pérdidas por coberturas de flujos de efectivo</field>
        <field name="user_type_id" ref="account_type_gastos_neto"/>
        <field name="chart_template_id" ref="account_chart_template_full"/>
    </record>
    <record id="pgc_full_811_child" model="account.account.template">
        <field name="code">811</field>
        <field name="reconcile" eval="False"/>
        <field name="name">Pérdidas por coberturas de inversiones netas en un negocio en el extranjero</field>
        <field name="user_type_id" ref="account_type_gastos_neto"/>
        <field name="chart_template_id" ref="account_chart_template_full"/>
    </record>
    <record id="pgc_full_812_child" model="account.account.template">
        <field name="code">812</field>
        <field name="reconcile" eval="False"/>
        <field name="name">Transferencia de beneficios por coberturas de flujos de efectivo</field>
        <field name="user_type_id" ref="account_type_gastos_neto"/>
        <field name="chart_template_id" ref="account_chart_template_full"/>
    </record>
    <record id="pgc_full_813_child" model="account.account.template">
        <field name="code">813</field>
        <field name="reconcile" eval="False"/>
        <field name="name">Transferencia de beneficios por coberturas de inversiones netas en un negocio en el extranjero</field>
        <field name="user_type_id" ref="account_type_gastos_neto"/>
        <field name="chart_template_id" ref="account_chart_template_full"/>
    </record>
    <record id="pgc_full_820_child" model="account.account.template">
        <field name="code">820</field>
        <field name="reconcile" eval="False"/>
        <field name="name">Diferencias de conversión negativas</field>
        <field name="user_type_id" ref="account_type_gastos_neto"/>
        <field name="chart_template_id" ref="account_chart_template_full"/>
    </record>
    <record id="pgc_full_821_child" model="account.account.template">
        <field name="code">821</field>
        <field name="reconcile" eval="False"/>
        <field name="name">Transferencia de diferencias de conversión positivas</field>
        <field name="user_type_id" ref="account_type_gastos_neto"/>
        <field name="chart_template_id" ref="account_chart_template_full"/>
    </record>
    <record id="pgc_full_8300_child" model="account.account.template">
        <field name="code">8300</field>
        <field name="reconcile" eval="False"/>
        <field name="name">Impuesto corriente</field>
        <field name="user_type_id" ref="account_type_gastos_neto"/>
        <field name="chart_template_id" ref="account_chart_template_full"/>
    </record>
    <record id="pgc_full_8301_child" model="account.account.template">
        <field name="code">8301</field>
        <field name="reconcile" eval="False"/>
        <field name="name">Impuesto diferido</field>
        <field name="user_type_id" ref="account_type_gastos_neto"/>
        <field name="chart_template_id" ref="account_chart_template_full"/>
    </record>
    <record id="pgc_full_833_child" model="account.account.template">
        <field name="code">833</field>
        <field name="reconcile" eval="False"/>
        <field name="name">Ajustes negativos en la imposición sobre beneficios</field>
        <field name="user_type_id" ref="account_type_gastos_neto"/>
        <field name="chart_template_id" ref="account_chart_template_full"/>
    </record>
    <record id="pgc_full_834_child" model="account.account.template">
        <field name="code">834</field>
        <field name="reconcile" eval="False"/>
        <field name="name">Ingresos fiscales por diferencias permanentes</field>
        <field name="user_type_id" ref="account_type_gastos_neto"/>
        <field name="chart_template_id" ref="account_chart_template_full"/>
    </record>
    <record id="pgc_full_835_child" model="account.account.template">
        <field name="code">835</field>
        <field name="reconcile" eval="False"/>
        <field name="name">Ingresos fiscales por deducciones y bonificaciones</field>
        <field name="user_type_id" ref="account_type_gastos_neto"/>
        <field name="chart_template_id" ref="account_chart_template_full"/>
    </record>
    <record id="pgc_full_836_child" model="account.account.template">
        <field name="code">836</field>
        <field name="reconcile" eval="False"/>
        <field name="name">Transferencia de diferencias permanentes</field>
        <field name="user_type_id" ref="account_type_gastos_neto"/>
        <field name="chart_template_id" ref="account_chart_template_full"/>
    </record>
    <record id="pgc_full_837_child" model="account.account.template">
        <field name="code">837</field>
        <field name="reconcile" eval="False"/>
        <field name="name">Transferencia de deducciones y bonificaciones</field>
        <field name="user_type_id" ref="account_type_gastos_neto"/>
        <field name="chart_template_id" ref="account_chart_template_full"/>
    </record>
    <record id="pgc_full_838_child" model="account.account.template">
        <field name="code">838</field>
        <field name="reconcile" eval="False"/>
        <field name="name">Ajustes positivos en la imposición sobre beneficios</field>
        <field name="user_type_id" ref="account_type_gastos_neto"/>
        <field name="chart_template_id" ref="account_chart_template_full"/>
    </record>
    <record id="pgc_full_840_child" model="account.account.template">
        <field name="code">840</field>
        <field name="reconcile" eval="False"/>
        <field name="name">Transferencia de subvenciones oficiales de capital</field>
        <field name="user_type_id" ref="account_type_gastos_neto"/>
        <field name="chart_template_id" ref="account_chart_template_full"/>
    </record>
    <record id="pgc_full_841_child" model="account.account.template">
        <field name="code">841</field>
        <field name="reconcile" eval="False"/>
        <field name="name">Transferencia de donaciones y legados de capital</field>
        <field name="user_type_id" ref="account_type_gastos_neto"/>
        <field name="chart_template_id" ref="account_chart_template_full"/>
    </record>
    <record id="pgc_full_842_child" model="account.account.template">
        <field name="code">842</field>
        <field name="reconcile" eval="False"/>
        <field name="name">Transferencia de otras subvenciones, donaciones y legados</field>
        <field name="user_type_id" ref="account_type_gastos_neto"/>
        <field name="chart_template_id" ref="account_chart_template_full"/>
    </record>
    <record id="pgc_full_850_child" model="account.account.template">
        <field name="code">850</field>
        <field name="reconcile" eval="False"/>
        <field name="name">Pérdidas actuariales</field>
        <field name="user_type_id" ref="account_type_gastos_neto"/>
        <field name="chart_template_id" ref="account_chart_template_full"/>
    </record>
    <record id="pgc_full_851_child" model="account.account.template">
        <field name="code">851</field>
        <field name="reconcile" eval="False"/>
        <field name="name">Ajustes negativos en activos por retribuciones a largo plazo de prestación definida</field>
        <field name="user_type_id" ref="account_type_gastos_neto"/>
        <field name="chart_template_id" ref="account_chart_template_full"/>
    </record>
    <record id="pgc_full_860_child" model="account.account.template">
        <field name="code">860</field>
        <field name="reconcile" eval="False"/>
        <field name="name">Pérdidas en activos no corrientes y grupos enajenables de elementos mantenidos para la venta</field>
        <field name="user_type_id" ref="account_type_gastos_neto"/>
        <field name="chart_template_id" ref="account_chart_template_full"/>
    </record>
    <record id="pgc_full_862_child" model="account.account.template">
        <field name="code">862</field>
        <field name="reconcile" eval="False"/>
        <field name="name">Transferencia de beneficios en activos no corrientes y grupos enajenables de elementos mantenidos para la venta</field>
        <field name="user_type_id" ref="account_type_gastos_neto"/>
        <field name="chart_template_id" ref="account_chart_template_full"/>
    </record>
    <record id="pgc_full_891_child" model="account.account.template">
        <field name="code">891</field>
        <field name="reconcile" eval="False"/>
        <field name="name">Deterioro de participaciones en el patrimonio, empresas del grupo</field>
        <field name="user_type_id" ref="account_type_gastos_neto"/>
        <field name="chart_template_id" ref="account_chart_template_full"/>
    </record>
    <record id="pgc_full_892_child" model="account.account.template">
        <field name="code">892</field>
        <field name="reconcile" eval="False"/>
        <field name="name">Deterioro de participaciones en el patrimonio, empresas asociadas</field>
        <field name="user_type_id" ref="account_type_gastos_neto"/>
        <field name="chart_template_id" ref="account_chart_template_full"/>
    </record>
    <record id="pgc_full_900_child" model="account.account.template">
        <field name="code">900</field>
        <field name="reconcile" eval="False"/>
        <field name="name">Beneficios en activos financieros disponibles para la venta</field>
        <field name="user_type_id" ref="account_type_ingresos_neto"/>
        <field name="chart_template_id" ref="account_chart_template_full"/>
    </record>
    <record id="pgc_full_902_child" model="account.account.template">
        <field name="code">902</field>
        <field name="reconcile" eval="False"/>
        <field name="name">Transferencia de pérdidas en activos financieros disponibles para la venta</field>
        <field name="user_type_id" ref="account_type_ingresos_neto"/>
        <field name="chart_template_id" ref="account_chart_template_full"/>
    </record>
    <record id="pgc_full_910_child" model="account.account.template">
        <field name="code">910</field>
        <field name="reconcile" eval="False"/>
        <field name="name">Beneficios por coberturas de flujos de efectivo</field>
        <field name="user_type_id" ref="account_type_ingresos_neto"/>
        <field name="chart_template_id" ref="account_chart_template_full"/>
    </record>
    <record id="pgc_full_911_child" model="account.account.template">
        <field name="code">911</field>
        <field name="reconcile" eval="False"/>
        <field name="name">Beneficios por coberturas de inversiones netas en un negocio en el extranjero</field>
        <field name="user_type_id" ref="account_type_ingresos_neto"/>
        <field name="chart_template_id" ref="account_chart_template_full"/>
    </record>
    <record id="pgc_full_912_child" model="account.account.template">
        <field name="code">912</field>
        <field name="reconcile" eval="False"/>
        <field name="name">Transferencia de pérdidas por coberturas de flujos de efectivo</field>
        <field name="user_type_id" ref="account_type_ingresos_neto"/>
        <field name="chart_template_id" ref="account_chart_template_full"/>
    </record>
    <record id="pgc_full_913_child" model="account.account.template">
        <field name="code">913</field>
        <field name="reconcile" eval="False"/>
        <field name="name">Transferencia de pérdidas por coberturas de inversiones netas en un negocio en el extranjero</field>
        <field name="user_type_id" ref="account_type_ingresos_neto"/>
        <field name="chart_template_id" ref="account_chart_template_full"/>
    </record>
    <record id="pgc_full_920_child" model="account.account.template">
        <field name="code">920</field>
        <field name="reconcile" eval="False"/>
        <field name="name">Diferencias de conversión positivas</field>
        <field name="user_type_id" ref="account_type_ingresos_neto"/>
        <field name="chart_template_id" ref="account_chart_template_full"/>
    </record>
    <record id="pgc_full_921_child" model="account.account.template">
        <field name="code">921</field>
        <field name="reconcile" eval="False"/>
        <field name="name">Transferencia de diferencias de conversión negativas</field>
        <field name="user_type_id" ref="account_type_ingresos_neto"/>
        <field name="chart_template_id" ref="account_chart_template_full"/>
    </record>
    <record id="pgc_full_940_child" model="account.account.template">
        <field name="code">940</field>
        <field name="reconcile" eval="False"/>
        <field name="name">Ingresos de subvenciones oficiales de capital</field>
        <field name="user_type_id" ref="account_type_ingresos_neto"/>
        <field name="chart_template_id" ref="account_chart_template_full"/>
    </record>
    <record id="pgc_full_941_child" model="account.account.template">
        <field name="code">941</field>
        <field name="reconcile" eval="False"/>
        <field name="name">Ingresos de donaciones y legados de capital</field>
        <field name="user_type_id" ref="account_type_ingresos_neto"/>
        <field name="chart_template_id" ref="account_chart_template_full"/>
    </record>
    <record id="pgc_full_942_child" model="account.account.template">
        <field name="code">942</field>
        <field name="reconcile" eval="False"/>
        <field name="name">Ingresos de otras subvenciones, donaciones y legados</field>
        <field name="user_type_id" ref="account_type_ingresos_neto"/>
        <field name="chart_template_id" ref="account_chart_template_full"/>
    </record>
    <record id="pgc_full_950_child" model="account.account.template">
        <field name="code">950</field>
        <field name="reconcile" eval="False"/>
        <field name="name">Ganancias actuariales</field>
        <field name="user_type_id" ref="account_type_ingresos_neto"/>
        <field name="chart_template_id" ref="account_chart_template_full"/>
    </record>
    <record id="pgc_full_951_child" model="account.account.template">
        <field name="code">951</field>
        <field name="reconcile" eval="False"/>
        <field name="name">Ajustes positivos en activos por retribuciones a largo plazo de prestación definida</field>
        <field name="user_type_id" ref="account_type_ingresos_neto"/>
        <field name="chart_template_id" ref="account_chart_template_full"/>
    </record>
    <record id="pgc_full_960_child" model="account.account.template">
        <field name="code">960</field>
        <field name="reconcile" eval="False"/>
        <field name="name">Beneficios en activos no corrientes y grupos enajenables de elementos mantenidos para la venta</field>
        <field name="user_type_id" ref="account_type_ingresos_neto"/>
        <field name="chart_template_id" ref="account_chart_template_full"/>
    </record>
    <record id="pgc_full_962_child" model="account.account.template">
        <field name="code">962</field>
        <field name="reconcile" eval="False"/>
        <field name="name">Transferencia de pérdidas en activos no corrientes y grupos enajenables de elementos mantenidos para la venta</field>
        <field name="user_type_id" ref="account_type_ingresos_neto"/>
        <field name="chart_template_id" ref="account_chart_template_full"/>
    </record>
    <record id="pgc_full_991_child" model="account.account.template">
        <field name="code">991</field>
        <field name="reconcile" eval="False"/>
        <field name="name">Recuperación de ajustes valorativos negativos previos, empresas del grupo</field>
        <field name="user_type_id" ref="account_type_ingresos_neto"/>
        <field name="chart_template_id" ref="account_chart_template_full"/>
    </record>
    <record id="pgc_full_992_child" model="account.account.template">
        <field name="code">992</field>
        <field name="reconcile" eval="False"/>
        <field name="name">Recuperación de ajustes valorativos negativos previos, empresas asociadas</field>
        <field name="user_type_id" ref="account_type_ingresos_neto"/>
        <field name="chart_template_id" ref="account_chart_template_full"/>
    </record>
    <record id="pgc_full_993_child" model="account.account.template">
        <field name="code">993</field>
        <field name="reconcile" eval="False"/>
        <field name="name">Transferencia por deterioro de ajustes valorativos negativos previos, empresas del grupo</field>
        <field name="user_type_id" ref="account_type_ingresos_neto"/>
        <field name="chart_template_id" ref="account_chart_template_full"/>
    </record>
    <record id="pgc_full_994_child" model="account.account.template">
        <field name="code">994</field>
        <field name="reconcile" eval="False"/>
        <field name="name">Transferencia por deterioro de ajustes valorativos negativos previos, empresas asociadas</field>
        <field name="user_type_id" ref="account_type_ingresos_neto"/>
        <field name="chart_template_id" ref="account_chart_template_full"/>
    </record>
</odoo>
