<?xml version="1.0" encoding="utf-8" ?>
<!-- Copyright 2016 Antonio Espinosa
     Copyright 2019 Tecnativa - Pedro M. Baeza
     License AGPL-3.0 or later (http://www.gnu.org/licenses/agpl). -->
<odoo>
    <record id="aeat_mod216_map" model="l10n.es.aeat.map.tax">
        <field name="model">216</field>
    </record>
    <record id="aeat_mod216_map_line_02" model="l10n.es.aeat.map.tax.line">
        <field name="map_parent_id" ref="aeat_mod216_map" />
        <field name="field_number">02</field>
        <field name="name">Sometidas a retención - Base ret. ing. cuenta</field>
        <field name="field_type">base</field>
        <field name="sum_type">both</field>
        <field name="inverse" eval="True" />
        <field
            name="tax_ids"
            eval="[(6, False, [ref('l10n_es.account_tax_template_p_irpfnrnue24p'),ref('l10n_es.account_tax_template_p_irpfnrue19p'),ref('l10n_es.account_tax_template_p_irpfnrnue0p'),ref('l10n_es.account_tax_template_p_irpfnrue0p')])]"
        />
    </record>
    <record id="aeat_mod216_map_line_03" model="l10n.es.aeat.map.tax.line">
        <field name="map_parent_id" ref="aeat_mod216_map" />
        <field name="field_number">03</field>
        <field name="name">Sometidas a retención - Retenciones ingresos a cuenta</field>
        <field name="field_type">amount</field>
        <field name="sum_type">both</field>
        <field name="inverse" eval="False" />
        <field
            name="tax_ids"
            eval="[(6, False, [ref('l10n_es.account_tax_template_p_irpfnrnue24p'),ref('l10n_es.account_tax_template_p_irpfnrue19p'),ref('l10n_es.account_tax_template_p_irpfnrnue0p'),ref('l10n_es.account_tax_template_p_irpfnrue0p')])]"
        />
    </record>
</odoo>
