id,name,model_id:id,group_id:id,perm_read,perm_write,perm_create,perm_unlink
access_aged_partner_balance_report_wizard,access_aged_partner_balance_report_wizard,model_aged_partner_balance_report_wizard,base.group_user,1,1,1,1
access_general_ledger_report_wizard,access_general_ledger_report_wizard,model_general_ledger_report_wizard,base.group_user,1,1,1,1
access_journal_ledger_report_wizard,access_journal_ledger_report_wizard,model_journal_ledger_report_wizard,base.group_user,1,1,1,1
access_open_items_report_wizard,access_open_items_report_wizard,model_open_items_report_wizard,base.group_user,1,1,1,1
access_trial_balance_report_wizard,access_trial_balance_report_wizard,model_trial_balance_report_wizard,base.group_user,1,1,1,1
access_vat_report_wizard,access_vat_report_wizard,model_vat_report_wizard,base.group_user,1,1,1,1
access_account_age_report_configuration,access_account_age_report_configuration,model_account_age_report_configuration,base.group_user,1,1,1,1
access_account_age_report_configuration_line,access_account_age_report_configuration_line,model_account_age_report_configuration_line,base.group_user,1,1,1,1
