<?xml version="1.0" encoding="utf-8" ?>
<!-- Copyright 2019 ADHOC SA
     License AGPL-3.0 or later (https://www.gnu.org/licenses/agpl). -->
<odoo>
    <record model="ir.model.access" id="mis_cash_flow_access_name">
        <field name="name">mis.cash_flow</field>
        <field name="model_id" ref="model_mis_cash_flow" />
        <field name="group_id" ref="base.group_user" />
        <field name="perm_read" eval="1" />
        <field name="perm_create" eval="0" />
        <field name="perm_write" eval="0" />
        <field name="perm_unlink" eval="0" />
    </record>
    <record model="ir.model.access" id="mis_cash_flow_forecast_line_access_name">
        <field name="name">mis.cash_flow.forecast_line</field>
        <field name="model_id" ref="model_mis_cash_flow_forecast_line" />
        <field name="group_id" ref="base.group_user" />
        <field name="perm_read" eval="1" />
        <field name="perm_create" eval="1" />
        <field name="perm_write" eval="1" />
        <field name="perm_unlink" eval="1" />
    </record>
</odoo>
