<?xml version="1.0" encoding="utf-8" ?>
<odoo>
    <!-- Tipo registro 1 – Registro de declarante: -->
    <record id="aeat_mod349_main_export_config" model="aeat.model.export.config">
        <field name="name">Mod. 349 2016-actualidad</field>
        <field name="model_number">349</field>
        <field
            name="model_id"
            ref="l10n_es_aeat_mod349.model_l10n_es_aeat_mod349_report"
        />
        <field name="date_start">2016-01-01</field>
    </record>
    <!--          Posiciones  Naturaleza      Descripción-->
    <!--          1           Numérico        Tipo de Registro      Constante = '1'-->
    <record id="aeat_mod349_main_export_line_01" model="aeat.model.export.config.line">
        <field name="sequence">1</field>
        <field name="export_config_id" ref="aeat_mod349_main_export_config" />
        <field name="name">Constante: 1</field>
        <field name="fixed_value">1</field>
        <field name="export_type">string</field>
        <field name="size">1</field>
        <field name="alignment">left</field>
    </record>
    <!--          2-4         Numérico        Modelo Declaración    Constante = '349'-->
    <record id="aeat_mod349_main_export_line_02" model="aeat.model.export.config.line">
        <field name="sequence">2</field>
        <field name="export_config_id" ref="aeat_mod349_main_export_config" />
        <field name="name">Modelo: 349</field>
        <field name="fixed_value">349</field>
        <field name="export_type">string</field>
        <field name="size">3</field>
        <field name="alignment">left</field>
    </record>
    <!--          5-8         Numérico        Ejercicio-->
    <record id="aeat_mod349_main_export_line_03" model="aeat.model.export.config.line">
        <field name="sequence">3</field>
        <field name="export_config_id" ref="aeat_mod349_main_export_config" />
        <field name="name">Ejercicio</field>
        <field name="expression">${object.year}</field>
        <field name="export_type">string</field>
        <field name="size">4</field>
        <field name="alignment">left</field>
    </record>
    <!--          9-17        Alfanumérico    NIF del declarante-->
    <record id="aeat_mod349_main_export_line_04" model="aeat.model.export.config.line">
        <field name="sequence">4</field>
        <field name="export_config_id" ref="aeat_mod349_main_export_config" />
        <field name="name">Identificación: NIF</field>
        <field name="expression">${object.company_vat}</field>
        <field name="export_type">string</field>
        <field name="size">9</field>
        <field name="alignment">left</field>
    </record>
    <!--          18-57       Alfanumérico    Apellidos y nombre o razón social del-->
    <!--                                      declarante-->
    <record id="aeat_mod349_main_export_line_05" model="aeat.model.export.config.line">
        <field name="sequence">5</field>
        <field name="export_config_id" ref="aeat_mod349_main_export_config" />
        <field name="name">Apellidos y nombre o razón social del declarante</field>
        <field name="expression">${object.company_id.name}</field>
        <field name="export_type">string</field>
        <field name="size">40</field>
        <field name="alignment">left</field>
    </record>
    <!--          58          Alfabético      Tipo de soporte-->
    <record id="aeat_mod349_main_export_line_06" model="aeat.model.export.config.line">
        <field name="sequence">6</field>
        <field name="export_config_id" ref="aeat_mod349_main_export_config" />
        <field name="name">Tipo de soporte</field>
        <field name="expression">${object.support_type}</field>
        <field name="export_type">string</field>
        <field name="size">1</field>
        <field name="alignment">left</field>
    </record>
    <!--          59-67       Numérico (9)    Teléfono contacto-->
    <record id="aeat_mod349_main_export_line_07" model="aeat.model.export.config.line">
        <field name="sequence">7</field>
        <field name="export_config_id" ref="aeat_mod349_main_export_config" />
        <field name="name">Teléfono contacto</field>
        <field name="expression">${object.contact_phone}</field>
        <field name="export_type">string</field>
        <field name="size">9</field>
        <field name="alignment">left</field>
    </record>
    <!--          68-107      Alfabético      Apellidos y nombre contacto-->
    <record id="aeat_mod349_main_export_line_08" model="aeat.model.export.config.line">
        <field name="sequence">8</field>
        <field name="export_config_id" ref="aeat_mod349_main_export_config" />
        <field name="name">Persona de contacto (Apellidos y nombre)</field>
        <field name="expression">${object.contact_name}</field>
        <field name="export_type">string</field>
        <field name="size">40</field>
        <field name="alignment">left</field>
    </record>
    <!--          108-120     Numérico        Número identificativo de la declaración-->
    <record id="aeat_mod349_main_export_line_09" model="aeat.model.export.config.line">
        <field name="sequence">9</field>
        <field name="export_config_id" ref="aeat_mod349_main_export_config" />
        <field name="name">Número identificativo de la declaración</field>
        <field name="expression">${object.name}</field>
        <field name="export_type">string</field>
        <field name="size">13</field>
        <field name="alignment">left</field>
    </record>
    <!--          121-122     Alfabético      Declaración complementaria o-->
    <!--                                      substitutiva-->
    <record id="aeat_mod349_main_export_line_10" model="aeat.model.export.config.line">
        <field name="sequence">10</field>
        <field name="export_config_id" ref="aeat_mod349_main_export_config" />
        <field name="name">Declaración complementaria o substitutiva</field>
        <field name="expression">${object.statement_type.replace('N', ' ')}</field>
        <field name="export_type">string</field>
        <field name="size">2</field>
        <field name="alignment">left</field>
    </record>
    <!--          123-135     Numérico        Número identificativo de la declaración-->
    <!--                                      anterior-->
    <record id="aeat_mod349_main_export_line_11" model="aeat.model.export.config.line">
        <field name="sequence">11</field>
        <field name="export_config_id" ref="aeat_mod349_main_export_config" />
        <field name="name">Número identificativo de la declaración anterior</field>
        <field name="expression">${object.previous_number}</field>
        <field name="export_type">integer</field>
        <field name="size">13</field>
        <field name="apply_sign" eval="False" />
        <field name="alignment">left</field>
    </record>
    <!--          136-137     Alfanumérico    Período-->
    <record id="aeat_mod349_main_export_line_12" model="aeat.model.export.config.line">
        <field name="sequence">12</field>
        <field name="export_config_id" ref="aeat_mod349_main_export_config" />
        <field name="name">Período</field>
        <field name="expression">${object.period_type}</field>
        <field name="export_type">string</field>
        <field name="size">2</field>
        <field name="alignment">left</field>
    </record>
    <!--          138-146     Numérico        Número total de operadores-->
    <!--                                      intracomunitarios-->
    <record id="aeat_mod349_main_export_line_13" model="aeat.model.export.config.line">
        <field name="sequence">13</field>
        <field name="export_config_id" ref="aeat_mod349_main_export_config" />
        <field name="name">Número total de operadores intracomunitarios</field>
        <field name="expression">${object.total_partner_records}</field>
        <field name="export_type">integer</field>
        <field name="apply_sign" eval="False" />
        <field name="size">9</field>
        <field name="alignment">right</field>
    </record>
    <!--          147-161     Numérico        Importe de las operaciones-->
    <!--                                      intracomunitarias-->
    <record id="aeat_mod349_main_export_line_14" model="aeat.model.export.config.line">
        <field name="sequence">14</field>
        <field name="export_config_id" ref="aeat_mod349_main_export_config" />
        <field name="name">Importe total de las operaciones intracomunitarias</field>
        <field name="expression">${object.total_partner_records_amount}</field>
        <field name="export_type">float</field>
        <field name="apply_sign" eval="False" />
        <field name="size">15</field>
        <field name="decimal_size">2</field>
        <field name="alignment">right</field>
    </record>
    <!--          162-170     Numérico        Número total de operadores-->
    <!--                                      intracomunitarios con rectificaciones-->
    <record id="aeat_mod349_main_export_line_15" model="aeat.model.export.config.line">
        <field name="sequence">15</field>
        <field name="export_config_id" ref="aeat_mod349_main_export_config" />
        <field
            name="name"
        >Número total de operadores intracomunitarios con rectificaciones</field>
        <field name="expression">${object.total_partner_refunds}</field>
        <field name="export_type">integer</field>
        <field name="apply_sign" eval="False" />
        <field name="size">9</field>
        <field name="alignment">right</field>
    </record>
    <!--          171-185     Numérico        Importe total de las rectificaciones-->
    <record id="aeat_mod349_main_export_line_16" model="aeat.model.export.config.line">
        <field name="sequence">16</field>
        <field name="export_config_id" ref="aeat_mod349_main_export_config" />
        <field name="name">Importe total de las rectificaciones</field>
        <field name="expression">${object.total_partner_refunds_amount}</field>
        <field name="export_type">float</field>
        <field name="apply_sign" eval="False" />
        <field name="size">15</field>
        <field name="decimal_size">2</field>
        <field name="alignment">right</field>
    </record>
    <!--          186         Alfabético      Indicador cambio periodicidad en la-->
    <!--                                      obligación a declarar (X o '')-->
    <record id="aeat_mod349_main_export_line_17" model="aeat.model.export.config.line">
        <field name="sequence">17</field>
        <field name="export_config_id" ref="aeat_mod349_main_export_config" />
        <field
            name="name"
        >Indicador cambio periodicidad en la obligación a declarar</field>
        <field name="fixed_value" />
        <field name="size">1</field>
        <field name="alignment">left</field>
    </record>
    <!--          187-390     Blancos         -->
    <record id="aeat_mod349_main_export_line_18" model="aeat.model.export.config.line">
        <field name="sequence">18</field>
        <field name="export_config_id" ref="aeat_mod349_main_export_config" />
        <field name="name">Blancos</field>
        <field name="fixed_value" />
        <field name="export_type">string</field>
        <field name="size">204</field>
        <field name="alignment">left</field>
    </record>
    <!--          391-399     Alfanumérico    NIF del representante legal-->
    <record id="aeat_mod349_main_export_line_19" model="aeat.model.export.config.line">
        <field name="sequence">19</field>
        <field name="export_config_id" ref="aeat_mod349_main_export_config" />
        <field name="name">NIF del representante legal</field>
        <field name="expression">${object.representative_vat}</field>
        <field name="export_type">string</field>
        <field name="size">9</field>
        <field name="alignment">left</field>
    </record>
    <!--          400-487     Blancos         -->
    <record id="aeat_mod349_main_export_line_20" model="aeat.model.export.config.line">
        <field name="sequence">20</field>
        <field name="export_config_id" ref="aeat_mod349_main_export_config" />
        <field name="name">Blancos</field>
        <field name="fixed_value" />
        <field name="export_type">string</field>
        <field name="size">88</field>
        <field name="alignment">left</field>
    </record>
    <!--          488-500     Sello electrónico-->
    <record id="aeat_mod349_main_export_line_21" model="aeat.model.export.config.line">
        <field name="sequence">21</field>
        <field name="export_config_id" ref="aeat_mod349_main_export_config" />
        <field name="name">Sello electrónico (en blanco)</field>
        <field name="fixed_value" />
        <field name="export_type">string</field>
        <field name="size">13</field>
        <field name="alignment">left</field>
    </record>
    <!-- Tipo registro 2: -->
    <record id="aeat_mod349_main_export_line_22" model="aeat.model.export.config.line">
        <field name="sequence">22</field>
        <field name="export_config_id" ref="aeat_mod349_main_export_config" />
        <field
            name="name"
        >Exportación modelo 349 - Tipo de Registro 2 – Registro de cliente</field>
        <field name="subconfig_id" ref="aeat_mod349_partner_export_config" />
        <field name="export_type">subconfig</field>
        <field name="repeat_expression">object.partner_record_ids</field>
    </record>
    <!-- Tipo registro 2: -->
    <record id="aeat_mod349_main_export_line_23" model="aeat.model.export.config.line">
        <field name="sequence">23</field>
        <field name="export_config_id" ref="aeat_mod349_main_export_config" />
        <field
            name="name"
        >Exportación modelo 349 - Tipo de Registro 2 – Registro de abono cliente</field>
        <field name="subconfig_id" ref="aeat_mod349_partner_refund_export_config" />
        <field name="export_type">subconfig</field>
        <field name="repeat_expression">object.partner_refund_ids</field>
    </record>
</odoo>
